class,AAA,ACAd,ACAv,ACB,ACVII,AD,ADP,AHN,AId,AIp,AIv,AM,AMB,AN,AOB,AON,AP,APN,APr,AQ,ARH,ASO,AT,AUDd,AUDp,AUDpo,AUDv,AV,AVP,AVPV,Acs5,B,BA,BAC,BLA,BMA,BST,CA1,CA2,CA3,CB-unassigned,CEA,CENT,CL,CLA,CLI,CM,COAa,COAp,COPY,CP,CS,CTXsp-unassigned,CU,CUL,CUN,DCO,DEC,DG,DMH,DMX,DN,DP,DR,DT,DTN,ECT,ECU,ENTl,ENTm,EPd,EPv,EW,Eth,FC,FL,FN,FOTU,FRP,FS,GPe,GPi,GR,GRN,GU,HATA,HPF-unassigned,HY-unassigned,I5,IA,IAD,IAM,IC,ICB,IF,IG,IGL,III,IIIn,IIn,ILA,IMD,IO,IP,IPN,IRN,ISN,IV,IVn,In,IntG,LA,LAV,LC,LD,LDT,LGd,LGv,LH,LHA,LIN,LING,LM,LP,LPO,LRN,LSc,LSr,LSv,LT,MA,MA3,MARN,MB-unassigned,MD,MDRN,ME,MEA,MEPO,MG,MH,MM,MOB,MOp,MOs,MPN,MPO,MPT,MRN,MS,MT,MV,MY-unassigned,NB,NDB,NI,NLL,NLOT,NOD,NOT,NPC,NR,NTB,NTS,OLF-unassigned,OP,ORBl,ORBm,ORBvl,OT,OV,P-unassigned,P5,PA,PAA,PAG,PAL-unassigned,PAR,PARN,PAS,PB,PBG,PC5,PCG,PCN,PD,PDTg,PERI,PF,PFL,PG,PGRNd,PGRNl,PH,PIL,PIR,PL,PMd,PMv,PN,PO,POL,POST,PP,PPN,PPT,PPY,PR,PRE,PRM,PRNc,PRNr,PRP,PS,PST,PSTN,PSV,PT,PVH,PVHd,PVT,PVa,PVi,PVp,PVpo,PYR,Pa4,Pa5,PeF,PoT,ProS,RCH,RE,RH,RL,RM,RN,RO,RPA,RPF,RPO,RR,RSPagl,RSPd,RSPv,RT,SAG,SBPV,SCH,SCO,SCm,SCs,SEZ,SF,SFO,SG,SGN,SH,SI,SIM,SLC,SLD,SMT,SNc,SNr,SO,SOC,SPA,SPFm,SPFp,SPIV,SPVC,SPVI,SPVO,SSp-bfd,SSp-ll,SSp-m,SSp-n,SSp-tr,SSp-ul,SSp-un,SSs,STN,STR-unassigned,SUB,SUM,SUT,SUV,SubG,TEa,TH-unassigned,TMd,TMv,TR,TRN,TRS,TT,TU,UVU,V,V3-unassigned,V4-unassigned,V4r,VAL,VCO,VI,VII,VIIIn,VIIn,VISC,VISa,VISal,VISam,VISl,VISli,VISp,VISpl,VISpm,VISpor,VISrl,VL-unassigned,VLPO,VM,VMH,VMPO,VPL,VPLpc,VPM,VPMpc,VTA,VTN,VeCB,Vn,XII,Xi,Xn,ZI,arb,brain-unassigned,cbc,cbp,cc,chpl,cst,drt,epsc,fiber tracts-unassigned,lfbst,mfbc,mfsbshy,rust,scwm-unassigned,tsp,von,x,y
01 IT-ET Glut,152,8087,9370,66,0,0,0,0,7975,4344,3046,0,0,0,271,21725,0,0,1326,0,0,0,0,4229,7023,2325,4442,0,0,0,0,0,1,0,4107,1896,25,38945,1040,16463,0,724,1,0,1388,0,1,661,5329,0,838,0,676,0,0,0,0,0,1635,0,0,0,844,0,0,0,4092,0,12155,14711,5277,1154,0,0,359,0,0,0,3347,32,0,0,0,0,4512,904,550,10,0,434,0,0,0,0,0,205,0,0,0,16,2475,0,0,0,0,0,0,0,0,1440,0,3260,1,0,0,0,18,0,0,16,0,0,0,1,0,0,0,0,1,0,0,0,0,1,0,0,0,2498,1,0,0,0,728,31678,37200,0,1,0,0,0,0,1,0,0,0,0,0,652,0,1,0,0,0,0,2683,0,6558,3492,4852,169,0,0,0,3085,1890,0,8,3586,0,0,0,0,0,0,0,0,0,1114,0,0,0,0,0,0,0,33218,5659,0,0,0,0,0,5057,0,0,0,0,0,8064,0,0,0,0,0,0,0,0,0,1,0,0,0,0,0,0,0,0,0,0,0,3639,0,0,0,0,0,0,0,0,0,0,0,8251,16308,37833,0,0,0,0,0,0,190,0,0,0,0,0,0,8,0,0,0,0,0,36,0,0,0,0,0,0,0,0,0,29884,9235,23518,15973,5438,14625,5755,32284,0,945,5820,0,0,0,0,9194,0,0,0,1275,0,0,2776,0,0,0,16,0,0,0,1,0,0,0,0,5165,4783,3330,2459,4954,2201,36235,1876,4189,3760,4085,66,0,0,0,0,0,0,0,0,0,0,0,1,0,0,0,0,1,229,0,0,1879,39,103,0,0,116,2,1167,1,0,712,0,0,0,0
02 NP-CT-L6b Glut,0,3603,2791,14,0,1,0,1,2564,1585,928,2,0,14,3,174,0,1,12,0,0,0,0,1101,1826,566,1211,1,0,0,0,0,0,0,18,3,0,793,2,46,5,1,11,0,402,0,0,2,8,0,310,1,69,0,8,0,2,3,24,0,0,1,322,0,0,0,1275,0,6459,3963,1240,95,0,0,3,4,2,1,878,0,1,2,0,2,1574,252,728,2,0,1,0,0,9,0,0,3,1,0,0,11,1496,0,2,3,1,2,0,0,0,60,0,177,0,0,8,0,8,10,0,1,0,0,1,4,0,0,0,0,0,0,0,0,2,12,1,0,2,3,0,1,3,1,53,9588,9289,0,0,0,5,0,0,3,73,0,1,0,0,0,2,1,0,0,0,0,676,0,2472,2022,1963,4,0,25,0,86,2,1,4,16,3,0,2,0,0,0,0,0,0,220,0,9,2,0,1,0,0,85,3397,0,1,0,0,0,791,0,1,0,0,0,368,2,2,3,0,0,0,0,3,0,0,0,1,0,0,0,0,0,0,0,0,0,935,0,1,0,1,0,0,0,2,0,0,1,1476,2431,4245,3,0,0,0,0,9,9,0,1,0,0,1,0,2,11,0,0,1,1,0,0,1,0,0,0,2,0,1,0,5469,2335,5703,3509,819,4046,1414,8161,0,35,5446,0,0,0,0,2557,1,0,0,64,1,0,121,1,5,0,6,5,8,1,70,0,3,29,0,2263,821,472,495,1179,333,8625,284,689,1013,857,21,0,1,0,0,0,0,1,0,0,0,0,4,0,0,0,1,10,83,0,7,3509,20,30,0,0,15,6,3298,0,3,4598,0,0,0,0
03 OB-CR Glut,0,11,20,2,0,0,0,0,2,4,2,1,0,0,1282,104,0,0,8,0,1,0,0,0,3,0,2,0,0,0,0,0,2,0,1,2,0,187,18,98,0,1,1,0,0,0,0,29,113,0,0,0,0,0,0,0,0,0,1810,0,0,0,6,0,0,0,5,0,46,242,2,0,0,0,6,0,0,0,97,0,0,0,0,0,1,90,30,3,0,0,0,0,0,0,0,13,0,0,0,8,11,0,0,0,0,0,0,0,0,689,0,0,0,0,4,0,0,0,0,2,0,0,0,3,0,0,0,0,0,0,0,0,0,2,0,0,0,51,0,6,5,0,24281,8,22,0,1,0,0,0,0,0,0,0,1,0,0,3,0,0,0,0,0,0,851,0,26,29,30,32,0,0,0,33,8,2,6,39,0,0,0,0,0,0,0,0,0,1,0,0,0,0,0,0,0,53,13,0,0,0,0,0,15,0,0,0,0,0,61,0,0,0,0,0,0,0,0,0,0,0,0,0,0,0,0,0,0,0,0,0,28,0,0,0,0,0,0,0,0,0,0,0,6,10,28,0,0,0,0,0,0,1,0,0,0,0,0,0,0,1,0,0,0,0,0,0,0,0,0,0,0,0,0,0,2,1,0,3,2,0,1,1,0,8,45,0,0,0,0,4,1,0,0,25,0,0,44,0,0,0,10,1,0,0,0,0,0,1,0,0,0,1,1,0,0,5,3,3,5,0,0,0,0,0,0,0,0,0,0,0,0,0,2,0,0,0,1,0,126,0,0,1,5,0,0,0,9,0,2,2,0,0,0,6,0,0
04 DG-IMN Glut,0,0,3,0,0,0,0,0,1,8,0,0,0,2,1,3,0,1,0,0,0,0,0,0,0,0,0,1,0,0,0,0,0,0,9,7,0,22,13,1606,0,0,0,0,2,0,0,0,3,0,24,0,14,0,0,0,0,0,56869,0,0,0,2,0,0,0,0,0,14,3,75,65,0,0,0,0,0,0,0,0,0,0,0,0,0,23,101,1,0,1,0,0,0,0,0,2,0,0,0,9,1,0,0,0,0,0,0,0,0,0,0,2,0,0,1,0,4,0,0,26,0,0,0,5,0,0,0,0,0,0,0,0,0,0,0,0,0,164,0,3,0,0,0,1,3,0,0,0,0,0,0,0,0,0,0,0,0,0,0,0,0,0,0,0,28,0,0,2,0,1,0,0,0,94,17,1,1,1,0,0,0,0,0,0,0,0,0,0,0,0,0,0,0,0,0,667,0,0,0,0,0,0,1,0,0,0,0,0,2,0,0,0,0,0,0,0,0,0,0,0,0,0,0,0,0,0,0,0,0,0,4,0,1,0,0,0,0,0,0,0,1,0,0,0,2,0,0,0,0,0,0,0,5,0,0,0,0,0,0,0,0,0,0,0,1,0,0,0,0,0,0,0,0,0,1,2,1,0,0,1,0,1,0,7,6,0,0,0,0,2,0,0,1,21,0,0,3,0,0,0,57,0,0,0,0,0,0,0,0,5,0,0,0,0,0,1,0,0,0,0,25,0,0,0,0,0,0,0,0,0,0,0,0,0,0,0,0,2,116,0,0,139,2,110,0,0,106,2,80,2,0,3,0,0,0,0
05 OB-IMN GABA,4,4,10,296,0,0,0,0,7,6,12,0,0,0,6438,4703,0,0,0,1,0,0,0,1,3,0,1,0,0,0,0,0,0,0,5,1,7,20,4,43,0,4,0,0,1,0,0,2,1,0,3094,0,6,0,0,1,0,0,83,0,0,0,25,0,0,0,0,0,9,1,32,6,0,0,0,0,0,0,282,2,0,0,0,0,0,0,7,0,0,2,0,0,0,0,0,1,0,0,0,2,6,0,0,0,0,0,0,0,0,8814,0,45,0,0,0,0,0,0,0,1,0,0,0,0,0,0,2,99,252,0,0,0,0,0,0,0,0,4,0,0,0,0,227936,8,9,0,0,0,0,0,0,0,1,0,0,0,0,1,0,0,0,0,0,0,6687,0,142,95,152,29,0,0,0,1,0,0,3,0,0,0,0,0,0,0,0,0,0,0,0,1,0,0,0,0,0,134,46,0,0,0,0,0,0,0,0,0,0,0,0,0,0,0,0,0,0,0,0,0,0,0,0,0,0,0,0,0,0,0,0,0,22,0,0,0,0,0,0,0,0,0,0,0,0,0,4,0,0,0,0,0,0,0,620,1,0,0,0,0,16,0,0,0,0,0,0,0,0,0,0,0,0,0,0,0,4,2,1,0,1,7,1,6,0,185,28,0,0,0,0,0,0,0,0,0,0,2,254,0,0,0,0,0,0,0,0,0,0,0,0,0,0,1,0,1,0,5,2,0,1,0,1681,0,0,0,0,0,0,0,0,0,0,0,0,0,0,0,0,0,19,0,1,3359,50,2,0,0,2,10,250,0,0,24,1,72,0,0
06 CTX-CGE GABA,45,764,700,15,0,0,0,0,542,428,221,0,0,0,2,495,0,1,72,0,0,0,0,264,435,146,251,0,0,0,0,1,8,1,382,232,15,1383,74,704,0,35,0,0,55,0,0,171,387,0,152,0,42,0,0,0,0,0,463,0,0,0,102,0,0,0,282,0,1126,793,203,150,0,0,14,0,0,0,247,9,3,1,0,0,344,127,53,4,0,22,0,0,1,0,0,26,0,0,0,10,179,0,0,0,0,0,0,0,0,98,0,111,0,0,0,0,0,1,0,4,0,0,0,0,3,0,4,8,2,0,3,0,0,2,0,0,0,207,0,0,0,0,117,2644,3477,0,0,0,0,2,0,1,0,0,6,0,0,40,0,0,0,0,0,0,244,0,463,280,248,75,0,0,0,273,182,0,16,198,0,0,0,0,0,1,0,0,0,144,0,0,0,0,0,0,0,1445,543,0,0,0,0,0,230,0,0,0,0,3,265,0,0,0,0,0,0,0,0,0,0,1,0,0,0,0,1,0,0,0,0,0,234,0,1,0,0,0,0,0,0,0,0,0,567,889,1282,8,0,0,0,0,3,14,1,2,0,0,0,1,29,0,0,0,0,0,1,0,0,0,0,0,0,0,0,0,1566,609,1144,755,366,1002,382,2020,0,73,262,0,0,0,0,569,0,0,1,255,0,2,184,0,0,0,3,0,0,0,0,0,0,0,0,462,294,225,189,297,142,1747,171,258,285,238,10,0,0,0,0,0,0,0,0,0,0,0,0,0,0,0,1,0,51,0,0,406,6,8,0,0,17,0,327,0,0,166,0,0,0,0
07 CTX-MGE GABA,22,1461,1143,24,0,0,0,0,1217,871,456,0,0,0,4,998,0,0,55,0,0,0,0,561,943,348,628,0,0,0,0,0,1,0,631,426,10,2718,143,1871,0,104,0,0,105,0,0,96,363,0,124,0,137,0,0,0,0,0,1120,0,0,0,177,0,0,0,672,0,2660,1651,850,367,0,0,21,0,0,0,541,9,2,0,0,0,687,151,194,3,0,41,0,0,0,0,0,17,0,0,0,7,444,0,0,0,0,0,0,0,0,66,0,148,0,0,0,0,4,2,0,1,0,0,0,1,1,0,1,2,1,0,1,0,0,2,0,0,0,192,2,0,1,0,28,4512,5252,0,1,0,0,0,0,0,0,0,3,0,0,11,0,1,0,0,0,0,442,0,1123,609,790,18,0,0,0,519,125,0,3,203,1,0,0,0,0,0,0,0,0,247,0,0,0,0,0,0,0,2216,997,0,0,0,0,0,398,0,0,0,0,0,339,0,0,0,0,0,0,0,0,0,0,0,0,0,0,0,0,0,0,0,0,0,631,0,0,0,0,0,0,0,0,0,0,0,913,1512,1855,0,0,0,0,0,0,7,1,1,0,0,0,0,18,0,0,0,0,0,5,0,0,0,0,0,0,0,0,0,2890,1149,2732,1592,578,1964,674,4146,0,69,903,0,0,0,0,1289,0,0,0,340,0,0,177,0,0,0,4,0,0,0,0,0,0,0,0,916,496,374,299,512,267,3232,288,462,541,448,22,1,0,0,0,0,0,0,0,0,0,0,0,0,0,0,1,0,92,0,0,711,11,65,0,0,25,0,675,1,0,298,0,0,0,0
08 CNU-MGE GABA,308,40,28,1336,0,0,33,7,58,48,23,0,0,0,4,102,0,0,0,0,0,0,0,12,27,4,14,0,96,166,0,0,0,2,48,58,327,29,0,1,0,289,0,0,17,0,0,5,4,0,5967,0,24,0,0,0,0,0,0,0,0,0,6,0,0,0,25,0,64,6,76,51,0,0,0,0,0,0,7,182,1594,33,0,0,27,1,6,392,0,17,0,0,0,0,0,1,0,0,0,4,26,0,0,0,1,0,0,0,0,27,0,36,0,0,0,0,0,0,0,150,0,0,0,0,396,0,0,100,44,0,565,0,0,1,0,0,0,134,8,0,0,0,10,128,99,4,284,0,0,1343,0,0,0,0,1958,0,0,13,0,0,1,0,0,0,159,0,33,16,16,430,9,1,0,3,0,0,440,0,0,0,2,0,0,0,0,0,0,12,0,0,0,0,0,1,0,114,45,0,0,0,0,0,1,0,1,0,0,0,0,0,0,0,0,42,0,0,0,0,1,0,0,0,0,0,0,0,0,0,1,0,4,0,0,0,0,0,0,0,0,0,0,0,15,16,15,1,0,0,0,0,0,0,3,23,0,0,0,0,1632,0,0,0,1,0,1,10,0,0,0,0,0,0,0,0,48,18,62,36,9,38,18,115,0,1104,10,0,0,0,0,27,1,0,0,12,0,2,7,0,0,0,1,0,0,0,0,0,0,0,0,30,7,7,6,3,3,37,8,6,7,5,35,73,1,0,1,0,0,0,0,0,0,0,0,1,0,0,1,0,39,0,0,175,3,242,0,2,27,0,86,7,0,67,0,0,0,0
09 CNU-LGE GABA,240,0,2,35781,0,0,22,1,37,34,31,0,0,0,13,941,0,0,0,0,0,0,0,1,1,0,1,0,3,2,0,0,1,0,640,702,983,1,0,24,0,2288,0,0,50,0,0,37,2,0,155728,0,579,0,0,0,0,0,0,1,0,0,3,0,0,0,16,0,2,0,318,758,0,0,0,1,0,0,1,1336,895,9,0,0,12,1,0,228,0,169,0,0,4,0,0,0,0,0,0,4,1,0,0,0,0,0,0,0,0,434,0,808,0,0,0,0,0,1,0,22,0,0,0,0,70,1,0,249,386,0,132,0,0,2,0,0,0,381,8,0,0,0,482,9,6,2,7,0,0,4,0,0,0,0,220,0,0,23,0,0,0,0,0,0,1378,0,39,4,3,27453,0,0,0,5,11,1,1010,1,0,0,0,0,0,0,0,0,0,1,0,0,0,0,0,1,0,895,4,0,0,0,0,0,0,0,0,0,0,0,0,0,0,0,0,33,0,0,0,1,0,0,0,0,1,1,1,0,0,0,0,0,0,0,0,0,0,0,0,0,0,0,0,0,0,0,1,13,0,0,0,0,0,0,12,2,0,0,0,0,5986,0,0,0,0,0,0,0,0,0,0,0,0,1,0,0,2,0,1,3,0,2,0,38,0,6362,1,0,1,0,0,4,3,0,0,1,0,0,30,0,0,0,0,0,0,0,0,0,0,0,0,83,0,0,0,0,0,0,0,0,0,0,452,2,1,1,0,0,0,0,0,0,0,0,0,0,0,0,1,0,41,0,0,1699,24,711,0,1,63,34,638,2,0,31,1,0,0,0
10 LSX GABA,0,0,1,63,0,0,13,0,0,0,0,0,0,0,0,5,0,0,0,4,1,0,0,0,0,0,0,0,0,0,0,0,0,0,0,0,181,0,0,20,0,2,0,0,0,0,0,0,0,0,14,0,0,0,0,0,0,0,2,0,0,0,6,0,0,0,0,0,0,0,0,0,0,0,0,0,0,0,1,0,0,0,0,0,0,0,1,8,0,0,0,0,0,0,0,0,0,0,0,0,1,0,0,0,0,0,0,0,0,4,0,0,0,0,0,0,0,0,0,2,0,0,0,0,3,0,1968,5921,2958,0,0,0,0,0,0,0,1,1,0,0,3,0,121,0,0,3,1,0,0,80,0,0,0,0,1,0,0,0,0,0,0,0,0,0,75,0,0,1,0,2,0,0,0,1,0,0,1,0,0,0,0,0,0,0,0,0,0,0,0,0,0,0,0,0,0,1,0,0,0,0,0,0,0,0,0,0,0,0,0,0,0,0,0,0,0,0,0,0,3,0,1,0,0,0,1,0,0,0,0,0,0,0,1,0,0,0,0,0,0,0,0,0,0,0,0,0,0,0,0,0,1,0,4,760,0,0,0,86,6,0,0,0,0,0,0,0,0,0,0,0,0,0,0,0,0,0,0,0,0,0,0,0,0,1123,0,0,0,0,0,0,0,0,0,0,0,358,141,0,0,0,25,4,0,0,0,0,0,0,0,0,0,0,0,0,0,0,0,0,0,0,159,0,1,1,0,0,0,0,0,0,0,0,0,0,0,0,0,0,88,0,0,206,0,0,0,0,3,0,376,1,0,0,0,1,0,0
11 CNU-HYa GABA,651,0,0,423,0,0,304,332,0,8,5,0,0,2,4,361,0,0,0,8,2,0,0,0,0,0,0,0,159,306,0,0,17,0,27,226,3480,5,1,6,2,3357,3,0,0,0,0,202,30,0,435,1,25,0,0,0,0,0,0,4,0,1,4,0,0,0,0,0,5,1,17,42,0,0,0,4,0,0,0,367,95,1,0,0,0,2,3,1564,0,16,0,0,0,0,0,0,0,0,0,176,0,0,0,1,0,0,0,0,0,130,0,17,0,0,0,0,0,2,0,296,0,0,0,0,794,0,1,209,189,0,133,0,0,1,0,0,0,2163,127,0,2,0,102,1,2,1067,1132,0,2,206,0,0,2,0,256,0,0,231,1,0,0,0,0,0,441,0,0,1,4,102,25,2,0,25,24,6,391,0,0,0,1,0,0,0,0,35,0,2,0,7,0,0,0,0,0,374,0,0,0,0,0,0,0,0,1,0,0,0,0,2,0,0,1,323,0,0,0,1,60,5,2,19,7,1,233,0,0,0,3,0,0,40,1,0,0,1,0,0,0,0,0,0,0,0,0,6,0,151,27,2,0,0,4,27,13,0,0,0,1077,2,0,0,0,0,0,26,0,0,0,0,1,0,0,0,0,0,0,0,0,0,0,0,0,2446,0,0,0,0,0,1,15,0,0,1,0,18,100,11,0,0,140,11,1,0,0,0,0,0,0,2,0,0,0,0,0,0,0,0,0,0,75,31,1,4,29,1,0,0,0,0,0,0,0,0,0,0,6,0,65,0,2,14,17,87,0,1,191,1,283,74,0,0,0,0,0,0
12 HY GABA,4,0,0,2,0,1,1,1808,0,0,1,70,0,1,4,2,0,0,0,8,1447,33,0,0,0,0,0,13,13,66,0,0,0,0,1,1,148,0,0,20,0,2,1,0,0,0,1,0,0,0,15,2,1,1,1,0,0,0,0,875,0,3,0,0,0,0,0,0,4,0,0,1,0,0,0,0,0,0,0,0,4,59,0,0,0,0,0,3105,0,0,0,0,3,0,0,0,63,0,0,430,0,0,1,1,0,0,0,0,0,4,12,0,0,0,44,2,11,539,2,909,0,0,24,3,68,3,0,2,8,14,3,0,1,410,7,0,116,4,2,0,1,1,89,0,0,1090,298,0,4,5,0,1,7,0,5,0,1,0,0,0,0,0,0,2,4,0,2,1,2,5,0,2,0,0,0,8,175,0,4,0,2,0,0,3,2,18,0,0,1,1,0,0,1,287,1,1,0,3,110,0,2,0,0,3,0,0,0,220,0,0,2,2,1,2,6,41,0,11,169,262,2,332,245,95,708,0,0,0,424,2,0,192,79,1,0,0,1,0,0,0,0,0,0,1,0,4168,0,532,1579,0,3,0,3,4,0,0,0,0,24,0,0,1,8,23,48,6,0,0,1,0,2,0,0,0,0,0,1,0,0,0,0,0,34,18,0,8,1,0,85,0,207,44,117,0,0,3,0,1018,1,0,182,6,0,26,1,0,1,1,0,0,0,0,1,0,0,0,0,0,0,0,18,25,229,658,142,153,0,9,1,0,0,0,0,1,8,0,2433,1,69,0,0,2,6,357,2,73,517,264,203,93,0,0,0,0,0,0
13 CNU-HYa Glut,349,4,9,60,0,0,95,92,7,21,22,53,0,4,28,38,5,0,1,1,23,0,0,1,4,1,3,1,48,626,0,0,45,13,136,1318,814,6,0,8,3,130,1,2,4,0,1,972,11,1,23,0,62,0,1,0,3,1,15,3,0,0,7,0,0,1,5,0,91,11,90,237,0,0,0,5,0,1,3,49,42,59,0,2,4,6,1,843,1,241,0,0,11,0,1,0,2,0,0,99,6,0,2,1,3,1,0,0,0,52,0,9,0,0,3,1,1,15,1,1045,0,0,1,2,429,1,83,338,279,0,225,0,0,15,2,0,10,3031,152,0,1,1,87,13,20,255,345,0,3,299,0,5,11,0,246,1,2,669,2,1,1,0,0,3,268,0,6,4,2,120,48,12,1,8,119,9,272,0,2,0,2,0,0,1,0,2,0,1,0,3,15,0,2,3,0,911,2,0,2,0,0,1,1,1,1,0,0,3,1,1,3,2,0,52,0,0,2,63,52,13,15,1,3,5,215,0,0,0,42,0,2,0,32,0,0,1,0,0,0,1,0,2,9,7,6,15,0,3,2,2,7,16,0,1168,39,0,0,0,760,2,0,0,1,0,1,20,1,0,0,0,0,0,0,1,10,4,8,7,3,8,1,8,0,557,9,0,1,0,0,4,182,0,1,16,6,2858,20,4,3,0,466,11,6,0,5,0,1,5,1,0,1,2,2,2,2,7,4,1,4,4,50,44,0,9,17,0,0,0,0,0,0,2,2,0,0,0,112,1,224,0,7,25,55,17,2,12,176,1,1233,55,0,2,2,0,0,0
14 HY Glut,0,1,0,2,0,0,2,1864,0,0,0,0,0,0,2,4,0,1,0,0,653,3,0,0,0,0,0,0,0,64,0,0,0,0,0,0,124,0,0,0,0,1,2,0,0,0,0,2,0,0,0,2,0,0,1,1,0,0,0,1386,0,1,0,0,0,1,0,0,0,1,1,0,0,0,0,0,0,0,0,0,0,50,0,0,0,0,0,4301,0,0,0,0,5,0,1,0,0,0,1,538,0,0,2,0,0,2,0,0,0,4,0,0,0,0,0,1,0,1,1,2394,0,0,173,0,122,0,0,4,5,0,1,1,0,527,0,0,44,32,3,0,0,36,33,0,0,815,173,0,10,0,1,1,2,1,4,1,0,0,0,0,3,0,0,3,1,0,0,0,0,1,0,6,0,0,0,24,147,0,1,0,3,0,0,2,0,10,0,0,0,0,1,0,0,1466,0,0,0,163,545,0,0,1,0,20,0,1,0,23,0,0,1,2,0,0,22,606,0,1,1104,202,0,236,297,59,415,0,0,0,271,0,0,311,49,0,1,0,0,1,0,0,0,0,0,0,0,2,0,355,57,0,4,0,0,3,0,0,0,0,14,0,0,0,8,13,6,157,0,0,11,0,0,0,0,0,0,0,0,1,0,0,0,0,638,4,0,508,1,0,1,0,81,9,54,0,1,4,0,677,0,0,109,1,0,0,0,0,0,0,0,0,0,0,0,0,0,0,0,0,0,0,0,10,18,3414,72,0,0,0,3,20,0,0,0,0,1,0,219,1,56,0,0,0,4,138,1,102,741,0,190,179,0,0,0,0,0,0
15 HY Gnrh1 Glut,0,0,1,0,0,0,1,0,0,0,0,0,0,0,0,0,0,0,0,0,0,0,0,0,0,0,0,0,0,4,0,0,0,0,0,0,0,0,0,0,0,0,0,0,0,0,0,0,0,0,0,0,0,0,0,0,0,0,0,0,0,0,0,0,0,0,0,0,0,0,0,0,0,0,0,0,0,0,0,0,0,0,0,0,0,0,0,5,0,0,0,0,0,0,0,0,0,0,0,2,0,0,0,0,0,0,0,0,0,11,0,0,0,0,0,0,0,0,0,1,0,0,0,0,1,0,0,9,0,0,0,0,0,0,0,0,0,0,3,0,0,0,4,0,0,0,0,0,0,12,0,0,0,0,6,0,0,0,0,0,0,0,0,0,4,0,0,0,1,0,1,0,0,0,0,0,1,0,0,0,0,0,0,0,0,0,0,0,0,0,0,0,0,0,0,0,0,0,0,0,0,0,0,0,0,0,0,0,0,0,0,0,0,0,0,0,0,0,0,0,0,0,0,0,2,0,0,0,0,0,0,1,0,0,0,0,0,0,0,0,0,0,0,0,0,0,0,0,0,0,0,0,0,0,0,0,0,0,0,0,0,0,0,0,0,0,0,0,0,0,0,0,0,0,0,0,0,0,0,0,0,0,0,9,0,0,0,0,0,0,0,0,0,0,0,1,0,0,0,0,2,0,0,0,0,0,0,0,0,0,0,0,0,0,0,0,0,0,0,0,0,1,0,0,1,0,0,0,0,0,0,0,0,0,0,0,0,0,0,0,0,1,0,0,0,0,4,0,0,1,0,0,0,0,0,0
16 HY MM Glut,0,0,0,0,0,0,0,0,0,0,0,0,0,0,0,0,0,0,0,0,0,0,0,0,0,0,0,0,0,0,0,0,0,0,0,0,0,0,0,0,0,0,0,0,0,0,0,0,0,0,0,0,0,0,0,0,0,0,0,0,0,0,0,0,0,0,0,1,0,0,0,0,0,0,0,0,0,0,0,0,0,0,0,0,0,0,0,155,0,0,0,0,0,0,0,0,0,0,0,0,0,0,0,0,0,0,0,0,0,0,0,0,0,0,0,0,0,0,0,96,0,0,15,0,0,0,0,0,0,0,0,0,0,3,0,0,0,0,0,0,0,3880,0,0,0,0,0,0,0,0,0,0,0,0,0,0,0,0,0,0,0,0,0,0,0,0,0,0,0,0,0,1,0,0,0,0,0,0,0,0,0,0,0,0,0,0,0,0,0,0,4,0,0,47,0,0,0,515,103,0,0,0,0,0,0,0,0,0,0,0,0,0,0,0,0,0,0,0,0,0,0,0,18,151,0,0,0,0,0,0,0,0,0,0,0,0,0,0,0,0,0,0,0,0,0,0,0,0,0,0,1,0,0,0,0,0,0,0,0,0,0,0,0,0,0,0,0,0,0,0,0,0,0,0,0,0,0,0,0,0,0,1,0,0,0,345,0,0,0,0,0,152,0,0,0,0,0,3,0,0,104,0,0,0,0,0,0,0,0,0,0,0,0,0,0,0,0,0,0,0,0,0,0,0,0,0,0,0,0,0,0,0,0,0,0,0,0,0,115,0,0,0,0,0,0,0,0,0,3,72,0,0,0,0,0,0
17 MH-LH Glut,0,0,0,0,0,1,0,0,0,0,0,1,0,0,0,0,0,0,0,0,0,0,0,0,0,0,0,0,0,0,0,0,0,0,0,0,0,0,0,0,0,0,0,3,0,0,0,0,0,0,0,0,0,0,0,0,0,0,31,0,0,0,0,0,0,0,0,0,0,0,0,0,0,0,0,0,0,0,0,0,0,0,0,0,0,0,0,0,0,0,0,0,0,0,0,0,0,0,0,0,0,0,0,0,0,0,0,0,0,1,0,0,0,0,0,0,0,0,1527,0,0,0,0,0,0,0,0,0,0,0,0,0,0,3,83,0,0,0,0,0,4291,0,0,0,0,0,0,0,0,0,0,0,0,0,0,0,0,0,0,0,0,0,0,0,0,0,0,0,0,0,0,0,0,0,0,10,0,0,0,0,0,0,0,0,0,0,0,0,3,0,0,0,0,0,0,0,0,0,0,0,0,0,0,0,0,0,0,0,0,0,0,0,0,0,0,0,0,1,0,0,82,0,0,0,0,0,0,0,0,0,0,0,2,0,0,0,0,0,0,0,0,0,0,0,0,0,0,0,0,0,0,0,0,0,0,0,0,0,0,0,0,0,0,0,0,0,0,2,0,0,0,0,0,0,0,0,0,0,0,0,0,0,0,0,0,0,0,0,0,0,19,0,0,0,0,0,0,0,0,0,521,0,0,0,0,0,0,0,0,0,0,0,0,0,0,0,0,0,0,0,1,0,0,0,0,0,0,0,0,0,0,0,0,0,0,0,0,0,89,0,0,0,717,0,0,0,0,0,0,381,0,0,0,0,0,0
18 TH Glut,0,0,0,0,0,792,0,0,0,0,0,663,0,0,1,2,0,43,0,0,1,0,0,0,0,0,0,1085,0,0,0,0,0,0,0,0,1,0,0,65,0,0,0,439,0,0,453,0,0,0,0,0,0,0,0,0,0,0,181,2,0,0,0,0,0,0,0,0,0,0,0,0,0,212,0,0,0,0,0,0,0,0,0,0,0,0,12,82,0,0,222,61,8,0,0,0,60,0,0,148,0,192,0,0,0,1,0,0,0,0,10,0,0,0,2195,0,1924,51,67,0,0,0,0,1401,0,0,0,0,0,0,0,0,0,237,1838,0,0,0,0,1626,6,0,3,0,0,0,0,0,147,0,0,0,0,3,0,0,0,0,0,0,0,0,0,0,1,0,0,0,0,0,0,0,0,0,0,19,2,0,0,0,0,0,0,0,334,0,0,0,1621,0,0,0,0,1,188,0,0,0,0,0,1510,65,0,33,0,0,0,121,0,0,0,0,0,0,0,0,0,656,144,9,2219,0,2,0,0,0,0,0,0,200,0,0,881,92,0,0,0,0,0,4,0,0,0,0,0,112,0,0,0,0,3,2,0,0,0,0,235,0,0,0,0,0,420,0,0,0,0,94,13,95,0,0,0,0,0,0,0,0,0,0,0,0,0,0,0,0,0,0,0,0,1142,0,0,0,0,0,0,1,0,0,195,0,0,1397,0,0,0,0,0,0,0,0,0,0,0,0,0,0,0,0,4,0,870,1,0,1301,154,4400,380,0,0,0,0,0,173,0,168,0,294,0,0,0,2,5,65,0,217,245,142,257,0,0,0,0,0,0
19 MB Glut,0,0,0,0,0,1,0,0,0,0,0,0,0,0,0,2,0,2153,0,153,0,0,0,0,0,0,0,0,0,1,0,1,0,0,0,0,18,0,0,3,141,1,753,3,0,31,4,1,0,1,0,5,0,0,172,642,0,0,28,7,0,0,0,75,4,17,0,0,0,0,0,0,46,5,0,0,1,0,0,1,0,1,0,2,0,0,3,109,0,0,1,0,25585,1,61,0,8,36,67,112,0,6,0,1,18,0,0,9,7,0,1,0,2,2,0,108,1,15,59,5,0,0,4,26,1,0,0,0,0,2,0,33,0,6694,3,0,0,3,0,4,16,1,19,0,0,0,0,96,2778,3,5,2,6,149,1,1,2,0,0,123,259,0,0,1,2,80,0,0,0,1,0,62,1,0,0,9505,3,0,1,0,99,115,0,126,0,0,1,0,39,0,7,0,0,127,182,2,0,0,0,1,0,149,16,100,385,155,0,18,4,0,1,45,0,0,0,0,0,33,54,25,147,0,1,0,0,0,11,0,0,74,0,0,105,0,163,2,218,0,0,9,0,38,0,0,61,1,128,0,0,3,10118,4591,0,1,0,0,30,0,2,17,0,8,7,17,248,0,0,149,205,192,0,1,0,1,0,0,0,0,0,0,0,0,0,4,3,30,2,0,0,0,320,0,0,0,6,3,0,0,0,2,31,7,0,0,0,0,1,296,0,0,0,0,0,0,0,0,0,0,0,0,1,0,33,1,0,0,0,0,69,98,1,1,0,0,25,0,63,2,243,0,101,0,1,73,77,0,13,2,12,165,77,0,67,0,0,0
20 MB GABA,0,1,0,0,0,0,0,0,0,0,0,0,0,0,0,0,0,544,0,71,0,0,2,0,0,0,1,1,0,0,0,0,0,0,0,0,1,0,0,42,37,0,167,5,0,9,0,0,0,0,1,45,0,0,9,512,0,0,45,0,0,1,0,95,7,80,0,0,2,1,0,0,6,10,0,0,0,0,0,0,1,1,0,6,0,0,2,15,0,0,0,0,2401,0,31,0,91,8,36,86,0,0,7,3,850,0,0,7,7,0,3,0,1,0,4,93,125,255,10,2,0,6,0,44,0,0,0,0,0,40,0,10,0,2997,0,0,0,1,0,10,1,3,1,0,0,0,1,90,2195,0,27,13,11,50,0,29,29,0,1,255,341,0,3,0,1,71,0,0,0,0,0,121,0,0,0,3430,1,0,0,0,111,17,0,106,0,0,22,0,2,0,10,1,1,19,12,0,0,1,0,20,1,19,21,50,508,149,3,13,0,0,35,170,1,0,0,0,0,0,3,4,0,0,0,0,0,0,18,0,0,5,0,0,8,0,3,0,224,0,0,53,8,143,0,0,61,7,84,0,0,1,8181,9936,0,0,0,0,0,0,1,6,0,5,2,116,953,0,27,1,38,2,1,0,0,0,0,0,0,0,0,0,0,0,3,2,6,1,0,9,0,1,85,0,0,0,0,0,0,0,1,0,11,30,0,0,0,0,2,213,0,0,0,0,0,0,0,0,0,0,0,0,2,0,5,0,0,4,1,23,8,96,3,0,0,0,0,0,19,5,313,0,127,0,0,196,74,0,94,12,39,16,77,0,40,0,0,0
21 MB Dopa,0,0,0,0,0,0,0,0,0,0,0,0,0,0,0,0,0,0,0,75,0,0,1,0,0,0,0,0,0,0,0,0,0,0,0,0,0,0,0,0,0,0,0,0,0,96,0,0,0,0,0,10,0,0,0,0,0,0,0,1,0,0,0,91,0,0,0,0,0,0,0,0,15,0,0,0,0,0,0,0,0,0,0,0,0,0,0,10,0,0,0,0,0,0,180,0,0,1,5,0,0,0,0,0,46,0,0,0,0,0,0,0,0,0,0,0,0,0,0,1,0,0,0,0,0,0,0,0,0,0,0,0,0,640,0,0,0,0,0,0,0,1,0,0,0,0,0,0,42,0,13,0,0,0,0,0,0,0,0,0,0,0,0,1,0,0,0,0,0,0,0,1,0,0,0,152,0,0,0,0,0,0,0,1,0,0,0,0,0,0,0,0,0,28,0,0,0,0,0,18,0,0,0,0,11,0,0,0,0,0,0,28,0,0,0,9,0,0,0,0,0,0,0,0,0,0,0,0,0,0,0,0,0,0,30,0,7,0,0,0,0,24,0,0,0,0,0,0,0,0,0,0,0,0,0,0,0,0,0,0,0,0,0,86,156,0,0,0,0,0,0,0,0,0,0,0,0,0,0,0,0,0,3,0,0,9,0,0,0,0,1,0,0,0,0,0,0,0,0,0,3,0,0,0,0,0,0,0,0,0,0,0,0,0,0,0,0,0,0,0,0,0,0,0,0,0,0,0,0,369,0,0,0,0,0,0,2,0,3,0,45,0,0,15,64,0,0,0,0,27,125,0,7,0,0,0
22 MB-HB Sero,0,0,0,0,1,0,0,0,0,0,0,0,0,0,0,0,0,0,0,65,0,0,3,0,0,0,0,0,0,0,0,0,0,0,0,0,0,0,0,0,0,0,6,0,0,0,0,0,0,0,2,518,0,0,0,0,0,0,0,0,0,0,0,419,0,103,0,0,0,0,0,0,0,0,0,0,0,0,0,0,0,0,0,35,0,0,0,2,0,0,0,0,0,0,0,0,0,0,14,0,0,0,12,0,68,7,0,1,0,0,0,0,0,0,0,23,0,0,0,0,0,1,0,0,0,4,0,0,0,0,0,0,22,109,0,1,0,0,0,0,0,0,0,0,0,1,0,0,51,0,0,0,218,0,0,111,1,0,0,0,0,0,0,0,0,0,0,0,0,0,0,346,1,0,0,260,0,0,0,0,2,0,0,166,0,0,1,0,0,0,7,0,40,0,0,0,0,0,0,0,0,0,0,0,2,0,13,0,0,0,33,120,0,0,0,0,0,0,0,0,0,0,0,0,0,0,4,0,0,0,0,0,0,0,0,141,2,60,93,0,94,0,0,0,0,0,0,0,0,0,0,0,0,0,0,0,0,0,0,0,0,0,0,0,0,0,2,0,0,0,0,0,0,0,0,0,0,0,0,0,0,0,0,0,0,0,0,0,0,0,0,0,0,0,59,0,0,0,0,0,0,20,0,0,0,0,7,29,0,0,0,0,0,0,0,0,0,0,0,0,0,0,0,0,0,0,0,0,0,0,0,0,0,1,0,0,0,0,1,0,38,1,0,20,137,0,0,0,0,0,4,0,34,0,0,0
23 P Glut,0,0,0,1,0,0,0,1,0,0,0,0,2,1,0,2,0,1,0,13,0,0,4,0,0,0,0,0,0,1,2,17,0,0,0,0,2,0,0,0,174,0,118,0,0,3,0,0,0,0,4,208,0,6,79,141,14,0,0,0,1,1,0,3,0,164,0,29,0,0,1,0,0,0,0,11,5,0,0,0,1,0,0,150,0,0,0,1,11,0,0,0,3,1,14,0,0,0,39,0,0,0,29,7,225,130,3,2,8,0,0,0,33,18,0,387,0,0,0,1,3,0,0,0,0,168,0,0,0,0,1,0,9,231,0,4,0,1,1,0,0,1,3,0,0,0,0,0,270,0,0,313,473,0,0,155,241,0,140,0,0,2,5,41,0,0,0,0,0,0,0,2961,35,0,0,652,1,0,158,0,2271,0,79,855,0,0,102,0,0,0,5739,23,192,0,0,0,0,0,1,16,0,0,0,0,466,0,6,1,0,0,498,659,64,0,0,0,2485,0,0,0,0,0,0,0,0,0,2,2,1,0,0,0,0,0,1,5,0,0,1,0,26,5,0,0,0,0,2,1,0,0,5,1,0,0,0,38,0,0,1,0,24,41,0,0,0,0,302,1,0,0,239,0,66,64,0,0,1,0,0,0,0,0,0,1,0,0,115,11,0,0,1,0,0,0,1942,1,0,0,80,59,0,111,59,0,55,36,34,245,39,0,0,0,0,0,0,0,0,0,0,0,0,0,0,0,0,0,0,0,0,1,11,0,319,6,0,0,0,194,230,0,786,0,35,142,416,1,0,0,0,1,99,0,86,0,9,2
24 MY Glut,0,0,0,6,2,0,0,0,0,0,0,0,7,0,0,0,49,0,0,0,0,0,0,0,0,0,0,0,0,0,5,48,0,0,0,0,0,0,0,0,146,0,6,0,0,5,0,2,0,24,33,29,0,185,1,0,148,0,0,0,318,58,0,4,0,1,0,92,0,0,0,0,0,0,0,511,132,0,0,1,0,0,63,473,0,0,0,0,4,0,0,0,2,4,1,0,0,11,71,0,0,0,885,73,4,1234,8,2,0,0,0,0,43,23,0,42,0,0,0,1,22,0,0,1,0,317,0,0,0,0,0,0,360,54,0,427,0,0,0,0,0,0,8,0,0,0,0,0,21,0,0,1472,1837,0,0,24,3,0,78,0,0,10,0,1161,1,0,0,0,0,3,0,301,66,0,0,12,1,0,993,38,65,0,5,245,0,0,21,0,0,9,0,121,248,0,0,2,0,0,1,0,0,0,0,0,3,0,51,0,0,0,180,77,66,0,0,0,82,0,0,1,0,0,0,0,0,0,1,31,0,0,0,0,0,0,4,49,4,36,75,0,9,0,0,0,0,0,0,0,0,0,3,4,0,0,0,76,0,0,1,0,25,46,1,0,0,0,60,0,0,0,293,595,613,207,0,0,0,0,0,0,0,0,0,3,0,0,41,44,0,1,0,0,0,1,14,0,0,0,242,139,0,108,131,1,1226,22,422,92,32,0,0,0,0,0,0,0,0,0,0,0,0,0,0,0,0,1,0,0,0,0,0,25,243,128,0,5,1,283,199,0,192,0,52,186,63,0,0,0,1,2,91,0,127,0,5,2
25 Pineal Glut,0,3,0,0,0,0,0,0,0,0,0,0,0,1,0,0,0,0,0,0,0,0,0,0,0,1,0,0,0,0,0,0,0,0,0,0,0,0,0,0,0,0,0,0,0,0,0,0,0,0,0,0,0,0,2,0,0,0,0,0,0,0,0,0,0,0,0,0,0,0,0,0,0,0,0,0,0,0,0,0,0,0,0,0,0,0,0,0,0,0,0,0,1,0,0,0,0,0,0,0,0,0,0,0,1,0,0,0,0,0,0,0,0,0,0,0,0,0,0,0,0,0,0,0,0,0,0,0,0,0,0,0,0,41,0,0,0,0,0,0,1,0,0,0,1,0,0,0,0,0,0,0,0,0,0,0,0,0,0,0,18,0,0,0,0,0,0,0,0,0,0,0,0,0,0,0,0,0,0,0,0,0,0,0,0,0,0,0,0,1,0,0,0,0,0,0,0,0,0,0,0,0,0,0,0,0,0,0,0,0,0,0,0,0,0,0,0,0,0,0,0,0,0,0,0,0,0,0,0,0,0,0,0,0,0,0,0,0,0,0,0,0,3,5,18,0,0,0,0,0,1,4,0,0,0,0,0,0,0,3,0,0,0,0,0,0,0,0,0,0,0,0,0,0,0,0,0,0,0,0,0,0,0,0,0,0,0,0,0,0,0,0,0,0,0,0,0,0,0,0,124,0,0,0,0,0,0,1,0,0,0,0,0,1,1,0,2,4,1,0,0,0,0,0,0,0,0,0,0,0,0,0,0,0,0,0,0,0,300,0,0,0,3,0,0,0,0,0,0,3,0,0,0,0,0,0
26 P GABA,0,0,0,0,0,0,0,0,0,0,0,0,0,0,0,0,0,0,0,6,0,0,45,0,0,0,0,0,0,0,1,3,0,0,0,0,2,0,0,0,4,0,105,0,0,8,0,0,0,0,2,1139,0,0,0,4,3,0,0,0,0,0,0,37,0,513,0,0,0,0,0,0,0,0,0,1,0,0,0,1,0,1,0,46,0,0,0,0,3,0,0,0,0,0,35,0,0,0,40,0,0,0,0,0,1157,24,0,0,0,0,0,0,0,0,0,222,0,0,0,0,0,32,0,0,0,0,0,0,0,0,1,0,11,471,0,2,0,0,0,0,0,17,1,0,0,0,0,0,317,0,0,54,92,0,0,282,633,0,0,0,1,0,91,0,0,0,0,0,0,0,0,930,8,0,0,188,1,0,5,0,70,0,4,1224,0,0,249,0,0,0,50,6,5,1,0,0,0,0,0,22,0,0,0,0,91,0,3,0,0,1,515,864,37,0,0,0,32,0,0,0,0,0,0,0,0,0,2,0,0,0,0,1,0,0,0,6,2,0,2,0,193,1,0,0,0,0,0,0,0,0,2,0,0,0,0,32,0,0,3,0,3,20,0,1,4,0,454,1,0,0,0,0,0,0,0,0,0,0,0,0,0,0,0,1,0,1,4,2,0,0,0,0,0,0,73,0,0,0,0,4,0,219,0,0,5,12,15,230,5,0,0,0,0,0,0,0,0,0,0,0,0,0,0,0,0,0,0,0,0,1,69,0,10,0,0,0,1,4,97,0,80,0,0,2,30,0,1,0,0,1,80,0,132,0,0,0
27 MY GABA,0,0,0,0,0,0,0,0,0,0,0,0,8,1,0,0,39,0,0,0,0,0,0,0,0,0,0,0,0,0,1,0,0,0,0,0,0,0,0,0,133,0,8,0,0,0,0,0,0,26,0,5,0,160,9,0,10,0,0,0,217,360,0,0,0,0,0,55,0,0,0,0,0,0,0,1,22,0,0,0,0,0,41,975,0,0,0,0,1,0,0,0,0,16,0,0,0,0,32,0,0,0,19,529,0,957,0,0,0,0,0,0,54,0,0,1,0,0,0,0,21,0,0,0,0,73,0,0,0,0,0,0,269,8,0,296,0,0,0,0,0,0,0,0,0,0,0,0,5,0,0,2211,831,0,0,3,6,1,105,0,0,21,3,783,1,0,0,0,0,0,0,334,31,0,0,2,0,0,516,56,108,0,6,51,0,0,0,0,0,7,0,186,354,0,0,0,0,0,0,0,0,0,0,0,0,0,103,0,0,0,358,130,548,0,0,0,58,0,0,0,0,0,0,0,0,0,0,17,0,0,0,0,1,0,0,74,1,7,46,0,1,0,0,0,0,0,0,0,0,0,1,1,0,0,0,13,0,0,0,1,4,16,0,0,0,0,28,0,0,0,426,219,515,55,0,0,0,0,0,0,0,0,1,0,0,0,25,102,0,0,0,0,0,0,7,0,0,0,134,32,0,212,8,0,12,21,265,66,13,0,0,0,0,0,0,0,0,0,0,0,0,0,0,0,0,0,0,0,0,0,0,33,82,82,0,3,1,469,177,0,108,0,50,30,41,0,0,0,0,0,22,0,46,0,5,2
28 CB GABA,0,0,0,0,0,0,0,0,0,0,0,0,0,22155,0,0,4,0,0,463,0,0,0,0,0,0,0,0,0,0,0,0,0,0,0,0,0,0,0,1,735,0,12311,0,0,0,0,0,0,4690,0,0,0,0,14639,66,471,5265,0,0,1,192,0,0,0,0,0,0,0,9,0,0,0,0,0,2447,130,631,0,0,0,0,0,0,0,0,0,0,0,0,0,0,870,5,0,0,0,0,0,0,0,0,0,260,0,1,0,0,0,0,0,0,4,1,0,0,0,0,0,0,0,289,0,0,0,0,0,0,0,0,0,0,0,958,0,0,0,0,0,0,0,0,0,0,0,0,0,0,1,0,0,6,63,0,0,0,10,0,3641,0,0,0,0,0,0,0,0,0,0,0,0,28,0,0,0,64,0,5,0,0,91,0,0,4,0,0,0,0,0,10617,0,0,0,0,0,1,0,0,0,0,0,0,0,0,0,0,0,0,0,7081,0,0,0,0,0,0,3,0,0,0,0,0,0,0,0,1677,0,0,0,0,0,0,0,0,0,0,0,0,0,0,0,0,0,0,0,0,0,0,0,0,2,1,0,0,0,0,0,0,0,16055,0,0,0,0,0,0,1,0,0,0,4,0,0,0,0,0,0,0,0,0,0,0,0,0,0,0,0,37,0,0,0,0,0,0,0,0,0,0,3720,0,1,448,196,0,292,0,0,63,0,0,0,0,0,0,0,0,0,0,0,0,0,0,0,0,0,0,0,0,0,0,0,13,6,0,0,0,0,3403,212,30,191,0,420,0,0,0,0,0,0,0,0,0,0,0,0,10
29 CB Glut,0,2,1,0,0,0,0,0,1,0,0,0,0,65418,1,1,11,0,1,398,0,0,0,0,0,0,0,2,0,0,0,1,0,0,1,1,0,7,1,0,1282,1,43097,1,0,0,0,0,1,13777,2,1,0,0,42875,7,3120,14870,0,0,1,791,0,0,0,0,0,0,9,6,0,2,0,0,0,12009,802,3289,0,0,0,0,0,0,3,0,0,0,0,0,0,0,467,10,0,0,0,0,0,1,0,0,0,919,0,2,0,0,0,1,0,0,22,1,2,0,0,0,0,1,0,942,0,1,0,2,0,0,1,0,0,0,0,380,0,0,0,1,0,0,1,0,22,1,0,0,0,0,0,0,0,47,942,0,0,0,62,2,11225,0,0,0,0,11,3,0,0,0,0,0,0,715,1,0,2,56,0,3,2,0,446,0,2,19,0,0,0,0,0,25653,189,0,1,0,0,0,1,0,0,0,0,0,0,0,0,0,0,0,0,21017,3,8,2,0,0,0,195,0,0,0,0,0,0,0,0,6835,0,0,0,1,0,0,0,0,0,0,0,0,0,0,0,0,0,0,0,0,0,0,0,0,1,1,0,0,0,0,0,0,1,47893,0,0,0,0,0,0,11,0,0,0,19,0,2,162,1,0,0,0,0,0,0,1,1,0,0,1,54,23,0,0,0,0,0,0,58,1,0,2,18394,2,3,818,908,0,3225,0,0,196,1,0,0,0,0,0,0,0,0,0,0,0,1,0,0,0,0,0,0,0,0,0,0,8,687,0,0,0,0,55264,269,403,2965,1,880,3,9,1,0,2,0,1,4,0,0,0,1,64
30 Astro-Epen,624,5258,5241,4844,14,404,213,2160,4135,2794,2066,537,30,6947,1065,6668,69,1292,631,2744,1374,26,42,1297,2426,844,1793,598,198,651,21,63,46,3,2436,1771,2022,17961,850,10946,1229,1767,6125,419,424,136,558,1102,2315,1858,30303,1057,669,308,5171,1059,1601,2199,16715,1183,322,1001,1229,351,58,384,1799,88,10801,8925,2757,1543,86,179,233,2962,771,343,1544,448,4270,606,94,3783,1968,795,938,6473,60,277,141,76,8108,78,212,578,132,88,603,1561,1774,428,774,1654,714,3376,5,20,20,3539,29,1815,401,59,1476,636,957,657,805,3958,44,270,185,1196,1239,494,1109,3436,1384,39,539,38,987,13052,1943,791,221,2990,142,891,776,1088,18426,12112,16849,1077,1236,86,5909,1109,94,5203,5121,200,1458,470,1047,359,2512,384,846,41,211,1337,4907,148,3255,2476,2355,2956,47,5601,482,1368,1338,14829,1648,1779,2571,49,2247,107,102,2470,277,23,237,952,711,4423,2306,450,924,1610,241,16293,4145,194,373,46,958,233,2332,109,1140,207,216,365,2437,2449,3054,3089,1116,168,22,267,1501,575,1018,479,1926,463,1449,208,1454,675,27,40,532,254,3116,411,1457,216,160,311,859,60,189,98,266,220,3193,5978,10278,2249,171,555,308,241,10699,5689,1058,785,30,113,213,97,4042,4815,95,171,440,448,5435,111,1273,349,153,133,987,329,1045,923,6912,2746,6184,3765,1583,4388,1546,10290,276,5267,4593,516,374,691,48,3402,1689,70,134,2006,1107,576,2079,998,2234,592,7159,3684,1396,921,1353,91,2145,2066,209,2689,1264,868,908,1393,645,8846,1064,1279,1685,1040,13164,96,1178,1303,82,845,138,1793,337,675,71,264,927,403,459,14,2611,6133,5685,62,2154,21990,10576,4809,914,170,2349,698,12213,1368,751,3193,648,10,34,41
31 OPC-Oligo,1058,3811,3222,4346,48,649,276,1713,3051,1710,1420,1466,125,3802,657,6259,5,3220,278,217,256,20,151,1124,1964,513,1148,1215,275,314,72,21,21,105,1780,1339,3151,9413,609,10618,2005,1879,3150,551,689,526,478,529,961,1177,49515,2507,595,710,3715,2060,1542,1202,7448,371,183,1826,789,364,48,274,861,281,5775,4785,3476,1560,102,399,138,1416,2181,168,1079,851,9134,2544,99,16326,1125,273,1333,6839,233,222,319,79,13416,221,309,452,252,135,1171,5046,750,265,2838,3245,720,11230,12,26,18,11583,111,937,1495,37,2712,491,1942,1981,1241,7882,181,51,120,2487,1714,1430,593,3127,588,60,861,44,3424,22290,2808,2553,43,1934,155,1943,872,803,12264,11152,12729,493,1259,145,21118,1947,114,8010,17255,383,1766,672,2710,287,811,643,873,79,922,1456,5648,144,3468,1390,1550,1910,17,16047,1520,689,650,12695,6054,910,7626,86,3726,153,282,1669,623,9,227,430,979,1940,3520,1165,2685,1399,598,10618,2268,198,157,68,2178,559,2178,213,3713,331,547,321,1201,746,12525,11992,692,100,18,452,5282,762,222,173,555,61,169,95,138,294,72,137,863,785,2158,442,760,154,247,932,3750,222,343,139,604,766,1618,4175,9752,8560,379,131,64,82,17963,3514,353,2060,107,68,341,74,6539,3002,132,220,767,695,5340,80,3896,108,110,400,2358,599,3091,3605,6088,2391,6241,3892,994,4197,1458,9341,800,6018,4931,478,955,1809,187,1878,3239,19,54,772,3674,1708,1074,852,1423,1466,2284,635,818,2564,4084,169,4512,6819,628,2061,886,609,543,915,372,5733,500,701,676,884,2841,106,3044,577,32,3136,206,3920,427,1351,216,384,6350,545,107,10,7630,22424,8031,138,10411,79852,989,32283,3246,537,8249,2373,46850,3693,2376,10323,3083,5,122,67
32 OEC,0,0,1,0,0,0,0,0,0,0,0,0,0,0,1186,4,0,0,0,0,2,0,0,0,0,0,0,0,0,0,0,0,0,0,0,0,0,0,0,0,0,0,0,0,0,0,0,0,0,0,0,0,0,0,0,0,0,0,0,0,0,0,0,0,0,0,0,0,0,0,0,0,0,0,0,0,0,0,67,0,0,0,0,0,0,0,0,0,0,0,0,0,0,0,0,0,0,0,0,0,0,0,0,0,0,0,0,0,0,21578,0,0,0,0,0,0,0,0,0,0,0,0,0,0,0,0,0,0,0,0,0,0,0,0,0,0,0,0,0,0,0,0,16787,0,5,0,0,0,0,0,0,0,0,0,0,0,0,0,0,0,0,0,0,0,1558,0,338,2,107,0,0,0,0,0,0,0,0,0,0,0,0,0,0,0,0,0,0,0,0,0,0,0,0,0,0,0,2,0,0,0,0,0,0,0,0,0,0,0,0,0,0,0,0,0,0,0,0,0,0,0,0,0,0,0,0,0,0,0,0,0,0,0,0,0,0,0,0,0,1,0,0,0,0,0,0,0,0,0,0,0,0,0,0,0,0,0,0,0,0,0,0,0,0,0,0,0,0,0,0,0,0,0,0,0,0,0,0,0,0,0,0,0,0,0,0,0,0,0,0,0,0,0,0,0,0,0,19,0,0,0,2,0,0,0,0,0,0,0,0,0,0,0,0,0,0,0,0,0,0,0,4,0,0,0,0,0,0,0,0,0,0,0,0,0,0,0,0,0,0,0,0,0,0,1,0,0,0,0,0,0,0,0,0,24,0,0
33 Vascular,892,7191,5738,5128,13,487,109,1297,5716,4041,3121,725,45,10211,648,6842,33,1687,767,733,396,16,57,1990,3871,1243,2556,887,134,306,33,25,61,3,2168,1818,1358,14060,728,8361,1879,1568,6934,567,551,187,529,1333,2483,2331,33589,1149,564,287,7700,1008,1041,2370,15392,512,142,652,1036,271,36,316,2066,158,11306,9312,2905,1230,66,204,131,2524,761,272,2052,658,2559,406,53,5293,2684,732,833,4052,85,252,190,72,11345,60,182,649,118,99,522,2326,1632,281,934,1423,1112,4496,5,19,14,10020,41,833,473,36,2084,416,1170,851,794,3310,63,168,241,1526,931,596,431,2422,751,35,656,39,1129,13385,2198,964,115,2166,47,1179,865,1487,29099,19771,25066,577,881,67,7973,913,92,4782,7721,169,1474,425,1402,602,2555,286,579,43,252,832,6703,79,4577,2583,2808,4128,20,7471,505,1133,1392,8525,1645,2190,3165,49,1957,68,136,1524,386,18,175,1259,706,5667,2589,464,1097,1140,264,19959,4973,175,236,39,1383,213,2242,120,1162,148,229,279,2894,3166,3850,3564,675,107,14,243,1934,401,487,249,780,151,277,80,225,714,46,49,402,282,2613,202,880,176,156,429,1395,126,420,99,215,244,3634,7332,13192,2678,148,264,99,15,10414,6070,99,534,37,61,199,68,3488,8377,87,138,487,283,2612,100,1714,169,98,163,1064,308,1326,1237,12174,4620,11621,7047,2266,7627,2707,17394,352,4577,4065,459,439,683,49,4208,1387,42,267,2019,1219,510,2422,824,2122,635,1608,1195,778,1348,2339,87,2273,3540,209,3861,2000,1458,1134,2101,939,11765,1278,1649,2069,1690,1329,53,1457,675,38,1335,138,2451,319,514,85,145,1634,313,209,9,3258,6834,16951,46,3713,8679,2199,4650,972,172,2661,578,6468,1398,855,2746,949,67,39,31
34 Immune,343,2498,1793,2176,4,77,30,386,2341,1687,1145,187,7,1045,318,3072,10,300,120,117,155,2,19,737,1227,415,937,141,48,61,2,13,16,3,1058,778,550,5811,249,3039,258,700,669,129,251,43,109,478,854,238,14966,219,306,62,864,184,200,269,4269,125,37,104,327,48,5,45,858,20,4593,2370,1508,715,11,67,26,293,165,34,903,297,1712,233,11,1107,999,191,231,1198,18,87,53,25,1732,17,37,122,24,14,123,572,616,99,249,218,241,821,1,2,2,2355,9,452,80,7,524,70,246,174,160,979,16,21,22,420,319,114,219,741,188,2,202,8,297,2593,553,196,44,817,8,240,158,175,8845,6708,9183,204,216,16,1707,206,25,704,1626,31,292,65,175,173,256,52,112,9,47,207,2027,15,1785,1044,1124,1371,3,1358,122,375,571,1829,657,408,636,9,393,14,23,250,82,8,29,472,144,475,469,89,224,238,45,6981,1928,32,51,8,442,64,420,23,319,31,51,85,450,288,829,883,94,44,4,69,343,115,108,60,210,57,98,17,83,62,9,12,98,81,854,73,260,51,24,66,244,30,86,15,43,75,1260,1993,2841,621,35,60,33,2,2102,953,64,195,10,6,56,10,2062,872,16,18,139,124,1366,12,244,29,24,43,179,70,268,273,3733,1505,3370,2068,743,2304,796,5694,63,1552,1161,85,87,99,6,1684,354,5,35,697,234,168,879,221,257,103,441,185,139,317,368,14,432,631,43,1496,682,479,425,754,343,4135,317,552,757,587,566,20,385,195,12,300,37,500,90,128,13,38,541,52,64,0,699,1373,2225,15,861,4638,445,1983,258,38,663,135,2980,320,209,1110,210,20,13,5
