class,AAA,ACAd1,ACAd2/3,ACAd5,ACAd6a,ACAd6b,ACAv1,ACAv2/3,ACAv5,ACAv6a,ACAv6b,ACB,ACVII,AD,ADP,AHN,AId1,AId2/3,AId5,AId6a,AId6b,AIp1,AIp2/3,AIp5,AIp6a,AIp6b,AIv1,AIv2/3,AIv5,AIv6a,AIv6b,AMBd,AMBv,AMd,AMv,ANcr1,ANcr2,AOBgl,AOBgr,AOBmi,AON,AP,APN,APr,AQ,ARH,ASO,AT,AUDd1,AUDd2/3,AUDd4,AUDd5,AUDd6a,AUDd6b,AUDp1,AUDp2/3,AUDp4,AUDp5,AUDp6a,AUDp6b,AUDpo1,AUDpo2/3,AUDpo4,AUDpo5,AUDpo6a,AUDpo6b,AUDv1,AUDv2/3,AUDv4,AUDv5,AUDv6a,AUDv6b,AV,AVP,AVPV,Acs5,B,BA,BAC,BLAa,BLAp,BLAv,BMAa,BMAp,BST,CA1slm,CA1so,CA1sp,CA1sr,CA2slm,CA2so,CA2sp,CA2sr,CA3slm,CA3slu,CA3so,CA3sp,CA3sr,CB-unassigned,CEAc,CEAl,CEAm,CENT2,CENT3,CL,CLA,CLI,CM,COAa,COApl,COApm,COPY,CP,CS,CTXsp-unassigned,CU,"CUL4, 5",CUN,DCO,DEC,DG-mo,DG-po,DG-sg,DMH,DMX,DN,DP,DR,DT,DTN,ECT1,ECT2/3,ECT5,ECT6a,ECT6b,ECU,ENTl1,ENTl2,ENTl3,ENTl5,ENTl6a,ENTm1,ENTm2,ENTm3,ENTm5,ENTm6,EPd,EPv,EW,Eth,FC,FF,FL,FN,FOTU,FRP1,FRP2/3,FRP5,FRP6a,FRP6b,FS,GPe,GPi,GR,GRN,GU1,GU2/3,GU4,GU5,GU6a,GU6b,HATA,HPF-unassigned,HY-unassigned,I5,IA,IAD,IAM,ICB,ICc,ICd,ICe,IF,IG,IGL,III,IIIn-unassigned,IIn-unassigned,ILA1,ILA2/3,ILA5,ILA6a,ILA6b,IMD,INC,IO,IP,IPA,IPC,IPDL,IPDM,IPI,IPL,IPN-unassigned,IPR,IPRL,IRN,ISN,IV,IVn,IntG,KF,LA,LAV,LC,LD,LDT,LGd-co,LGd-ip,LGd-sh,LGv,LH,LHA,LIN,LING,LM,LP,LPO,LRNm,LRNp,LSc,LSr,LSv,LT,MA,MA3,MARN,MB-unassigned,MD,MDRNd,MDRNv,ME,MEA,MEPO,MGd,MGm,MGv,MH,MMd,MMl,MMm,MMme,MMp,MOB-unassigned,MOBgr,MOBipl,MOBmi,MOBopl,MOp1,MOp2/3,MOp5,MOp6a,MOp6b,MOs1,MOs2/3,MOs5,MOs6a,MOs6b,MPN,MPO,MPT,MRN,MS,MT,MV,MY-unassigned,NB,ND,NDB,NI,NLL,NLOT1,NLOT2,NLOT3,NOD,NOT,NPC,NR,NTB,NTS,OLF-unassigned,OP,ORBl1,ORBl2/3,ORBl5,ORBl6a,ORBl6b,ORBm1,ORBm2/3,ORBm5,ORBm6a,ORBm6b,ORBvl1,ORBvl2/3,ORBvl5,ORBvl6a,ORBvl6b,OT,OV,P-unassigned,P5,PA,PAA,PAG-unassigned,PAL-unassigned,PAR,PARN,PAS,PB-unassigned,PBG,PC5,PCG,PCN,PD,PDTg,PERI1,PERI2/3,PERI5,PERI6a,PERI6b,PF,PFL,PG,PGRNd,PGRNl,PH,PIL,PIR,PL1,PL2/3,PL5,PL6a,PL6b,PMd,PMv,PN,PO,POL,POR,POST,PP,PPN,PPT,PPY,PR,PRC,PRE,PRM,PRNc,PRNr,PRP,PS,PST,PSTN,PSV,PT,PVH,PVHd,PVT,PVa,PVi,PVp,PVpo,PYR,Pa4,Pa5,PeF,PoT,ProS,RCH,RE,RH,RL,RM,RN,RO,RPA,RPF,RPO,RR,RSPagl1,RSPagl2/3,RSPagl5,RSPagl6a,RSPagl6b,RSPd1,RSPd2/3,RSPd5,RSPd6a,RSPd6b,RSPv1,RSPv2/3,RSPv5,RSPv6a,RSPv6b,RT,SAG,SBPV,SCH,SCO,SCdg,SCdw,SCig,SCiw,SCop,SCsg,SCzo,SEZ,SF,SFO,SG,SGN,SH,SI,SIM,SLC,SLD,SMT,SNc,SNr,SO,SOCl,SOCm,SPA,SPFm,SPFp,SPIV,SPVC,SPVI,SPVO,SSp-bfd1,SSp-bfd2/3,SSp-bfd4,SSp-bfd5,SSp-bfd6a,SSp-bfd6b,SSp-ll1,SSp-ll2/3,SSp-ll4,SSp-ll5,SSp-ll6a,SSp-ll6b,SSp-m1,SSp-m2/3,SSp-m4,SSp-m5,SSp-m6a,SSp-m6b,SSp-n1,SSp-n2/3,SSp-n4,SSp-n5,SSp-n6a,SSp-n6b,SSp-tr1,SSp-tr2/3,SSp-tr4,SSp-tr5,SSp-tr6a,SSp-tr6b,SSp-ul1,SSp-ul2/3,SSp-ul4,SSp-ul5,SSp-ul6a,SSp-ul6b,SSp-un1,SSp-un2/3,SSp-un4,SSp-un5,SSp-un6a,SSp-un6b,SSs1,SSs2/3,SSs4,SSs5,SSs6a,SSs6b,STN,STR-unassigned,SUB,SUM,SUT,SUV,Su3,SubG,TEa1,TEa2/3,TEa4,TEa5,TEa6a,TEa6b,TH-unassigned,TMd,TMv,TR,TRN,TRS,TTd,TTv,TU,UVU,V,V3-unassigned,V4-unassigned,V4r,VAL,VCO,VI,VII,VIIn-unassigned,VISC1,VISC2/3,VISC4,VISC5,VISC6a,VISC6b,VISa1,VISa2/3,VISa4,VISa5,VISa6a,VISa6b,VISal1,VISal2/3,VISal4,VISal5,VISal6a,VISal6b,VISam1,VISam2/3,VISam4,VISam5,VISam6a,VISam6b,VISl1,VISl2/3,VISl4,VISl5,VISl6a,VISl6b,VISli1,VISli2/3,VISli4,VISli5,VISli6a,VISli6b,VISp1,VISp2/3,VISp4,VISp5,VISp6a,VISp6b,VISpl1,VISpl2/3,VISpl4,VISpl5,VISpl6a,VISpl6b,VISpm1,VISpm2/3,VISpm4,VISpm5,VISpm6a,VISpm6b,VISpor1,VISpor2/3,VISpor4,VISpor5,VISpor6a,VISpor6b,VISrl1,VISrl2/3,VISrl4,VISrl5,VISrl6a,VISrl6b,VL-unassigned,VLPO,VM,VMH,VMPO,VPL,VPLpc,VPM,VPMpc,VTA,VTN,VeCB,XII,Xi,ZI-unassigned,aco,act,alv,amc,ar,arb,bic,brain-unassigned,bsc,cbc,ccb,ccg,ccs,chpl,cic,cing,cpd,csc,cst-unassigned,cuf,das,df,dhc,dtd,ee,em,fa,fi,fiber tracts-unassigned,fp,fr,fx,gVIIn,hbc,icp,int,ll,lot,lotd,mcp,mct,mfb,ml,mlf,moV,mp,mtg,mtt,nst,och,onl,opt,or,pc,pm,py,pyd,rust-unassigned,sV,scp,scwm-unassigned,sm,st,sup,tb,ts,tspc,vVIIIn,vhc,von,vtd,x,y
01 IT-ET Glut,152,1660,3364,2396,667,0,943,3676,4352,398,1,66,0,0,0,0,64,3829,2482,1566,34,22,2226,1104,971,21,13,1376,1285,368,4,0,0,0,0,0,0,0,193,78,21725,0,0,1326,0,0,0,0,295,2142,558,798,392,44,493,2828,1190,2042,433,37,100,1215,342,490,157,21,179,1581,735,1586,322,39,0,0,0,0,0,1,0,2108,1699,300,549,1347,25,33,14312,14952,9648,2,242,435,361,26,3209,2885,8574,1769,0,486,18,220,1,0,0,1388,0,1,661,2254,3075,0,838,0,676,0,0,0,0,0,47,1472,116,0,0,0,844,0,0,0,85,1842,1357,780,28,0,78,3926,3492,3439,1220,451,3425,5156,4399,1280,5277,1154,0,0,359,0,0,0,0,108,1977,1123,139,0,32,0,0,0,0,94,2130,618,884,738,48,904,550,10,0,434,0,0,0,0,0,0,0,205,0,0,0,0,107,1013,1053,302,0,0,0,0,0,0,0,0,0,0,0,0,0,0,0,0,0,0,0,0,3260,1,0,0,0,0,0,18,0,0,16,0,0,0,1,0,0,0,0,0,1,0,0,0,0,1,0,0,0,0,2498,1,0,0,0,0,0,0,0,0,0,91,618,1,5,13,518,19393,7462,4144,161,2667,22319,9084,3104,26,0,1,0,0,0,0,1,0,0,0,0,0,0,4,464,184,0,1,0,0,0,0,2683,0,436,2844,2587,639,52,716,1777,885,114,0,309,2664,1631,237,11,169,0,0,0,3085,1890,0,8,3586,0,0,0,0,0,0,0,0,0,31,751,301,30,1,0,0,0,0,0,0,0,33218,522,2822,1889,424,2,0,0,0,0,0,0,5057,0,0,0,0,0,0,8064,0,0,0,0,0,0,0,0,0,1,0,0,0,0,0,0,0,0,0,0,0,3639,0,0,0,0,0,0,0,0,0,0,0,470,3961,2993,812,15,1028,8277,5710,1286,7,7256,20255,9663,656,3,0,0,0,0,0,0,0,0,0,0,131,59,0,0,0,0,0,0,8,0,0,0,0,0,36,0,0,0,0,0,0,0,0,0,0,1663,11570,11317,2804,2349,181,195,4542,1695,1842,938,23,931,9613,7461,2838,2479,196,923,5132,6518,1762,1517,121,53,2897,875,1199,382,32,449,6659,3668,2230,1529,90,322,2533,1538,783,539,40,1428,13276,6258,5342,5597,383,0,945,5820,0,0,0,0,0,142,3735,1414,2739,1110,54,0,0,0,1275,0,0,1724,1052,0,0,0,16,0,0,0,1,0,0,0,153,2312,621,1068,941,70,130,2524,940,830,333,26,36,1834,744,505,189,22,17,1337,437,505,148,15,94,2249,1155,1004,420,32,36,996,391,596,172,10,2226,16872,9220,6092,1760,65,124,793,123,550,285,1,145,1981,770,1041,238,14,49,1871,337,1171,321,11,150,1908,958,759,288,22,66,0,0,0,0,0,0,0,0,0,0,0,0,0,0,1000,7,421,403,0,1,0,229,4,0,457,76,210,39,0,76,81,0,0,0,0,0,189,0,233,0,861,0,116,42,0,2,0,0,0,21,0,249,190,0,0,0,0,0,0,0,0,0,0,0,1,12,2,0,0,1,0,0,1,0,712,1,69,0,0,0,0,0,0,0,0,0,0
02 NP-CT-L6b Glut,0,1,5,901,2601,95,1,3,689,1879,219,14,0,1,0,1,1,0,1063,1479,21,2,9,614,911,49,0,7,722,198,1,0,0,1,1,8,6,2,1,0,174,0,1,12,0,0,0,0,2,1,2,198,786,112,2,2,2,328,1293,199,2,0,1,83,409,71,0,0,2,231,880,98,1,0,0,0,0,0,0,17,1,0,2,1,0,1,777,12,3,0,2,0,0,1,4,28,10,3,5,0,0,1,4,7,0,402,0,0,2,3,5,0,310,1,69,0,8,0,2,3,23,0,1,0,0,1,322,0,0,0,0,3,278,849,145,0,13,5,5,662,5774,12,6,11,325,3609,1240,95,0,0,3,0,4,2,1,1,0,463,407,7,0,1,2,0,2,0,0,2,412,1134,26,252,728,2,0,1,0,0,0,4,0,5,0,3,1,0,0,0,2,1,380,1071,42,0,0,2,3,0,0,0,0,0,0,0,1,0,2,0,0,0,0,0,177,0,0,8,0,6,1,1,10,0,1,0,0,1,4,0,0,0,0,0,0,0,0,0,2,12,1,0,0,2,3,0,0,1,0,3,0,1,0,0,0,28,11,1,1,12,6,3,1169,7775,635,9,3,2331,6647,299,0,0,0,5,0,0,3,73,0,0,1,0,0,0,0,0,2,1,0,0,0,0,676,0,1,0,1081,1343,47,1,13,943,1058,7,0,24,876,1042,21,4,0,25,0,86,2,1,4,16,3,0,2,0,0,0,0,0,0,0,4,62,114,40,0,9,2,0,1,0,0,85,1,16,1173,2125,82,0,1,0,0,0,1,791,0,1,0,0,0,0,368,2,2,3,0,0,0,0,3,0,0,0,1,0,0,0,0,0,0,0,0,0,935,0,1,0,1,0,0,0,2,0,0,1,3,4,191,1132,146,19,27,298,1998,89,12,27,1407,2623,176,3,0,0,0,0,1,1,6,1,1,3,5,0,1,0,0,1,0,2,11,0,0,1,1,0,0,0,0,0,0,0,2,0,1,0,4,2,12,588,4425,438,1,0,5,201,1892,236,8,3,3,284,5094,311,4,0,5,213,3141,146,3,0,2,92,621,101,4,0,3,304,3462,273,2,0,2,110,1213,87,5,4,23,1324,6388,417,0,35,5446,0,0,0,0,0,4,0,5,469,1764,315,1,0,0,64,1,0,119,2,1,5,0,6,5,8,1,70,0,3,0,0,1,1,384,1707,170,1,1,0,94,583,142,1,0,0,80,333,58,0,0,0,59,359,77,0,0,0,94,869,216,0,1,0,64,198,70,10,1,37,1301,6567,709,2,0,0,44,200,38,1,0,0,96,495,97,3,0,0,123,706,181,0,1,0,133,614,109,21,0,1,0,0,0,0,1,0,0,0,0,0,0,1,3,0,416,105,0,10,3,83,0,0,1693,109,134,20,0,2541,13,1,0,0,0,0,217,0,41,2,1285,17,15,247,0,0,0,0,2,3,1,36,0,4,0,0,0,0,0,0,0,0,0,0,21,10,4,0,0,14,0,3,4,1,4598,0,2,0,0,0,0,25,0,0,0,0,0
03 OB-CR Glut,0,11,0,0,0,0,20,0,0,0,0,2,0,0,0,0,2,0,0,0,0,4,0,0,0,0,2,0,0,0,0,0,0,0,1,0,0,168,43,1071,104,0,0,8,0,1,0,0,0,0,0,0,0,0,3,0,0,0,0,0,0,0,0,0,0,0,2,0,0,0,0,0,0,0,0,0,0,2,0,0,1,0,2,0,0,186,0,0,1,18,0,0,0,78,6,3,8,3,0,0,1,0,1,0,0,0,0,0,29,32,81,0,0,0,0,0,0,0,0,0,1770,2,38,0,0,0,6,0,0,0,4,1,0,0,0,0,43,3,0,0,0,191,45,6,0,0,2,0,0,0,6,0,0,0,0,96,0,0,1,0,0,0,0,0,0,1,0,0,0,0,0,90,30,3,0,0,0,0,0,0,0,0,0,13,0,0,0,0,11,0,0,0,0,0,0,0,0,0,0,0,0,0,0,0,0,0,0,0,0,0,0,0,0,0,0,4,0,0,0,0,0,0,2,0,0,0,3,0,0,0,0,0,0,0,0,0,0,2,0,0,0,0,51,0,6,0,0,5,0,0,0,0,0,7260,2377,1194,1489,11961,8,0,0,0,0,21,1,0,0,0,0,1,0,0,0,0,0,0,0,0,1,0,0,3,0,0,0,0,0,0,0,0,851,0,25,1,0,0,0,29,0,0,0,0,30,0,0,0,0,32,0,0,0,33,8,2,6,39,0,0,0,0,0,0,0,0,0,1,0,0,0,0,0,0,0,0,0,0,0,53,13,0,0,0,0,0,0,0,0,0,0,15,0,0,0,0,0,0,61,0,0,0,0,0,0,0,0,0,0,0,0,0,0,0,0,0,0,0,0,0,28,0,0,0,0,0,0,0,0,0,0,0,6,0,0,0,0,10,0,0,0,0,28,0,0,0,0,0,0,0,0,0,0,0,0,0,0,1,0,0,0,0,0,0,0,0,1,0,0,0,0,0,0,0,0,0,0,0,0,0,0,0,2,0,0,0,0,0,1,0,0,0,0,0,0,0,0,0,0,0,3,0,0,0,0,0,2,0,0,0,0,0,0,0,0,0,0,0,1,0,0,0,0,0,1,0,0,0,0,0,0,8,45,0,0,0,0,0,4,0,0,0,0,0,1,0,0,25,0,0,8,36,0,0,0,10,1,0,0,0,0,0,0,0,0,0,0,0,0,0,0,0,0,0,0,1,0,0,0,0,0,1,0,0,0,0,0,0,0,0,0,0,0,0,0,0,0,0,0,5,0,0,0,0,0,3,0,0,0,0,0,3,0,0,0,0,0,4,1,0,0,0,0,0,0,0,0,0,0,0,0,0,0,0,0,0,0,0,0,0,0,0,0,1,0,0,1,0,0,0,1,126,2,0,0,0,1,5,0,0,0,0,0,0,0,0,0,0,0,0,0,1,9,0,0,0,0,0,0,0,0,153,139,0,0,0,0,0,0,0,0,0,0,0,397,6,0,0,0,0,0,0,2,0,0,2,0,0,0,0,0,0,0,6,0,0,0
04 DG-IMN Glut,0,0,0,0,0,0,0,2,1,0,0,0,0,0,0,0,0,0,0,1,0,0,0,0,5,3,0,0,0,0,0,0,0,0,0,2,0,1,0,0,3,0,1,0,0,0,0,0,0,0,0,0,0,0,0,0,0,0,0,0,0,0,0,0,0,0,0,0,0,0,0,0,1,0,0,0,0,0,0,1,5,3,3,4,0,3,7,7,5,7,1,2,3,44,95,644,370,453,0,0,0,0,0,0,0,2,0,0,0,1,2,0,24,0,14,0,0,0,0,0,3551,7385,45933,0,0,0,2,0,0,0,0,0,0,0,0,0,0,4,10,0,0,0,0,0,2,1,75,65,0,0,0,0,0,0,0,0,0,0,0,0,0,0,0,0,0,0,0,0,0,0,0,23,101,1,0,1,0,0,0,0,0,0,0,2,0,0,0,0,0,0,1,0,0,0,0,0,0,0,0,0,0,0,0,0,0,0,0,0,0,0,0,0,2,0,0,1,0,0,0,4,0,0,26,0,0,0,5,0,0,0,0,0,0,0,0,0,0,0,0,0,0,0,164,0,2,0,1,0,0,0,0,0,0,0,0,0,0,0,0,1,0,0,0,0,2,1,0,0,0,0,0,0,0,0,0,0,0,1,0,0,0,0,0,0,0,0,0,0,0,0,28,0,0,0,0,0,0,0,2,0,0,0,0,0,0,0,0,1,0,0,0,94,17,0,1,1,0,0,0,0,0,0,0,0,0,0,0,0,0,0,0,0,0,0,0,0,0,667,0,0,0,0,0,0,0,0,0,0,0,1,0,0,0,0,0,0,2,0,0,0,0,0,0,0,0,0,0,0,0,0,0,0,0,0,0,0,0,0,4,0,1,0,0,0,0,0,0,0,1,0,0,0,0,0,0,0,0,0,0,0,1,0,0,1,0,0,0,0,0,0,0,0,0,0,0,0,0,5,0,0,0,0,0,0,0,0,0,0,0,1,0,0,0,0,0,0,0,0,0,0,1,0,0,0,0,0,0,1,0,0,1,0,0,1,0,0,0,0,0,0,0,0,0,0,0,0,0,0,0,0,0,0,0,1,0,0,0,0,0,0,0,0,0,0,0,0,1,0,0,7,6,0,0,0,0,0,0,2,0,0,0,0,0,0,1,21,0,0,3,0,0,0,0,57,0,0,0,0,0,0,0,0,1,1,0,1,2,0,0,0,0,0,0,0,0,0,0,0,0,0,0,0,0,0,0,0,0,0,0,0,0,0,0,0,0,0,0,0,0,1,0,0,0,0,0,0,0,0,0,0,0,0,0,0,0,0,0,0,0,0,0,0,0,0,0,0,0,25,0,0,0,0,0,0,0,0,0,0,0,0,0,0,0,0,70,4,0,2,0,116,5,0,34,1,6,2,0,0,66,0,0,0,0,0,5,0,3,0,42,0,106,53,0,0,0,0,0,44,0,0,0,0,0,1,0,0,0,0,0,0,0,0,0,4,2,0,0,0,0,0,0,0,3,1,1,0,0,0,0,0,0,0,0,0,0
05 OB-IMN GABA,4,0,1,0,3,0,6,1,1,1,1,296,0,0,0,0,5,1,0,1,0,2,3,0,0,1,8,4,0,0,0,0,0,0,0,0,0,726,3631,2081,4703,0,0,0,1,0,0,0,0,0,0,1,0,0,0,0,0,2,1,0,0,0,0,0,0,0,0,1,0,0,0,0,0,0,0,0,0,0,0,0,4,1,1,0,7,0,20,0,0,0,4,0,0,0,0,41,2,0,0,2,2,0,0,0,0,1,0,0,2,1,0,0,3094,0,6,0,0,1,0,0,2,47,34,0,0,0,25,0,0,0,0,0,0,0,0,0,1,1,0,1,6,0,1,0,0,0,32,6,0,0,0,0,0,0,0,281,1,0,0,0,2,0,0,0,0,0,0,0,0,0,0,0,7,0,0,2,0,0,0,0,0,0,0,1,0,0,0,0,3,0,1,2,0,0,0,0,0,0,0,0,0,0,0,0,0,0,0,0,0,0,0,0,45,0,0,0,0,0,0,0,0,0,1,0,0,0,0,0,0,0,2,99,252,0,0,0,0,0,0,0,0,0,4,0,0,0,0,0,0,0,0,0,0,45510,112607,14341,11598,43880,2,1,0,3,2,5,2,2,0,0,0,0,0,0,0,0,0,1,0,0,0,0,0,1,0,0,0,0,0,0,0,0,6687,0,120,1,2,12,7,90,0,1,4,0,138,0,2,11,1,29,0,0,0,1,0,0,3,0,0,0,0,0,0,0,0,0,0,0,0,0,0,0,0,1,0,0,0,0,0,134,44,0,1,1,0,0,0,0,0,0,0,0,0,0,0,0,0,0,0,0,0,0,0,0,0,0,0,0,0,0,0,0,0,0,0,0,0,0,0,0,22,0,0,0,0,0,0,0,0,0,0,0,0,0,0,0,0,0,0,0,0,0,3,0,0,1,0,0,0,0,0,0,0,0,0,0,0,0,0,620,1,0,0,0,0,16,0,0,0,0,0,0,0,0,0,0,0,0,0,0,0,0,2,0,0,0,1,1,0,0,0,0,1,1,0,1,0,0,0,0,0,0,0,0,0,0,0,0,0,0,1,0,1,0,0,0,4,2,0,0,0,0,1,0,0,2,1,1,1,1,0,185,28,0,0,0,0,0,0,0,0,0,0,0,0,0,0,0,0,2,81,173,0,0,0,0,0,0,0,0,0,0,0,0,0,0,0,0,0,0,0,0,0,0,0,0,1,0,0,0,0,0,0,0,0,0,0,0,0,0,0,1,0,0,0,0,0,0,0,0,3,1,0,0,1,0,1,0,0,1,0,0,0,0,0,0,0,1,0,0,0,0,0,0,0,0,0,0,0,1681,0,0,0,0,0,0,0,0,0,0,0,0,0,0,1697,0,174,3,0,0,0,19,0,0,1430,328,214,50,0,32,0,0,0,0,0,1,35,0,2,0,988,2,2,397,0,0,0,0,0,2,0,991,1923,1,0,0,0,0,0,0,0,0,0,1,4203,1,10,0,0,0,0,0,0,0,24,0,3,0,0,0,1,0,0,72,0,0,0
06 CTX-CGE GABA,45,297,231,137,97,2,252,210,175,55,8,15,0,0,0,0,77,287,111,66,1,59,211,101,54,3,35,125,56,5,0,0,0,0,0,0,0,0,1,1,495,0,1,72,0,0,0,0,59,105,22,45,25,8,104,161,63,78,24,5,32,60,14,27,9,4,54,90,33,50,23,1,0,0,0,0,1,8,1,168,134,80,76,156,15,488,287,113,495,12,14,7,41,77,90,162,130,245,0,19,1,15,0,0,0,55,0,0,171,178,209,0,152,0,42,0,0,0,0,0,197,156,110,0,0,0,102,0,0,0,49,131,58,39,5,0,167,316,262,266,115,214,226,155,118,80,203,150,0,0,14,0,0,0,0,38,139,59,11,0,9,3,1,0,0,59,175,30,36,43,1,127,53,4,0,22,0,0,0,0,1,0,0,26,0,0,0,1,44,56,59,19,1,0,0,0,0,0,0,0,0,0,0,0,0,0,0,0,0,0,0,0,111,0,0,0,0,0,0,0,1,0,4,0,0,0,0,3,0,0,4,8,2,0,3,0,0,2,0,0,0,0,207,0,0,0,0,0,0,0,0,0,0,30,17,11,6,53,464,1438,391,328,23,930,1662,524,353,8,0,0,0,0,2,0,1,0,0,0,6,0,0,20,11,9,0,0,0,0,0,0,244,0,84,197,141,39,2,95,129,41,15,0,60,105,68,14,1,75,0,0,0,273,182,0,16,198,0,0,0,0,0,1,0,0,0,19,91,27,6,1,0,0,0,0,0,0,0,1445,209,178,106,49,1,0,0,0,0,0,0,230,0,0,0,0,3,0,265,0,0,0,0,0,0,0,0,0,0,1,0,0,0,0,1,0,0,0,0,0,234,0,1,0,0,0,0,0,0,0,0,0,146,280,75,59,7,260,412,141,73,3,502,563,161,53,3,8,0,0,0,0,0,0,2,1,0,8,6,1,2,0,0,0,1,29,0,0,0,0,0,1,0,0,0,0,0,0,0,0,0,0,359,720,259,110,104,14,133,290,65,57,60,4,246,557,154,100,79,8,160,329,124,62,73,7,74,188,35,36,29,4,207,471,116,91,106,11,74,189,47,28,39,5,450,790,277,291,192,20,0,73,262,0,0,0,0,0,115,216,72,104,55,7,0,0,1,255,0,2,124,60,0,0,0,3,0,0,0,0,0,0,0,81,199,55,68,46,13,59,156,21,31,20,7,61,110,31,18,5,0,40,81,19,26,18,5,62,127,46,41,17,4,25,65,16,22,13,1,472,869,190,141,62,13,50,70,6,40,5,0,61,124,22,30,15,6,61,131,19,55,16,3,64,104,35,20,14,1,10,0,0,0,0,0,0,0,0,0,0,0,0,0,1,34,3,82,24,0,0,0,51,1,0,140,19,34,6,0,138,3,0,0,0,0,2,54,0,15,0,141,6,17,57,0,1,0,0,0,5,0,61,2,0,0,0,0,0,0,0,0,0,0,0,1,8,0,0,0,0,0,0,0,0,166,0,17,0,0,0,0,0,0,0,0,0,0
07 CTX-MGE GABA,22,91,268,820,277,5,44,139,735,211,14,24,0,0,0,0,2,202,760,243,10,1,227,422,212,9,1,105,302,47,1,0,0,0,0,0,0,0,4,0,998,0,0,55,0,0,0,0,9,108,91,240,103,10,13,143,141,505,128,13,2,66,47,182,48,3,1,66,89,363,97,12,0,0,0,0,0,1,0,276,271,84,173,253,10,215,1726,301,476,25,49,35,34,177,236,493,505,460,0,48,7,49,0,0,0,105,0,0,96,166,197,0,124,0,137,0,0,0,0,0,499,401,220,0,0,0,177,0,0,0,6,183,283,188,12,0,14,369,648,988,641,71,316,388,521,355,850,367,0,0,21,0,0,0,0,11,152,318,60,0,9,2,0,0,0,7,115,97,333,133,2,151,194,3,0,41,0,0,0,0,0,0,0,17,0,0,0,0,3,18,227,196,0,0,0,0,0,0,0,0,0,0,0,0,0,0,0,0,0,0,0,0,148,0,0,0,0,0,1,3,2,0,1,0,0,0,1,1,0,0,1,2,1,0,1,0,0,2,0,0,0,0,192,2,0,0,0,1,0,0,0,0,0,3,24,0,1,0,51,1390,1772,1263,36,161,1624,2394,1066,7,0,1,0,0,0,0,0,0,0,0,3,0,0,2,5,4,0,1,0,0,0,0,442,0,14,188,739,178,4,42,90,347,130,0,13,163,491,118,5,18,0,0,0,519,125,0,3,203,1,0,0,0,0,0,0,0,0,1,114,104,20,8,0,0,0,0,0,0,0,2216,24,142,635,192,4,0,0,0,0,0,0,398,0,0,0,0,0,0,339,0,0,0,0,0,0,0,0,0,0,0,0,0,0,0,0,0,0,0,0,0,631,0,0,0,0,0,0,0,0,0,0,0,26,228,450,206,3,43,328,727,405,9,59,356,1128,305,7,0,0,0,0,0,0,0,0,0,1,5,1,1,1,0,0,0,0,18,0,0,0,0,0,5,0,0,0,0,0,0,0,0,0,0,52,544,725,925,611,33,9,252,172,407,296,13,45,483,512,890,780,22,27,229,411,480,434,11,4,145,67,225,131,6,21,400,386,654,489,14,7,125,108,241,189,4,56,670,668,1796,903,53,0,69,903,0,0,0,0,0,6,175,186,674,225,23,0,0,0,340,0,0,136,41,0,0,0,4,0,0,0,0,0,0,0,4,146,109,434,208,15,5,131,63,183,108,6,2,80,68,164,56,4,3,68,20,144,60,4,4,81,77,230,111,9,0,43,33,146,44,1,61,547,759,1363,473,29,11,52,11,142,69,3,5,92,46,233,83,3,2,100,34,297,100,8,3,100,78,189,71,7,22,1,0,0,0,0,0,0,0,0,0,0,0,0,1,65,1,337,49,0,0,0,92,0,0,157,27,16,11,0,148,45,0,0,0,0,4,105,0,79,0,317,9,25,115,0,1,0,0,0,20,0,0,1,0,0,0,0,0,0,0,0,0,0,0,0,7,0,0,0,0,0,0,0,0,298,1,21,0,0,0,0,0,0,0,0,0,0
08 CNU-MGE GABA,308,5,1,16,18,0,6,0,13,9,0,1336,0,0,33,7,1,7,24,23,3,1,4,22,19,2,0,2,17,4,0,0,0,0,0,0,0,1,3,0,102,0,0,0,0,0,0,0,0,1,0,6,4,1,1,1,3,15,7,0,0,0,0,2,2,0,0,2,0,6,3,3,0,96,166,0,0,0,2,30,11,7,55,3,327,6,16,3,4,0,0,0,0,0,0,0,0,1,0,29,40,220,0,0,0,17,0,0,5,1,3,0,5967,0,24,0,0,0,0,0,0,0,0,0,0,0,6,0,0,0,0,5,9,9,2,0,0,1,5,37,21,0,0,0,3,3,76,51,0,0,0,0,0,0,0,0,2,4,1,0,182,1594,33,0,0,0,3,2,11,10,1,1,6,392,0,17,0,0,0,0,0,0,0,1,0,0,0,1,0,0,13,11,2,0,0,0,0,1,0,0,0,0,0,0,0,0,0,0,0,0,0,0,36,0,0,0,0,0,0,0,0,0,150,0,0,0,0,396,0,0,0,100,44,0,565,0,0,1,0,0,0,0,134,8,0,0,0,0,0,0,0,0,0,1,6,1,0,2,3,30,29,61,5,7,20,30,39,3,4,284,0,0,1343,0,0,0,0,0,1958,0,0,1,5,7,0,0,1,0,0,0,159,0,1,2,13,15,2,0,0,10,6,0,1,2,2,10,1,430,9,1,0,3,0,0,440,0,0,0,2,0,0,0,0,0,0,0,4,6,2,0,0,0,0,0,0,1,0,114,5,2,24,14,0,0,0,0,0,0,0,1,0,1,0,0,0,0,0,0,0,0,0,42,0,0,0,0,1,0,0,0,0,0,0,0,0,0,1,0,4,0,0,0,0,0,0,0,0,0,0,0,0,6,5,4,0,0,4,7,5,0,2,4,5,4,0,1,0,0,0,0,0,0,0,0,0,0,0,3,23,0,0,0,0,1632,0,0,0,1,0,1,10,0,0,0,0,0,0,0,0,0,3,7,2,13,20,3,1,6,0,3,7,1,5,6,0,11,37,3,1,4,2,5,21,3,0,3,1,1,3,1,2,10,1,3,18,4,0,3,0,4,8,3,2,10,1,36,60,6,0,1104,10,0,0,0,0,0,0,2,1,11,12,1,1,0,0,12,0,2,5,2,0,0,0,1,0,0,0,0,0,0,0,2,3,0,7,15,3,2,1,0,1,2,1,3,0,0,1,3,0,0,2,1,1,2,0,0,0,0,1,2,0,0,1,0,1,1,0,5,4,2,13,11,2,0,0,1,4,3,0,0,0,0,1,1,4,0,2,0,4,1,0,1,0,0,2,1,1,35,73,1,0,1,0,0,0,0,0,0,0,1,0,1,25,25,8,6,0,0,0,39,0,0,64,10,8,3,0,26,0,0,0,0,0,0,4,0,1,0,68,0,27,24,0,5,0,0,0,242,0,1,1,0,0,5,0,0,0,0,0,1,2,0,0,3,0,0,0,0,0,0,0,0,67,1,12,0,0,0,0,0,0,0,0,0,0
09 CNU-LGE GABA,240,0,0,0,0,0,1,1,0,0,0,35781,0,0,22,1,0,0,1,22,14,0,2,10,19,3,1,0,1,27,2,0,0,0,0,0,0,5,1,7,941,0,0,0,0,0,0,0,0,0,0,0,1,0,0,0,0,1,0,0,0,0,0,0,0,0,0,0,0,0,1,0,0,3,2,0,0,1,0,603,29,8,678,24,983,0,1,0,0,0,0,0,0,0,0,24,0,0,0,741,421,1126,0,0,0,50,0,0,37,1,1,0,155728,0,579,0,0,0,0,0,0,0,0,1,0,0,3,0,0,0,0,1,2,11,2,0,0,0,1,1,0,0,0,0,0,0,318,758,0,0,0,0,1,0,0,1,0,0,0,0,1336,895,9,0,0,0,0,0,3,2,7,1,0,228,0,169,0,0,0,0,3,1,0,0,0,0,0,0,0,0,0,1,0,0,0,0,0,0,0,0,0,0,0,0,0,0,0,0,0,0,0,0,808,0,0,0,0,0,0,0,1,0,22,0,0,0,0,70,1,0,0,249,386,0,132,0,0,2,0,0,0,0,381,8,0,0,0,0,0,0,0,0,0,117,221,22,16,106,0,1,2,2,4,0,0,3,2,1,2,7,0,0,4,0,0,0,0,0,220,0,0,2,2,19,0,0,0,0,0,0,1378,0,1,0,3,34,1,2,1,0,1,0,1,1,0,0,1,27453,0,0,0,5,11,0,1010,1,0,0,0,0,0,0,0,0,0,0,1,0,0,0,0,0,0,0,0,1,0,895,2,0,0,2,0,0,0,0,0,0,0,0,0,0,0,0,0,0,0,0,0,0,0,33,0,0,0,1,0,0,0,0,1,1,1,0,0,0,0,0,0,0,0,0,0,0,0,0,0,0,0,0,0,0,0,0,0,0,0,0,0,0,0,1,0,0,0,13,0,0,0,0,0,0,0,0,0,0,0,12,2,0,0,0,0,5986,0,0,0,0,0,0,0,0,0,0,0,0,0,1,0,0,0,0,0,2,0,0,0,0,0,0,0,0,0,0,0,0,1,0,0,0,0,0,2,1,0,0,0,0,0,0,0,0,0,0,1,1,0,0,0,0,0,0,0,2,0,6,7,23,0,6362,1,0,1,0,1,0,0,0,0,2,1,1,3,0,0,1,0,0,7,23,0,0,0,0,0,0,0,0,0,0,0,0,1,0,2,40,40,0,0,0,0,0,0,0,0,0,0,0,0,0,0,0,0,0,0,0,0,0,0,0,0,0,0,0,0,0,0,0,0,0,0,0,0,0,0,0,0,0,0,0,0,0,0,0,0,0,0,0,0,0,0,0,0,0,0,0,0,452,2,1,1,0,0,0,0,0,0,0,0,0,0,1,317,230,12,185,0,0,0,41,0,0,415,106,60,24,0,1,0,0,0,0,0,0,0,0,0,0,1116,13,63,2,0,7,0,0,0,711,0,104,4,0,0,0,0,0,0,0,0,0,1,0,9,4,34,0,0,0,0,0,0,0,31,2,190,0,0,0,1,0,0,0,0,0,0
10 LSX GABA,0,0,0,0,0,0,0,0,1,0,0,63,0,0,13,0,0,0,0,0,0,0,0,0,0,0,0,0,0,0,0,0,0,0,0,0,0,0,0,0,5,0,0,0,4,1,0,0,0,0,0,0,0,0,0,0,0,0,0,0,0,0,0,0,0,0,0,0,0,0,0,0,0,0,0,0,0,0,0,0,0,0,0,0,181,0,0,0,0,0,0,0,0,0,0,19,1,0,0,0,1,1,0,0,0,0,0,0,0,0,0,0,14,0,0,0,0,0,0,0,0,0,2,0,0,0,6,0,0,0,0,0,0,0,0,0,0,0,0,0,0,0,0,0,0,0,0,0,0,0,0,0,0,0,0,1,0,0,0,0,0,0,0,0,0,0,0,0,0,0,0,0,1,8,0,0,0,0,0,0,0,0,0,0,0,0,0,0,0,0,1,0,0,0,0,0,0,0,0,0,0,0,0,0,0,0,0,0,0,0,0,0,0,0,0,0,0,0,0,0,0,0,2,0,0,0,0,3,0,0,1968,5921,2958,0,0,0,0,0,0,0,0,1,1,0,0,0,0,3,0,0,0,0,0,69,3,1,2,46,0,0,0,0,0,0,0,0,0,0,3,1,0,0,80,0,0,0,0,0,1,0,0,0,0,0,0,0,0,0,0,0,75,0,0,0,0,0,0,0,0,0,1,0,0,0,0,0,0,2,0,0,0,1,0,0,1,0,0,0,0,0,0,0,0,0,0,0,0,0,0,0,0,0,0,0,0,0,0,1,0,0,0,0,0,0,0,0,0,0,0,0,0,0,0,0,0,0,0,0,0,0,0,0,0,0,0,0,3,0,1,0,0,0,1,0,0,0,0,0,0,0,1,0,0,0,0,0,0,0,0,0,0,0,0,0,0,0,0,0,0,0,0,0,0,0,0,0,0,0,0,0,0,0,1,0,0,0,0,4,760,0,0,0,86,6,0,0,0,0,0,0,0,0,0,0,0,0,0,0,0,0,0,0,0,0,0,0,0,0,0,0,0,0,0,0,0,0,0,0,0,0,0,0,0,0,0,0,0,0,0,0,0,0,0,0,0,0,0,0,0,0,0,0,0,0,0,0,0,0,0,1123,0,0,0,0,0,0,0,0,0,0,0,0,0,0,0,0,0,358,139,2,0,0,0,25,4,0,0,0,0,0,0,0,0,0,0,0,0,0,0,0,0,0,0,0,0,0,0,0,0,0,0,0,0,0,0,0,0,0,0,0,0,0,0,0,0,0,0,0,0,0,0,0,0,0,0,0,0,0,0,0,0,0,0,0,0,0,0,0,0,0,0,0,0,0,0,0,0,159,0,1,1,0,0,0,0,0,0,0,0,0,0,0,3,1,10,0,0,0,0,88,0,0,120,71,0,0,0,0,0,0,0,0,0,56,2,0,0,0,15,252,3,0,0,25,0,0,0,0,0,0,0,0,2,0,0,0,0,0,0,0,0,0,1,0,0,0,0,0,0,0,0,0,0,1,0,0,0,0,0,0,28,1,0,0,0
11 CNU-HYa GABA,651,0,0,0,0,0,0,0,0,0,0,423,0,0,304,332,0,0,0,0,0,2,0,2,3,1,1,2,1,1,0,0,0,0,0,1,1,0,0,4,361,0,0,0,8,2,0,0,0,0,0,0,0,0,0,0,0,0,0,0,0,0,0,0,0,0,0,0,0,0,0,0,0,159,306,0,0,17,0,22,2,3,224,2,3480,2,0,1,2,0,1,0,0,0,0,5,1,0,2,414,1017,1926,1,2,0,0,0,0,202,4,26,0,435,1,25,0,0,0,0,0,0,0,0,4,0,1,4,0,0,0,0,0,0,0,0,0,0,1,3,0,1,0,0,1,0,0,17,42,0,0,0,0,4,0,0,0,0,0,0,0,367,95,1,0,0,0,0,0,0,0,0,2,3,1564,0,16,0,0,0,0,0,0,0,0,0,0,0,1,0,0,0,0,0,0,1,0,1,0,0,0,0,0,0,0,0,0,0,0,0,0,0,0,17,0,0,0,0,0,0,0,2,0,296,0,0,0,0,794,0,0,1,209,189,0,133,0,0,1,0,0,0,0,2163,127,0,0,0,2,0,0,0,0,0,19,42,4,13,24,0,0,1,0,0,2,0,0,0,0,1067,1132,0,2,206,0,0,2,0,0,256,0,0,73,120,38,1,0,0,0,0,0,441,0,0,0,0,0,0,0,0,0,1,0,2,2,0,0,0,102,25,2,0,25,24,5,391,0,0,0,1,0,0,0,0,35,0,1,1,0,0,0,0,7,0,0,0,0,0,374,0,0,0,0,0,0,0,0,0,0,0,0,0,1,0,0,0,0,0,2,0,0,1,323,0,0,0,1,60,5,2,19,7,1,233,0,0,0,3,0,0,40,1,0,0,1,0,0,0,0,0,0,0,0,0,0,0,0,0,0,0,0,0,0,0,0,0,6,0,151,27,2,0,0,0,0,0,0,0,4,27,13,0,0,0,1077,2,0,0,0,0,0,26,0,0,0,0,0,1,0,0,0,0,0,0,0,0,0,0,0,0,0,0,0,0,0,0,0,0,0,0,0,0,0,0,0,0,0,0,0,0,0,0,0,0,0,0,0,0,0,0,0,0,0,0,0,0,0,0,0,0,2446,0,0,0,0,0,0,0,0,0,1,0,0,15,0,0,1,0,18,25,75,11,0,0,140,11,1,0,0,0,0,0,0,0,1,0,1,0,0,0,0,0,0,0,0,0,0,0,0,0,0,0,0,0,0,0,0,0,0,0,0,0,0,0,0,0,0,0,0,0,0,0,0,0,0,0,0,0,0,0,0,0,0,0,0,0,0,0,0,0,0,0,0,0,0,0,0,0,75,31,1,4,29,1,0,0,0,0,0,0,0,0,6,63,43,5,1,0,0,0,65,0,0,1,1,1,17,0,0,0,0,0,0,0,0,0,0,2,0,9,18,191,0,0,101,0,0,0,87,0,67,0,0,3,0,0,0,0,0,0,0,1,73,0,102,1,0,0,0,0,0,0,2,0,74,112,0,0,0,0,0,0,0,0,0,0
12 HY GABA,4,0,0,0,0,0,0,0,0,0,0,2,0,1,1,1808,0,0,0,0,0,0,0,0,0,0,0,0,1,0,0,0,0,10,60,0,1,2,1,1,2,0,0,0,8,1447,33,0,0,0,0,0,0,0,0,0,0,0,0,0,0,0,0,0,0,0,0,0,0,0,0,0,13,13,66,0,0,0,0,1,0,0,1,0,148,0,0,0,0,0,0,0,0,0,0,18,2,0,0,0,0,2,1,0,0,0,0,1,0,0,0,0,15,2,1,1,1,0,0,0,0,0,0,875,0,3,0,0,0,0,0,0,0,0,0,0,0,0,0,0,4,0,0,0,0,0,0,1,0,0,0,62,0,0,0,0,0,0,0,0,0,4,59,0,0,0,0,0,0,0,0,0,0,3105,0,0,0,0,0,0,0,3,0,0,63,0,0,0,0,0,0,0,0,0,0,1,1,0,0,0,0,0,0,0,0,0,0,0,0,0,12,0,0,0,0,44,2,9,0,2,539,2,909,0,0,24,3,68,3,0,0,2,8,14,3,0,1,410,7,0,0,116,4,2,0,0,0,1,1,0,0,0,0,37,8,2,1,41,0,0,0,0,0,0,0,0,0,0,1090,298,0,4,5,0,1,7,0,0,5,0,1,0,0,0,0,0,0,0,0,2,4,0,2,0,0,0,0,0,0,0,1,0,2,0,0,0,0,5,0,2,0,0,0,7,175,0,4,0,2,0,0,3,2,18,0,0,0,0,0,0,1,1,0,0,1,287,1,1,0,0,0,0,0,3,110,0,2,0,0,0,3,0,0,0,220,1,0,0,2,2,1,2,6,41,0,11,169,262,2,332,245,95,708,0,0,0,424,2,0,192,79,1,0,0,1,0,0,0,0,0,0,0,0,0,0,0,1,0,0,0,0,0,0,0,0,4168,0,532,1579,0,1,0,2,0,0,0,0,3,4,0,0,0,0,24,0,0,1,8,23,48,6,0,0,0,1,0,2,0,0,0,0,0,0,0,0,0,0,0,0,0,0,0,0,1,0,0,0,0,0,0,0,0,0,0,0,0,0,0,0,0,0,0,0,0,0,0,0,0,0,0,0,0,0,0,0,0,0,0,34,18,0,8,1,0,0,85,0,0,0,0,0,0,207,44,117,0,0,3,0,0,1018,1,0,182,6,0,26,1,0,1,0,0,0,0,0,0,0,0,0,0,0,0,0,0,0,0,0,0,0,0,1,0,0,0,0,0,0,0,0,0,0,0,0,0,0,0,0,0,0,0,0,0,0,0,0,0,0,0,0,0,0,0,0,0,0,0,0,0,0,0,0,0,0,0,0,0,0,18,25,229,658,142,153,0,9,1,0,0,0,1,8,2371,0,0,15,0,46,1,0,69,0,0,0,2,0,6,0,0,82,0,0,0,0,0,0,0,0,185,0,8,517,0,0,119,0,0,0,275,1,1,3,0,0,1,2,0,0,0,2,59,73,379,0,51,33,0,1,0,0,0,0,0,0,25,60,5,0,0,0,0,1,0,0,0,0
13 CNU-HYa Glut,349,3,1,0,0,0,0,2,5,2,0,60,0,0,95,92,4,1,1,1,0,1,5,11,4,0,4,8,10,0,0,0,0,42,11,3,1,7,1,20,38,5,0,1,1,23,0,0,0,1,0,0,0,0,1,0,2,1,0,0,0,1,0,0,0,0,2,0,0,1,0,0,1,48,626,0,0,45,13,81,25,30,1295,23,814,4,1,1,0,0,0,0,0,0,0,7,1,0,3,16,5,109,0,1,2,4,0,1,972,6,5,1,23,0,62,0,1,0,3,1,12,0,3,3,0,0,7,0,0,1,2,1,2,0,0,0,6,4,31,43,7,6,1,1,2,1,90,237,0,0,0,0,5,0,1,3,0,0,0,0,49,42,59,0,2,3,0,0,1,0,0,6,1,843,1,241,0,0,0,1,2,8,1,0,2,0,0,0,0,0,2,3,1,0,0,2,1,0,0,0,1,0,2,0,0,0,1,0,0,0,0,0,9,0,0,3,1,0,0,1,15,1,1045,0,0,1,2,429,1,0,83,338,279,0,225,0,0,15,2,0,0,10,3031,152,0,0,0,1,0,0,1,0,0,40,18,1,3,25,10,3,0,0,0,13,5,2,0,0,255,345,0,3,299,0,5,11,0,0,246,1,2,139,405,125,2,1,1,0,0,3,268,0,2,3,0,1,0,1,0,0,3,0,1,0,1,0,0,120,48,12,1,8,119,8,272,0,2,0,2,0,0,1,0,2,0,0,1,0,0,0,0,3,15,0,2,3,0,911,2,0,0,0,0,0,2,0,0,1,1,1,1,1,0,0,3,1,1,1,3,2,0,52,0,0,2,63,52,13,15,1,3,5,215,0,0,0,42,0,2,0,32,0,0,1,0,0,0,1,0,2,6,2,0,1,0,7,0,0,0,0,4,2,0,0,0,15,0,3,2,2,1,0,5,1,1,4,11,0,1168,39,0,0,0,760,2,0,0,1,0,1,20,0,0,0,0,0,0,0,0,1,10,0,0,0,0,0,3,0,0,0,1,0,4,2,2,0,0,0,6,1,0,0,0,0,3,0,0,0,0,0,6,1,0,0,1,0,1,0,0,0,0,0,6,2,0,0,0,0,0,557,9,0,1,0,0,0,2,0,1,0,1,0,182,0,1,16,6,2858,13,7,4,3,0,466,11,6,0,5,0,1,1,0,0,0,0,0,0,1,0,0,0,0,0,2,0,0,0,0,0,1,1,0,0,0,0,2,0,0,0,0,0,1,0,0,1,0,0,5,0,0,0,2,0,3,0,0,1,0,0,1,0,0,0,0,0,4,0,0,0,0,0,3,1,0,0,0,0,50,44,0,9,17,0,0,0,0,0,0,2,0,0,112,23,22,0,5,0,1,2,224,0,0,3,3,0,55,0,4,0,0,1,0,0,0,0,0,5,1,13,255,176,1,1,543,0,0,0,15,2,19,1,4,18,0,2,0,0,0,0,0,12,82,9,17,0,0,0,1,0,0,2,3,2,54,43,0,1,0,2,0,343,0,0,0,0
14 HY Glut,0,1,0,0,0,0,0,0,0,0,0,2,0,0,2,1864,0,0,0,0,0,0,0,0,0,0,0,0,0,0,0,0,0,0,0,0,0,0,0,2,4,0,1,0,0,653,3,0,0,0,0,0,0,0,0,0,0,0,0,0,0,0,0,0,0,0,0,0,0,0,0,0,0,0,64,0,0,0,0,0,0,0,0,0,124,0,0,0,0,0,0,0,0,0,0,0,0,0,0,0,0,1,1,1,0,0,0,0,2,0,0,0,0,2,0,0,1,1,0,0,0,0,0,1386,0,1,0,0,0,1,0,0,0,0,0,0,0,0,0,0,0,0,0,1,0,0,1,0,0,0,0,8,0,0,0,0,0,0,0,0,0,0,50,0,0,0,0,0,0,0,0,0,0,4301,0,0,0,0,0,0,4,1,1,0,0,0,0,0,0,0,0,0,0,0,0,2,0,0,0,0,0,0,0,0,0,0,2,0,0,0,0,0,0,0,0,0,1,0,0,0,1,1,2394,0,0,173,0,122,0,0,0,4,5,0,1,1,0,527,0,0,0,44,32,3,0,0,0,0,16,14,1,5,0,9,3,4,1,16,0,0,0,0,0,0,0,0,0,0,815,173,0,10,0,1,1,2,1,0,4,1,0,0,0,0,0,0,3,0,0,3,1,0,0,0,0,0,0,0,0,0,0,0,0,0,0,0,0,1,0,6,0,0,0,24,147,0,1,0,3,0,0,2,0,10,0,0,0,0,0,0,0,0,1,0,0,1466,0,0,0,0,0,0,0,163,545,0,0,1,0,0,20,0,1,0,23,0,0,0,1,2,0,0,22,606,0,1,1104,202,0,236,297,59,415,0,0,0,271,0,0,311,49,0,1,0,0,1,0,0,0,0,0,0,0,0,0,0,0,0,0,0,0,0,0,0,0,2,0,355,57,0,0,0,1,3,0,0,0,0,3,0,0,0,0,14,0,0,0,8,13,6,157,0,0,0,11,0,0,0,0,0,0,0,0,0,0,0,0,0,0,0,0,0,0,0,0,0,0,0,0,1,0,0,0,0,0,0,0,0,0,0,0,0,0,0,0,0,0,0,0,0,0,0,0,0,0,0,0,0,638,4,0,508,1,0,0,1,0,0,0,0,0,0,81,9,54,0,1,4,0,0,677,0,0,109,1,0,0,0,0,0,0,0,0,0,0,0,0,0,0,0,0,0,0,0,0,0,0,0,0,0,0,0,0,0,0,0,0,0,0,0,0,0,0,0,0,0,0,0,0,0,0,0,0,0,0,0,0,0,0,0,0,0,0,0,0,0,0,0,0,0,0,0,0,0,0,0,0,0,10,18,3414,72,0,0,0,3,20,0,0,0,1,211,0,0,0,0,0,1,0,56,0,0,0,0,0,4,0,0,13,0,0,0,0,0,0,0,0,0,0,0,741,0,3,189,0,0,0,125,0,1,0,0,0,75,1,1,0,2,14,34,102,160,3,378,0,0,29,0,0,0,0,0,0,6,1,16,0,0,0,0,0,0,0,0,0
15 HY Gnrh1 Glut,0,0,0,0,0,0,0,0,1,0,0,0,0,0,1,0,0,0,0,0,0,0,0,0,0,0,0,0,0,0,0,0,0,0,0,0,0,0,0,0,0,0,0,0,0,0,0,0,0,0,0,0,0,0,0,0,0,0,0,0,0,0,0,0,0,0,0,0,0,0,0,0,0,0,4,0,0,0,0,0,0,0,0,0,0,0,0,0,0,0,0,0,0,0,0,0,0,0,0,0,0,0,0,0,0,0,0,0,0,0,0,0,0,0,0,0,0,0,0,0,0,0,0,0,0,0,0,0,0,0,0,0,0,0,0,0,0,0,0,0,0,0,0,0,0,0,0,0,0,0,0,0,0,0,0,0,0,0,0,0,0,0,0,0,0,0,0,0,0,0,0,0,0,5,0,0,0,0,0,0,0,0,0,0,0,0,0,0,0,0,0,0,0,0,0,0,0,0,0,0,0,0,0,0,0,0,0,0,0,0,0,0,0,0,0,0,0,0,0,0,0,0,1,0,0,0,0,1,0,0,0,9,0,0,0,0,0,0,0,0,0,0,0,3,0,0,0,0,0,0,0,0,0,4,0,0,0,0,0,0,0,0,0,0,0,0,0,0,0,0,0,0,12,0,0,0,0,0,6,0,0,0,0,0,0,0,0,0,0,0,4,0,0,0,0,0,0,0,0,0,0,0,0,1,0,0,0,0,1,0,0,0,0,0,1,0,0,0,0,0,0,0,0,0,0,0,0,0,0,0,0,0,0,0,0,0,0,0,0,0,0,0,0,0,0,0,0,0,0,0,0,0,0,0,0,0,0,0,0,0,0,0,0,0,0,0,0,0,0,0,0,0,2,0,0,0,0,0,0,1,0,0,0,0,0,0,0,0,0,0,0,0,0,0,0,0,0,0,0,0,0,0,0,0,0,0,0,0,0,0,0,0,0,0,0,0,0,0,0,0,0,0,0,0,0,0,0,0,0,0,0,0,0,0,0,0,0,0,0,0,0,0,0,0,0,0,0,0,0,0,0,0,0,0,0,0,0,0,0,0,0,0,0,0,0,0,0,0,0,0,0,0,0,0,0,0,0,0,0,0,0,0,0,0,0,0,0,0,0,9,0,0,0,0,0,0,0,0,0,0,0,0,0,0,0,0,0,1,0,0,0,0,0,2,0,0,0,0,0,0,0,0,0,0,0,0,0,0,0,0,0,0,0,0,0,0,0,0,0,0,0,0,0,0,0,0,0,0,0,0,0,0,0,0,0,0,0,0,0,0,0,0,0,0,0,0,0,0,0,0,0,0,0,0,0,0,0,0,0,0,0,0,0,0,0,0,0,0,1,0,0,1,0,0,0,0,0,0,0,0,0,0,0,0,0,0,0,0,0,0,0,0,0,0,1,0,0,0,0,0,0,0,0,0,0,0,0,0,0,0,4,0,0,0,0,0,0,0,0,1,0,0,0,0,0,0,0,0,0,0,0,1,10,1,0,0,0,0,0,0,0,0,0,1,0,0,0,0,0,0,0,0,0,0,0
16 HY MM Glut,0,0,0,0,0,0,0,0,0,0,0,0,0,0,0,0,0,0,0,0,0,0,0,0,0,0,0,0,0,0,0,0,0,0,0,0,0,0,0,0,0,0,0,0,0,0,0,0,0,0,0,0,0,0,0,0,0,0,0,0,0,0,0,0,0,0,0,0,0,0,0,0,0,0,0,0,0,0,0,0,0,0,0,0,0,0,0,0,0,0,0,0,0,0,0,0,0,0,0,0,0,0,0,0,0,0,0,0,0,0,0,0,0,0,0,0,0,0,0,0,0,0,0,0,0,0,0,0,0,0,0,0,0,0,0,1,0,0,0,0,0,0,0,0,0,0,0,0,0,0,0,0,0,0,0,0,0,0,0,0,0,0,0,0,0,0,0,0,0,0,0,0,0,155,0,0,0,0,0,0,0,0,0,0,0,0,0,0,0,0,0,0,0,0,0,0,0,0,0,0,0,0,0,0,0,0,0,0,0,0,0,0,0,0,0,0,0,0,0,0,0,0,96,0,0,15,0,0,0,0,0,0,0,0,0,0,0,3,0,0,0,0,0,0,0,0,0,0,282,1481,1314,657,146,0,0,0,0,0,0,0,0,0,0,0,0,0,0,0,0,0,0,0,0,0,0,0,0,0,0,0,0,0,0,0,0,0,0,0,0,0,0,0,0,0,0,0,0,0,0,0,0,0,0,0,0,0,0,0,0,1,0,0,0,0,0,0,0,0,0,0,0,0,0,0,0,0,0,0,0,0,0,0,4,0,0,47,0,0,0,0,0,0,0,515,103,0,0,0,0,0,0,0,0,0,0,0,0,0,0,0,0,0,0,0,0,0,0,0,0,0,18,151,0,0,0,0,0,0,0,0,0,0,0,0,0,0,0,0,0,0,0,0,0,0,0,0,0,0,0,0,0,0,0,0,0,0,0,0,0,0,0,0,0,1,0,0,0,0,0,0,0,0,0,0,0,0,0,0,0,0,0,0,0,0,0,0,0,0,0,0,0,0,0,0,0,0,0,0,0,0,0,0,0,0,0,0,0,0,0,0,0,0,0,0,0,0,0,0,0,0,0,0,0,0,0,0,0,0,0,0,0,0,0,1,0,0,0,0,0,0,0,345,0,0,0,0,0,0,0,0,0,0,0,152,0,0,0,0,0,0,3,0,0,104,0,0,0,0,0,0,0,0,0,0,0,0,0,0,0,0,0,0,0,0,0,0,0,0,0,0,0,0,0,0,0,0,0,0,0,0,0,0,0,0,0,0,0,0,0,0,0,0,0,0,0,0,0,0,0,0,0,0,0,0,0,0,0,0,0,0,0,0,0,0,0,0,0,0,0,0,0,0,0,0,0,0,0,0,0,0,0,0,0,0,0,0,0,0,0,115,0,0,0,0,0,0,0,0,0,0,0,0,0,0,0,0,0,0,0,0,0,0,0,3,0,0,0,0,0,0,0,0,0,0,0,0,0,0,0,0,0,0,0,0,0,0,72,0,0,0,0,0,0,0,0,0,0,0,0,0,0,0,0,0,0
17 MH-LH Glut,0,0,0,0,0,0,0,0,0,0,0,0,0,1,0,0,0,0,0,0,0,0,0,0,0,0,0,0,0,0,0,0,0,0,1,0,0,0,0,0,0,0,0,0,0,0,0,0,0,0,0,0,0,0,0,0,0,0,0,0,0,0,0,0,0,0,0,0,0,0,0,0,0,0,0,0,0,0,0,0,0,0,0,0,0,0,0,0,0,0,0,0,0,0,0,0,0,0,0,0,0,0,0,0,3,0,0,0,0,0,0,0,0,0,0,0,0,0,0,0,31,0,0,0,0,0,0,0,0,0,0,0,0,0,0,0,0,0,0,0,0,0,0,0,0,0,0,0,0,0,0,0,0,0,0,0,0,0,0,0,0,0,0,0,0,0,0,0,0,0,0,0,0,0,0,0,0,0,0,0,0,0,0,0,0,0,0,0,0,0,0,0,0,0,0,0,0,0,0,0,0,0,0,0,0,0,0,0,0,0,0,0,0,0,0,0,0,0,0,0,0,1527,0,0,0,0,0,0,0,0,0,0,0,0,0,0,0,3,83,0,0,0,0,0,0,0,0,4291,0,0,0,0,0,0,0,0,0,0,0,0,0,0,0,0,0,0,0,0,0,0,0,0,0,0,0,0,0,0,0,0,0,0,0,0,0,0,0,0,0,0,0,0,0,0,0,0,0,0,0,0,0,0,0,0,0,0,0,0,0,0,0,0,0,1,0,0,0,0,0,0,0,0,0,0,0,0,0,0,0,0,3,0,0,0,0,0,0,0,0,0,0,0,0,0,0,0,0,0,0,0,0,0,0,0,0,9,0,0,0,0,0,0,0,0,0,1,0,0,82,0,0,0,0,0,0,0,0,0,0,0,2,0,0,0,0,0,0,0,0,0,0,0,0,0,0,0,0,0,0,0,0,0,0,0,0,0,0,0,0,0,0,0,0,0,0,0,0,0,0,0,0,0,0,0,0,0,0,0,0,0,0,0,0,2,0,0,0,0,0,0,0,0,0,0,0,0,0,0,0,0,0,0,0,0,0,0,0,0,0,0,0,0,0,0,0,0,0,0,0,0,0,0,0,0,0,0,0,0,0,0,0,0,0,0,0,0,0,0,0,0,0,0,0,0,0,0,0,0,0,0,0,0,19,0,0,0,0,0,0,0,0,0,0,521,0,0,0,0,0,0,0,0,0,0,0,0,0,0,0,0,0,0,0,0,0,0,0,0,0,0,0,0,0,0,0,0,0,0,0,0,0,0,0,0,0,0,0,0,0,0,0,0,0,0,0,0,0,0,0,0,0,0,0,0,0,0,0,0,0,0,0,0,0,0,0,0,0,1,0,0,0,0,0,0,0,0,0,0,0,0,0,0,0,0,0,0,0,0,0,89,0,0,0,0,0,717,0,0,0,0,0,0,0,0,0,0,0,0,0,0,0,0,103,0,0,108,0,0,0,1,0,0,0,0,0,0,0,0,0,0,0,0,0,0,0,0,0,0,0,0,0,0,0,170,0,0,0,0,0,0,0,0,0,0,0
18 TH Glut,0,0,0,0,0,0,0,0,0,0,0,0,0,792,0,0,0,0,0,0,0,0,0,0,0,0,0,0,0,0,0,0,0,386,277,0,0,0,0,1,2,0,43,0,0,1,0,0,0,0,0,0,0,0,0,0,0,0,0,0,0,0,0,0,0,0,0,0,0,0,0,0,1085,0,0,0,0,0,0,0,0,0,0,0,1,0,0,0,0,0,0,0,0,0,0,65,0,0,0,0,0,0,0,0,439,0,0,453,0,0,0,0,0,0,0,0,0,0,0,0,180,0,1,2,0,0,0,0,0,0,0,0,0,0,0,0,0,0,0,0,0,0,0,0,0,0,0,0,0,212,0,8,0,0,0,0,0,0,0,0,0,0,0,0,0,0,0,0,0,0,0,0,12,82,0,0,222,61,0,4,2,2,0,0,60,0,0,0,0,0,0,0,0,192,0,0,0,0,0,0,0,0,0,0,0,0,1,0,0,0,10,0,0,0,0,2195,0,914,295,715,51,67,0,0,0,0,1401,0,0,0,0,0,0,0,0,0,0,237,1838,0,0,0,0,0,484,355,787,6,0,0,0,0,0,1,0,0,1,1,0,0,0,0,0,0,0,0,0,0,0,0,0,147,0,0,0,0,3,0,0,0,0,0,0,0,0,0,0,0,0,0,1,0,0,0,0,0,0,0,0,0,0,0,0,0,0,0,0,0,0,0,0,0,0,3,2,0,0,0,0,0,0,0,334,0,0,0,0,0,0,0,1621,0,0,0,0,1,188,0,0,0,0,0,0,0,0,0,1510,65,0,0,33,0,0,0,121,16,0,0,0,0,0,0,0,0,0,656,144,9,2219,0,2,0,0,0,0,0,0,200,0,0,881,92,0,0,0,0,0,4,0,0,0,0,0,0,0,0,0,0,0,0,0,0,0,0,0,112,0,0,0,0,1,0,2,0,0,1,1,0,0,0,0,235,0,0,0,0,0,420,0,0,0,0,0,94,13,95,0,0,0,0,0,0,0,0,0,0,0,0,0,0,0,0,0,0,0,0,0,0,0,0,0,0,0,0,0,0,0,0,0,0,0,0,0,0,0,0,0,0,0,0,0,0,0,0,0,0,0,0,0,0,0,0,0,0,0,0,0,0,0,0,0,0,1142,0,0,0,0,0,0,0,1,0,0,195,0,0,1397,0,0,0,0,0,0,0,0,0,0,0,0,0,0,0,0,0,0,0,0,0,0,0,0,0,0,0,0,0,0,0,0,0,0,0,0,0,0,0,0,0,0,0,0,0,0,0,0,0,0,0,0,0,0,0,0,0,0,0,0,0,0,0,0,0,0,0,0,0,0,4,0,870,1,0,1301,154,4400,380,0,0,0,0,173,160,0,0,70,0,123,0,0,294,148,0,0,0,0,2,0,0,4,0,0,0,0,0,0,0,0,65,0,69,217,0,106,1,0,0,0,1,0,0,0,0,1,1,65,0,0,0,0,63,0,0,0,0,57,0,0,0,0,0,0,0,0,87,1,0,0,0,0,0,0,0,0,0,0
19 MB Glut,0,0,0,0,0,0,0,0,0,0,0,0,0,1,0,0,0,0,0,0,0,0,0,0,0,0,0,0,0,0,0,0,0,0,0,0,0,0,0,0,2,0,2153,0,153,0,0,0,0,0,0,0,0,0,0,0,0,0,0,0,0,0,0,0,0,0,0,0,0,0,0,0,0,0,1,0,1,0,0,0,0,0,0,0,18,0,0,0,0,0,0,0,0,0,0,3,0,0,141,0,1,0,100,653,3,0,31,4,1,0,0,1,0,5,0,0,172,642,0,0,27,0,1,7,0,0,0,75,4,17,0,0,0,0,0,0,0,0,0,0,0,0,0,0,0,0,0,0,46,5,0,37,0,1,0,0,0,0,0,0,1,0,1,0,2,0,0,0,0,0,0,0,3,109,0,0,1,0,1,8524,8826,8235,61,0,8,36,0,0,0,0,0,0,0,6,11,0,1,0,2,1,3,1,0,0,7,4,0,0,9,7,1,0,0,2,2,0,108,0,0,1,15,59,5,0,0,4,26,1,0,0,0,0,0,2,0,33,0,6694,3,0,0,0,3,0,2,1,1,16,1,0,0,0,0,8,2,1,2,6,0,0,0,0,0,0,0,0,0,0,0,0,96,2778,3,5,2,6,149,40,1,1,2,0,0,0,0,123,259,0,0,1,2,80,0,0,0,0,0,0,0,0,0,0,0,0,0,0,0,1,0,62,1,0,0,8976,3,0,1,0,99,115,0,126,0,0,1,0,0,0,0,0,39,0,7,0,0,127,182,2,0,0,0,0,0,0,0,1,0,149,0,16,100,385,155,0,18,385,4,0,1,45,0,0,0,0,0,33,54,25,147,0,1,0,0,0,11,0,0,74,0,0,105,0,163,2,218,0,0,9,0,38,0,0,0,0,0,0,0,0,0,0,61,0,0,0,0,1,128,0,0,3,1618,648,3881,3971,1165,2764,662,0,1,0,0,30,0,2,17,0,8,7,17,248,0,0,0,149,205,192,0,1,0,1,0,0,0,0,0,0,0,0,0,0,0,0,0,0,0,0,0,0,0,0,0,0,0,0,0,0,0,0,0,0,0,0,0,0,0,0,0,0,0,0,0,0,0,0,0,0,0,0,0,4,3,30,2,0,93,0,0,0,0,0,0,0,320,0,0,0,6,3,0,0,0,0,2,31,7,0,0,0,0,1,0,0,0,0,0,0,0,0,0,0,0,0,0,0,0,0,0,0,0,0,0,0,0,0,0,0,0,0,0,0,0,0,0,0,0,0,0,0,0,0,0,0,0,0,0,0,0,0,0,0,0,0,0,0,0,0,0,0,0,0,0,0,0,0,0,0,0,1,0,33,1,0,0,0,0,69,98,1,1,0,25,26,0,0,0,0,2,2,133,243,63,0,0,0,0,1,83,0,73,48,0,0,0,0,0,15,0,0,0,0,13,0,65,12,0,1,0,0,80,0,0,0,0,14,77,14,0,0,57,1,0,0,0,1,0,53,1,0,0,20,0,101,0,26,0,0,0,0,52,0,0,0,57,0,0
20 MB GABA,0,0,0,1,0,0,0,0,0,0,0,0,0,0,0,0,0,0,0,0,0,0,0,0,0,0,0,0,0,0,0,0,0,0,0,0,0,0,0,0,0,0,544,0,71,0,0,2,0,0,0,0,0,0,0,0,0,0,0,0,0,0,0,0,0,0,0,0,0,1,0,0,1,0,0,0,0,0,0,0,0,0,0,0,1,0,0,0,0,0,0,0,0,0,0,42,0,0,37,0,0,0,109,58,5,0,9,0,0,0,0,0,1,45,0,0,9,512,0,0,44,0,1,0,0,1,0,95,7,80,0,0,0,0,0,0,0,0,2,0,0,0,0,0,0,1,0,0,6,10,0,5,0,0,0,0,0,0,0,0,0,1,1,0,6,0,0,0,0,0,0,0,2,15,0,0,0,0,0,627,715,1059,31,0,91,8,8,0,0,0,0,0,0,0,52,7,3,185,198,93,102,41,51,10,169,1,0,0,7,7,3,3,0,1,0,4,93,58,18,49,255,10,2,0,6,0,44,0,0,0,0,0,0,40,0,10,0,2997,0,0,0,0,1,0,5,2,3,1,3,0,0,0,0,0,0,0,0,1,0,0,0,0,0,0,0,0,0,0,0,1,90,2195,0,27,13,11,50,105,0,29,29,0,0,0,1,255,341,0,3,0,1,71,0,0,0,0,0,0,0,0,0,0,0,0,0,0,0,0,0,121,0,0,0,3173,1,0,0,0,108,17,0,106,0,0,22,0,0,0,0,0,2,0,10,1,1,19,12,0,0,0,0,0,0,1,0,20,1,19,7,21,50,508,149,3,13,67,0,0,35,170,1,0,0,0,0,0,3,4,0,0,0,0,0,0,18,0,0,5,0,0,8,0,3,0,224,0,0,53,8,143,0,0,0,0,0,0,0,0,0,0,61,0,0,0,0,7,84,0,0,1,1328,244,4341,2268,3404,5614,918,0,0,0,0,0,0,1,6,0,5,2,116,953,0,4,16,1,38,2,1,0,0,0,0,0,0,0,0,0,0,0,0,0,0,0,0,0,0,0,0,0,0,0,0,0,0,0,0,0,0,0,0,0,0,0,0,0,0,0,0,0,0,0,0,0,0,0,0,0,0,0,3,2,6,1,0,9,33,0,0,0,0,1,0,0,85,0,0,0,0,0,0,0,0,1,0,11,30,0,0,0,0,2,0,0,0,0,0,0,0,0,0,0,0,0,0,0,0,0,0,0,0,0,0,0,0,0,0,0,0,0,0,0,0,0,0,0,0,0,0,0,0,0,0,0,0,0,0,0,0,0,0,0,0,0,0,0,0,0,0,0,0,0,0,0,0,0,0,0,0,2,0,5,0,0,4,1,23,8,96,3,0,0,0,14,0,0,35,0,10,5,15,313,59,0,0,0,0,0,54,0,195,24,0,0,0,0,0,0,0,0,0,1,94,0,1,1,0,0,1,1,144,0,0,1,0,0,74,13,0,6,8,0,0,0,0,3,2,15,0,0,0,75,0,125,0,1,2,0,0,0,40,0,0,0,2,0,0
21 MB Dopa,0,0,0,0,0,0,0,0,0,0,0,0,0,0,0,0,0,0,0,0,0,0,0,0,0,0,0,0,0,0,0,0,0,0,0,0,0,0,0,0,0,0,0,0,75,0,0,1,0,0,0,0,0,0,0,0,0,0,0,0,0,0,0,0,0,0,0,0,0,0,0,0,0,0,0,0,0,0,0,0,0,0,0,0,0,0,0,0,0,0,0,0,0,0,0,0,0,0,0,0,0,0,0,0,0,0,96,0,0,0,0,0,0,10,0,0,0,0,0,0,0,0,0,1,0,0,0,91,0,0,0,0,0,0,0,0,0,0,0,0,0,0,0,0,0,0,0,0,15,0,0,0,0,0,0,0,0,0,0,0,0,0,0,0,0,0,0,0,0,0,0,0,0,10,0,0,0,0,0,0,0,0,180,0,0,1,2,0,0,0,0,0,0,0,0,0,0,2,0,0,7,0,0,0,26,11,0,0,0,0,0,0,0,0,0,0,0,0,0,0,0,0,1,0,0,0,0,0,0,0,0,0,0,0,0,0,0,640,0,0,0,0,0,0,0,0,0,0,1,0,0,0,0,0,0,0,0,0,0,0,0,0,0,0,0,0,0,0,0,0,0,42,0,13,0,0,0,0,0,0,0,0,0,0,0,0,0,0,0,1,0,0,0,0,0,0,0,0,0,0,0,0,0,0,0,0,0,0,0,1,0,0,0,149,0,0,0,0,0,0,0,1,0,0,0,0,0,0,0,0,0,0,0,0,0,28,0,0,0,0,0,0,0,0,0,18,0,0,0,0,0,11,0,0,0,0,0,0,0,28,0,0,0,9,0,0,0,0,0,0,0,0,0,0,0,0,0,0,0,0,0,0,30,0,7,0,0,0,0,24,0,0,0,0,0,0,0,0,0,0,0,0,0,0,0,0,0,0,0,0,0,0,0,0,0,0,0,0,0,0,0,0,0,0,0,0,0,0,86,156,0,0,0,0,0,0,0,0,0,0,0,0,0,0,0,0,0,0,0,0,0,0,0,0,0,0,0,0,0,0,0,0,0,0,0,0,0,0,0,0,0,0,0,0,0,0,0,0,0,0,0,0,0,0,0,0,0,0,3,0,0,9,0,0,3,0,0,0,0,0,0,0,1,0,0,0,0,0,0,0,0,0,0,3,0,0,0,0,0,0,0,0,0,0,0,0,0,0,0,0,0,0,0,0,0,0,0,0,0,0,0,0,0,0,0,0,0,0,0,0,0,0,0,0,0,0,0,0,0,0,0,0,0,0,0,0,0,0,0,0,0,0,0,0,0,0,0,0,0,0,0,0,0,0,0,0,0,0,0,0,0,0,0,0,0,0,369,0,0,0,0,2,0,0,0,0,0,0,0,3,0,0,0,0,0,0,0,0,15,0,0,0,0,0,0,1,0,0,0,0,0,0,1,0,0,0,0,0,0,0,0,0,0,5,64,3,0,14,6,0,0,0,0,0,0,0,1,0,0,99,0,45,0,0,0,0,0,0,6,0,0,0,26,0,0
22 MB-HB Sero,0,0,0,0,0,0,0,0,0,0,0,0,1,0,0,0,0,0,0,0,0,0,0,0,0,0,0,0,0,0,0,0,0,0,0,0,0,0,0,0,0,0,0,0,65,0,0,3,0,0,0,0,0,0,0,0,0,0,0,0,0,0,0,0,0,0,0,0,0,0,0,0,0,0,0,0,0,0,0,0,0,0,0,0,0,0,0,0,0,0,0,0,0,0,0,0,0,0,0,0,0,0,6,0,0,0,0,0,0,0,0,0,2,518,0,0,0,0,0,0,0,0,0,0,0,0,0,419,0,103,0,0,0,0,0,0,0,0,0,0,0,0,0,0,0,0,0,0,0,0,0,0,0,0,0,0,0,0,0,0,0,0,0,0,35,0,0,0,0,0,0,0,0,2,0,0,0,0,0,0,0,0,0,0,0,0,0,0,0,0,0,0,0,0,0,12,0,28,5,1,1,3,7,23,0,0,7,0,1,0,0,0,0,0,0,0,23,0,0,0,0,0,0,0,1,0,0,0,4,0,0,0,0,0,0,0,22,109,0,0,1,0,0,0,0,0,0,0,0,0,0,0,0,0,0,0,0,0,0,0,0,0,0,0,0,0,0,0,1,0,0,51,0,0,0,218,0,0,0,111,1,0,0,0,0,0,0,0,0,0,0,0,0,0,0,0,0,0,0,0,0,0,0,0,0,0,0,0,0,346,1,0,0,259,0,0,0,0,2,0,0,166,0,0,1,0,0,0,0,0,0,0,7,0,40,0,0,0,0,0,0,0,0,0,0,0,0,0,1,0,0,2,0,13,0,0,0,0,33,120,0,0,0,0,0,0,0,0,0,0,0,0,0,0,4,0,0,0,0,0,0,0,0,141,2,60,93,0,94,0,0,0,0,0,0,0,0,0,0,0,0,0,0,0,0,0,0,0,0,0,0,0,0,0,0,0,0,0,0,0,0,0,0,0,0,0,0,0,0,0,0,1,0,0,0,0,0,0,0,0,0,0,0,0,0,0,0,0,0,0,0,0,0,0,0,0,0,0,0,0,0,0,0,0,0,0,0,0,0,0,0,0,0,0,0,0,0,0,0,0,0,0,0,0,0,0,0,0,0,0,0,0,0,0,1,0,0,0,0,0,0,0,0,0,0,0,59,0,0,0,0,0,0,0,20,0,0,0,0,7,0,0,0,0,0,0,0,0,0,0,0,0,0,0,0,0,0,0,0,0,0,0,0,0,0,0,0,0,0,0,0,0,0,0,0,0,0,0,0,0,0,0,0,0,0,0,0,0,0,0,0,0,0,0,0,0,0,0,0,0,0,0,0,0,0,0,0,0,0,0,0,0,0,0,0,0,0,0,0,1,0,0,0,0,0,0,0,0,0,1,0,0,0,0,0,0,0,0,0,0,0,0,0,0,0,1,0,0,1,0,0,0,0,0,0,0,0,0,2,0,0,0,0,0,137,14,0,0,0,0,0,0,0,0,0,0,0,20,0,4,0,38,0,0,0,0,27,0,33,0,0,0,0,0,0
23 P Glut,0,0,0,0,0,0,0,0,0,0,0,1,0,0,0,1,0,0,0,0,0,0,0,0,0,0,0,0,0,0,0,2,0,0,0,1,0,0,0,0,2,0,1,0,13,0,0,4,0,0,0,0,0,0,0,0,0,0,0,0,0,0,0,0,0,0,0,0,0,0,0,0,0,0,1,2,17,0,0,0,0,0,0,0,2,0,0,0,0,0,0,0,0,0,0,0,0,0,174,0,0,0,117,1,0,0,3,0,0,0,0,0,4,208,0,6,79,141,14,0,0,0,0,0,1,1,0,3,0,164,0,0,0,0,0,29,0,0,0,0,0,0,0,0,0,0,1,0,0,0,0,0,11,5,0,0,0,0,0,0,0,1,0,0,150,0,0,0,0,0,0,0,0,1,11,0,0,0,1,2,0,1,14,0,0,0,0,0,0,0,0,0,0,0,0,29,7,12,12,56,26,11,20,2,79,7,130,3,2,8,0,217,0,33,18,0,387,0,0,0,0,0,1,3,0,0,0,0,131,37,0,0,0,0,1,0,9,231,0,1,3,0,1,1,0,0,0,0,1,0,0,0,0,2,0,1,0,0,0,0,0,0,0,0,0,0,0,0,0,0,0,270,0,0,313,473,0,0,0,155,241,0,0,0,140,0,0,2,5,41,0,0,0,0,0,0,0,0,0,0,0,0,0,0,0,0,0,0,0,2961,35,0,0,651,1,0,158,0,2054,0,79,855,0,0,102,0,0,0,0,0,0,0,5739,23,192,0,0,0,0,0,0,0,0,0,1,16,0,0,102,0,0,466,0,6,1,1,0,0,498,659,64,0,0,0,2485,0,0,0,0,0,0,0,0,0,2,2,1,0,0,0,0,0,1,5,0,0,1,0,26,5,0,0,0,0,0,0,0,0,0,0,0,0,0,0,0,0,2,1,0,0,0,0,3,2,0,1,0,0,0,0,38,0,0,1,0,24,41,0,0,0,0,189,11,1,0,0,239,0,66,64,0,0,0,0,0,0,0,0,0,0,0,0,0,0,0,1,0,0,0,0,0,0,0,0,0,0,0,0,0,0,0,0,0,0,0,0,0,0,0,0,0,0,0,0,0,0,0,0,0,1,0,0,115,11,0,0,0,0,0,0,0,0,1,0,0,0,1942,1,0,0,0,80,59,0,111,59,0,55,36,34,9,0,0,0,0,0,0,0,0,0,0,0,0,0,0,0,0,0,0,0,0,0,0,0,0,0,0,0,0,0,0,0,0,0,0,0,0,0,0,0,0,0,0,0,0,0,0,0,0,0,0,0,0,0,0,0,0,0,0,0,0,0,0,0,0,0,0,0,0,0,0,0,0,0,0,0,1,11,0,6,0,0,0,0,0,0,0,194,0,230,0,0,0,0,0,35,0,0,4,0,135,0,0,0,0,0,0,0,0,0,0,0,0,0,30,0,52,0,162,0,0,119,0,0,416,39,0,1,0,0,1,0,0,0,0,0,0,3,0,98,319,615,0,0,0,0,15,0,86,68,0,0,1,9,2
24 MY Glut,0,0,0,0,0,0,0,0,0,0,0,6,2,0,0,0,0,0,0,0,0,0,0,0,0,0,0,0,0,0,0,2,5,0,0,0,0,0,0,0,0,49,0,0,0,0,0,0,0,0,0,0,0,0,0,0,0,0,0,0,0,0,0,0,0,0,0,0,0,0,0,0,0,0,0,5,48,0,0,0,0,0,0,0,0,0,0,0,0,0,0,0,0,0,0,0,0,0,146,0,0,0,6,0,0,0,5,0,2,0,0,24,33,29,0,185,1,0,148,0,0,0,0,0,318,58,0,4,0,1,0,0,0,0,0,92,0,0,0,0,0,0,0,0,0,0,0,0,0,0,0,0,511,132,0,0,0,0,0,0,1,0,0,63,473,0,0,0,0,0,0,0,0,0,4,0,0,0,4,2,0,0,1,0,0,11,0,0,0,0,0,0,0,0,0,885,73,0,0,2,0,0,1,0,1,0,1234,8,2,0,0,7,0,43,23,0,42,0,0,0,0,0,1,22,0,0,1,0,305,12,0,0,0,0,0,0,360,54,0,258,169,0,0,0,0,0,0,0,0,0,0,0,0,1,2,2,1,2,0,0,0,0,0,0,0,0,0,0,0,0,0,21,0,0,1472,1837,0,0,0,24,3,0,0,0,78,0,0,10,0,1161,1,0,0,0,0,0,0,0,0,0,0,0,0,0,0,0,0,3,0,301,66,0,0,12,1,0,993,38,58,0,5,245,0,0,21,0,0,0,0,0,0,9,0,121,248,0,0,2,0,0,0,0,0,0,1,0,0,0,12,0,0,3,0,51,0,0,0,0,180,77,66,0,0,0,82,0,0,1,0,0,0,0,0,0,1,31,0,0,0,0,0,0,4,49,4,36,75,0,9,0,0,0,0,0,0,0,0,0,0,0,0,0,0,0,0,0,0,0,0,0,0,0,1,2,1,3,0,0,0,0,76,0,0,1,0,25,46,1,0,0,0,40,8,0,0,0,293,595,613,207,0,0,0,0,0,0,0,0,0,0,0,0,0,0,0,0,0,0,0,0,0,0,0,0,0,0,0,0,0,0,0,0,0,0,0,0,0,0,0,0,0,0,0,0,0,0,0,0,0,3,0,0,41,44,0,0,0,0,0,1,0,0,0,0,0,1,14,0,0,0,0,242,139,0,108,131,1,1226,22,422,25,0,0,0,0,0,0,0,0,0,0,0,0,0,0,0,0,0,0,0,0,0,0,0,0,0,0,0,0,0,0,0,0,0,0,0,0,0,0,0,0,0,0,0,0,0,0,0,0,0,0,0,0,0,0,0,0,0,0,0,0,0,0,0,0,0,0,0,0,0,0,0,1,0,0,0,0,0,25,128,0,1,0,0,1,0,0,283,0,199,0,0,0,0,0,52,0,0,0,0,0,29,2,0,0,0,0,0,0,0,0,0,0,0,7,0,88,0,6,0,0,49,0,0,34,71,0,0,2,0,0,0,0,0,0,0,0,184,2,91,243,55,0,0,0,0,4,5,127,80,0,0,0,5,2
25 Pineal Glut,0,1,0,2,0,0,0,0,0,0,0,0,0,0,0,0,0,0,0,0,0,0,0,0,0,0,0,0,0,0,0,0,0,0,0,1,0,0,0,0,0,0,0,0,0,0,0,0,0,0,0,0,0,0,0,0,0,0,0,0,1,0,0,0,0,0,0,0,0,0,0,0,0,0,0,0,0,0,0,0,0,0,0,0,0,0,0,0,0,0,0,0,0,0,0,0,0,0,0,0,0,0,0,0,0,0,0,0,0,0,0,0,0,0,0,0,2,0,0,0,0,0,0,0,0,0,0,0,0,0,0,0,0,0,0,0,0,0,0,0,0,0,0,0,0,0,0,0,0,0,0,0,0,0,0,0,0,0,0,0,0,0,0,0,0,0,0,0,0,0,0,0,0,0,0,0,0,0,0,0,1,0,0,0,0,0,0,0,0,0,0,0,0,0,0,0,0,0,0,0,0,0,0,0,1,0,0,0,0,0,0,0,0,0,0,0,0,0,0,0,0,0,0,0,0,0,0,0,0,0,0,0,0,0,0,0,0,41,0,0,0,0,0,0,0,0,0,1,0,0,0,0,0,0,0,0,0,0,0,0,0,0,0,1,0,0,0,0,0,0,0,0,0,0,0,0,0,0,0,0,0,0,0,0,0,0,18,0,0,0,0,0,0,0,0,0,0,0,0,0,0,0,0,0,0,0,0,0,0,0,0,0,0,0,0,0,0,0,0,0,0,0,0,0,0,0,0,0,0,0,0,1,0,0,0,0,0,0,0,0,0,0,0,0,0,0,0,0,0,0,0,0,0,0,0,0,0,0,0,0,0,0,0,0,0,0,0,0,0,0,0,0,0,0,0,0,0,0,0,0,0,0,0,0,0,0,0,0,0,0,3,0,0,0,0,5,0,0,0,0,18,0,0,0,0,0,0,0,0,0,0,0,1,0,0,2,2,0,0,0,0,0,0,0,3,0,0,0,0,0,0,0,0,0,0,0,0,0,0,0,0,0,0,0,0,0,0,0,0,0,0,0,0,0,0,0,0,0,0,0,0,0,0,0,0,0,0,0,0,0,0,0,0,0,0,0,0,0,0,0,0,0,0,0,0,0,0,0,0,0,0,0,0,0,0,0,0,0,0,0,0,0,0,0,0,0,0,0,0,0,0,0,0,124,0,0,0,0,0,0,0,0,0,0,0,0,0,0,0,0,0,0,0,0,0,0,0,0,0,0,0,0,0,0,0,1,0,0,0,0,0,1,0,0,0,0,0,0,0,0,0,0,0,2,0,0,0,0,0,4,0,0,0,0,0,1,0,0,0,0,0,0,0,0,0,0,0,0,0,0,0,0,0,0,0,0,0,0,0,0,0,0,0,0,0,0,0,0,1,300,0,0,0,0,0,3,0,0,0,0,0,0,0,0,0,0,0,0,0,0,0,0,0,0,0,3,0,0,0,0,0,0,0,0,0,0,0,0,0,0,0,0,0,0,0,0,0,0,0,0,0,0,0,0,0,0,0,0,0,0,0,0,0,0,0
26 P GABA,0,0,0,0,0,0,0,0,0,0,0,0,0,0,0,0,0,0,0,0,0,0,0,0,0,0,0,0,0,0,0,0,0,0,0,0,0,0,0,0,0,0,0,0,6,0,0,45,0,0,0,0,0,0,0,0,0,0,0,0,0,0,0,0,0,0,0,0,0,0,0,0,0,0,0,1,3,0,0,0,0,0,0,0,2,0,0,0,0,0,0,0,0,0,0,0,0,0,4,0,0,0,105,0,0,0,8,0,0,0,0,0,2,1139,0,0,0,4,3,0,0,0,0,0,0,0,0,37,0,513,0,0,0,0,0,0,0,0,0,0,0,0,0,0,0,0,0,0,0,0,0,0,1,0,0,0,0,0,0,0,1,0,1,0,46,0,0,0,0,0,0,0,0,0,3,0,0,0,0,0,0,0,35,0,0,0,0,0,0,0,0,0,0,0,0,0,0,218,214,156,103,130,135,57,143,1,24,0,0,0,0,10,0,0,0,0,222,0,0,0,0,0,0,0,32,0,0,0,0,0,0,0,0,0,1,0,11,471,0,1,1,0,0,0,0,0,0,0,17,0,0,0,0,1,0,0,0,0,0,0,0,0,0,0,0,0,0,0,0,0,0,317,0,0,54,92,0,1,0,282,633,0,0,0,0,0,1,0,91,0,0,0,0,0,0,0,0,0,0,0,0,0,0,0,0,0,0,0,0,930,8,0,0,187,1,0,5,0,60,0,4,1224,0,0,249,0,0,0,0,0,0,0,50,6,5,1,0,0,0,0,0,0,0,0,0,22,0,0,287,0,0,91,0,3,0,0,0,1,515,864,37,0,0,0,32,0,0,0,0,0,0,0,0,0,2,0,0,0,0,1,0,0,0,6,2,0,2,0,193,1,0,0,0,0,0,0,0,0,0,0,0,0,0,0,0,0,0,0,0,0,0,0,1,1,0,0,0,0,0,0,32,0,0,3,0,3,20,0,1,4,0,116,51,1,0,0,0,0,0,0,0,0,0,0,0,0,0,0,0,0,0,0,0,0,0,0,0,0,0,0,0,0,0,0,0,0,0,0,0,0,0,0,0,0,0,0,0,0,0,0,0,0,0,0,0,0,0,0,0,1,0,1,4,2,0,0,0,0,0,0,0,0,0,0,0,0,73,0,0,0,0,0,4,0,219,0,0,5,12,15,3,0,0,0,0,0,0,0,0,0,0,0,0,0,0,0,0,0,0,0,0,0,0,0,0,0,0,0,0,0,0,0,0,0,0,0,0,0,0,0,0,0,0,0,0,0,0,0,0,0,0,0,0,0,0,0,0,0,0,0,0,0,0,0,0,0,0,0,0,0,0,0,0,0,0,0,1,69,0,0,0,1,0,0,0,0,0,4,0,97,0,0,0,0,0,0,0,0,1,0,0,0,0,0,0,0,0,0,0,0,1,0,0,0,2,0,1,0,170,0,0,5,0,0,30,40,1,0,1,0,0,0,0,0,0,0,0,1,0,79,9,74,0,0,0,0,57,0,132,3,0,0,1,0,0
27 MY GABA,0,0,0,0,0,0,0,0,0,0,0,0,0,0,0,0,0,0,0,0,0,0,0,0,0,0,0,0,0,0,0,2,6,0,0,0,1,0,0,0,0,39,0,0,0,0,0,0,0,0,0,0,0,0,0,0,0,0,0,0,0,0,0,0,0,0,0,0,0,0,0,0,0,0,0,1,0,0,0,0,0,0,0,0,0,0,0,0,0,0,0,0,0,0,0,0,0,0,133,0,0,0,2,6,0,0,0,0,0,0,0,26,0,5,0,160,9,0,10,0,0,0,0,0,217,360,0,0,0,0,0,0,0,0,0,55,0,0,0,0,0,0,0,0,0,0,0,0,0,0,0,0,1,22,0,0,0,0,0,0,0,0,0,41,975,0,0,0,0,0,0,0,0,0,1,0,0,0,16,0,0,0,0,0,0,0,0,0,0,0,0,0,0,0,0,19,529,0,0,0,0,0,0,0,0,0,957,0,0,0,0,20,0,54,0,0,1,0,0,0,0,0,0,21,0,0,0,0,70,3,0,0,0,0,0,0,269,8,0,172,124,0,0,0,0,0,0,0,0,0,0,0,0,0,0,0,0,0,0,0,0,0,0,0,0,0,0,0,0,0,0,5,0,0,2211,831,0,0,0,3,6,0,0,1,105,0,0,21,3,783,1,0,0,0,0,0,0,0,0,0,0,0,0,0,0,0,0,0,0,334,31,0,0,2,0,0,516,56,88,0,6,51,0,0,0,0,0,0,0,0,0,7,0,186,354,0,0,0,0,0,0,0,0,0,0,0,0,0,14,0,0,0,0,103,0,0,0,0,358,130,548,0,0,0,58,0,0,0,0,0,0,0,0,0,0,17,0,0,0,0,1,0,0,74,1,7,46,0,1,0,0,0,0,0,0,0,0,0,0,0,0,0,0,0,0,0,0,0,0,0,0,0,1,0,0,1,0,0,0,0,13,0,0,0,1,4,16,0,0,0,0,7,7,0,0,0,426,219,515,55,0,0,0,0,0,0,0,0,0,0,0,0,0,0,0,0,0,0,0,0,0,0,0,0,0,0,0,0,0,0,0,0,0,0,0,0,0,0,0,0,0,0,0,0,0,0,0,0,1,0,0,0,25,102,0,0,0,0,0,0,0,0,0,0,0,0,7,0,0,0,0,134,32,0,212,8,0,12,21,265,8,0,0,0,0,0,0,0,0,0,0,0,0,0,0,0,0,0,0,0,0,0,0,0,0,0,0,0,0,0,0,0,0,0,0,0,0,0,0,0,0,0,0,0,0,0,0,0,0,0,0,0,0,0,0,0,0,0,0,0,0,0,0,0,0,0,0,0,0,0,0,0,0,0,0,0,0,0,33,82,0,1,0,0,0,0,0,469,0,177,0,0,0,0,0,50,0,0,0,0,0,11,3,0,0,0,0,0,0,0,0,0,0,0,5,0,50,1,58,0,0,8,0,0,30,32,0,0,0,0,0,0,0,0,0,0,0,29,0,22,82,50,0,0,0,0,1,3,46,4,0,0,0,5,2
28 CB GABA,0,0,0,0,0,0,0,0,0,0,0,0,0,0,0,0,0,0,0,0,0,0,0,0,0,0,0,0,0,0,0,0,0,0,0,14431,7724,0,0,0,0,4,0,0,463,0,0,0,0,0,0,0,0,0,0,0,0,0,0,0,0,0,0,0,0,0,0,0,0,0,0,0,0,0,0,0,0,0,0,0,0,0,0,0,0,0,0,0,0,0,0,0,0,0,0,0,1,0,735,0,0,0,4492,7819,0,0,0,0,0,0,0,4690,0,0,0,0,14639,66,471,5265,0,0,0,0,1,192,0,0,0,0,0,0,0,0,0,0,0,0,0,0,0,9,0,0,0,0,0,0,0,0,0,0,2447,130,631,0,0,0,0,0,0,0,0,0,0,0,0,0,0,0,0,0,0,0,0,0,0,0,5,1,387,482,0,0,0,0,0,0,0,0,0,0,0,0,0,0,260,0,0,0,0,0,0,0,0,0,1,0,0,0,0,7,0,4,1,0,0,0,0,0,0,0,0,0,289,0,0,0,0,0,0,0,0,0,0,0,0,958,0,0,0,0,0,0,0,0,0,0,0,0,0,0,0,0,0,0,0,0,0,0,0,0,0,0,0,0,0,0,0,0,0,1,0,0,6,63,0,0,0,0,10,0,0,0,3641,0,0,0,0,0,0,0,0,0,0,0,0,0,0,0,0,0,0,0,0,0,0,0,0,28,0,0,0,64,0,5,0,0,84,0,0,4,0,0,0,0,0,0,0,0,0,10617,0,0,0,0,0,1,0,0,0,0,0,0,0,0,0,0,0,0,0,0,0,0,0,0,0,7081,0,0,0,0,0,0,3,0,0,0,0,0,0,0,0,1677,0,0,0,0,0,0,0,0,0,0,0,0,0,0,0,0,0,0,0,0,0,0,0,0,0,0,0,0,0,0,0,0,0,0,0,0,0,0,1,1,1,0,0,0,0,0,0,0,0,0,16055,0,0,0,0,0,0,1,0,0,0,0,4,0,0,0,0,0,0,0,0,0,0,0,0,0,0,0,0,0,0,0,0,0,0,0,0,0,0,0,0,0,0,0,0,0,0,0,0,0,0,0,0,0,0,0,0,0,0,0,0,0,0,0,0,0,0,0,0,37,0,0,0,0,0,0,0,0,0,0,0,0,0,0,0,0,0,3720,0,1,448,196,0,292,0,0,0,0,0,0,0,0,0,0,0,0,0,0,0,0,0,0,0,0,0,0,0,0,0,0,0,0,0,0,0,0,0,0,0,0,0,0,0,0,0,0,0,0,0,0,0,0,0,0,0,0,0,0,0,0,0,0,0,0,0,0,0,0,0,0,0,0,0,0,0,0,0,0,0,0,0,0,0,0,13,0,0,0,0,0,0,0,0,3403,10,212,0,30,0,0,0,420,0,0,0,0,0,0,0,0,0,0,0,0,0,0,0,0,0,0,0,0,31,0,50,0,0,101,0,0,0,0,0,0,0,0,0,0,0,0,0,0,0,0,0,0,6,59,0,0,0,0,0,0,0,3,0,0,0,0,10
29 CB Glut,0,0,0,1,1,0,1,0,0,0,0,0,0,0,0,0,0,0,1,0,0,0,0,0,0,0,0,0,0,0,0,0,0,0,0,35225,30193,0,0,1,1,11,0,1,398,0,0,0,0,0,0,0,0,0,0,0,0,0,0,0,0,0,0,0,0,0,0,0,0,0,0,0,2,0,0,0,1,0,0,0,1,0,0,1,0,3,3,0,1,0,1,0,0,0,0,0,0,0,1282,0,0,1,16497,26600,1,0,0,0,0,1,0,13777,2,1,0,0,42875,7,3120,14870,0,0,0,0,1,791,0,0,0,0,0,0,0,0,0,0,0,5,0,1,3,5,0,0,1,0,0,2,0,0,0,0,12009,802,3289,0,0,0,0,0,0,0,0,0,0,0,0,0,3,0,0,0,0,0,0,0,0,0,10,3,307,157,0,0,0,0,0,0,0,0,0,0,0,0,0,0,919,0,0,0,0,0,0,0,0,0,2,0,0,0,0,280,0,22,1,2,0,0,0,0,0,0,1,0,942,0,1,0,2,0,0,0,1,0,0,0,0,380,0,0,0,0,1,0,0,0,0,1,0,0,0,0,0,9,1,2,1,9,1,0,0,0,0,0,0,0,0,0,0,0,0,0,0,0,47,942,0,0,0,0,62,0,2,0,11225,0,0,0,0,11,3,0,0,0,0,0,0,0,0,0,0,0,0,0,0,0,0,0,0,715,1,0,2,56,0,3,2,0,166,0,2,19,0,0,0,0,0,0,0,0,0,25653,189,0,1,0,0,0,0,0,1,0,0,0,0,0,0,0,1,0,0,0,0,0,0,0,0,21017,3,8,2,0,0,0,195,0,0,0,0,0,0,0,0,6835,0,0,0,1,0,0,0,0,0,0,0,0,0,0,0,0,0,0,0,0,0,0,0,0,0,0,0,0,0,0,0,0,0,0,0,0,0,0,1,0,0,1,0,0,0,0,0,0,0,1,47893,0,0,0,0,0,0,8,2,0,0,0,19,0,2,162,1,0,0,0,0,0,0,0,0,0,0,0,0,0,0,0,0,0,0,0,0,0,0,0,0,0,0,0,0,0,0,0,0,0,0,0,0,0,0,0,0,0,0,0,1,0,0,0,1,0,0,1,54,23,0,0,0,0,0,0,0,0,0,0,0,0,58,1,0,0,2,18394,2,3,818,908,0,3225,0,0,1,0,0,0,0,0,0,0,0,0,0,0,0,0,0,0,0,0,0,0,0,0,0,0,0,0,0,0,0,0,0,0,0,0,0,0,0,0,0,0,0,0,0,0,0,0,0,0,0,0,0,0,0,0,0,0,0,0,0,0,0,0,0,0,0,0,0,1,0,0,0,0,0,0,0,0,0,0,8,0,0,0,0,0,0,0,0,55264,1,269,0,403,1,0,0,880,0,0,0,0,3,0,0,0,0,0,0,0,0,0,0,0,0,0,0,1,920,0,70,0,0,2003,0,0,9,0,0,0,0,0,1,0,1,1,2,0,0,0,0,4,687,42,0,0,0,0,0,0,0,125,0,0,0,1,64
30 Astro-Epen,624,2050,804,1518,835,51,2172,691,1674,584,120,4844,14,404,213,2160,748,1187,1464,674,62,663,900,727,481,23,455,723,725,161,2,19,11,277,260,4051,2896,245,336,484,6668,69,1292,631,2744,1374,26,42,245,300,165,349,204,34,541,449,282,772,309,73,266,143,84,236,86,29,382,262,215,656,216,62,598,198,651,21,63,46,3,1099,1002,335,935,836,2022,6002,5824,963,5172,273,286,63,228,1252,940,4628,1898,2228,1229,433,413,921,2825,3300,419,424,136,558,1102,1016,1299,1858,30303,1057,669,308,5171,1059,1601,2199,11062,2820,2833,1183,322,1001,1229,351,58,384,275,426,600,411,87,88,1852,2686,1922,2439,1902,2545,2642,1565,1262,911,2757,1543,86,179,233,236,2962,771,343,267,512,641,116,8,448,4270,606,94,3783,338,472,179,569,371,39,795,938,6473,60,277,141,76,78,2208,2749,3151,212,578,132,88,32,24,546,268,561,377,22,428,100,774,1654,72,200,56,47,48,119,39,106,27,3376,5,20,20,29,273,1815,401,59,1476,636,484,127,346,657,805,3958,44,270,185,1196,1239,442,52,1109,3436,1384,39,539,38,987,13052,1943,343,448,221,2990,142,274,253,364,776,145,408,295,180,60,5362,5060,789,943,6272,2372,4030,3109,2372,229,4782,4853,4879,2231,104,1077,1236,86,5909,1109,94,5203,5121,200,226,1458,470,1047,134,160,65,2512,384,846,41,211,1337,4907,148,447,695,1440,588,85,1006,412,667,378,13,577,654,784,325,15,2956,47,5601,482,1368,1338,13653,1648,1779,2571,49,1974,107,102,2470,277,23,237,232,416,236,52,16,711,4423,2306,450,924,1610,241,16293,1715,573,1188,629,40,194,373,46,958,233,496,2332,109,1140,207,216,365,716,2437,2449,3054,3089,1116,168,22,267,1501,575,1018,479,1926,463,1449,208,1454,675,27,40,532,254,3116,411,1457,216,160,311,859,60,189,98,266,220,1036,776,800,538,43,1974,1380,1556,1030,38,4392,2104,2697,1027,58,2249,171,555,308,241,1879,608,4711,3501,1712,2807,1170,1058,785,30,113,213,97,4042,4815,95,171,440,448,5435,111,488,289,349,153,133,987,329,1045,923,1501,1722,1329,1118,1086,156,596,653,305,578,550,64,1189,1609,989,1024,1242,131,769,827,721,612,769,67,366,444,160,394,195,24,884,1066,599,820,914,105,314,395,237,279,293,28,1842,2269,1433,2578,1959,209,276,5267,4593,516,374,691,134,48,755,544,360,1144,485,114,1689,70,134,2006,1107,576,1410,669,998,2234,592,7159,3684,1396,921,1353,91,2145,143,427,569,216,752,547,178,378,302,129,277,149,29,268,214,112,179,74,21,285,187,66,231,121,18,343,343,182,289,191,45,136,139,78,204,77,11,2384,2185,1215,1730,1125,207,318,299,32,246,162,7,420,260,95,314,153,37,410,470,76,464,220,45,310,225,136,210,142,17,13164,96,1178,1303,82,845,138,1793,337,675,71,264,403,459,2375,1149,136,4292,385,81,6133,373,5685,366,62,8324,1524,2311,10576,136,2003,2089,72,66,11,17,162,1954,19,186,178,4939,2235,2349,4706,223,451,66,191,444,2261,1026,1265,192,437,13,61,903,360,16,47,82,160,170,362,933,737,439,211,40,389,4,659,911,1273,3193,538,526,26,258,14,629,256,56,10,92,34,41
31 OPC-Oligo,1058,600,380,1391,1359,81,567,329,1458,678,190,4346,48,649,276,1713,204,493,1099,1098,157,213,420,502,530,45,138,366,708,196,12,84,41,832,634,2527,1275,47,328,282,6259,5,3220,278,217,256,20,151,91,122,96,413,308,94,124,178,153,884,451,174,65,58,40,193,109,48,93,83,79,514,286,93,1215,275,314,72,21,21,105,918,622,240,825,514,3151,2358,4475,425,2155,85,324,49,151,455,726,6319,1486,1632,2005,361,271,1247,953,2197,551,689,526,478,529,439,522,1177,49515,2507,595,710,3715,2060,1542,1202,5194,1072,1182,371,183,1826,789,364,48,274,74,160,284,235,108,281,381,976,1175,1685,1558,529,1023,1107,1138,988,3476,1560,102,399,138,938,1416,2181,168,99,248,497,224,11,851,9134,2544,99,16326,72,139,72,381,390,71,273,1333,6839,233,222,319,79,221,4212,3068,6136,309,452,252,135,13,10,136,65,229,281,39,265,400,2838,3245,68,165,69,65,61,120,38,92,42,11230,12,26,18,111,704,937,1495,37,2712,491,1237,196,509,1981,1241,7882,181,51,120,2487,1714,1290,140,593,3127,588,60,861,44,3424,22290,2808,971,1582,43,1934,155,428,749,766,872,83,329,229,129,33,2017,5800,800,697,2950,621,1866,3273,4800,592,1469,2191,4548,4301,220,493,1259,145,21118,1947,114,8010,17255,383,323,1766,672,2710,72,132,83,811,643,873,79,922,1456,5648,144,173,322,1520,1218,235,283,176,510,406,15,149,227,606,504,64,1910,17,16047,1520,689,650,11587,6054,910,7626,86,3022,153,282,1669,623,9,227,82,181,125,32,10,979,1940,3520,1165,2685,1399,598,10618,380,196,801,835,56,198,157,68,2178,559,1501,2178,213,3713,331,547,321,232,1201,746,12525,11992,692,100,18,452,5282,762,222,173,555,61,169,95,138,294,72,137,863,785,2158,442,760,154,247,932,3750,222,343,139,604,766,265,273,464,527,89,615,579,1404,1475,102,1853,1668,3839,2160,232,8560,379,131,64,82,4183,1149,6126,6505,1839,1372,303,353,2060,107,68,341,74,6539,3002,132,220,767,695,5340,80,1321,1074,108,110,400,2358,599,3091,3605,429,886,1138,1517,1777,341,166,295,225,632,894,179,317,692,775,1419,2631,407,197,464,665,933,1447,186,99,153,90,299,271,82,231,486,441,1012,1778,249,91,187,136,387,557,100,503,951,1016,2983,3403,485,800,6018,4931,478,955,1809,153,187,215,188,155,622,522,176,3239,19,54,772,3674,1708,667,407,852,1423,1466,2284,635,818,2564,4084,169,4512,464,125,201,97,591,710,337,99,152,66,260,244,65,67,89,71,213,124,45,64,86,41,150,151,51,110,116,99,295,235,60,42,47,41,157,74,11,613,773,751,1847,1345,404,92,115,11,143,116,23,94,106,47,224,177,53,108,142,25,229,125,47,89,113,90,294,223,75,2841,106,3044,577,32,3136,206,3920,427,1351,216,384,545,107,6692,6086,1497,7506,318,559,22424,603,8031,670,138,33986,8174,9227,989,192,7718,5969,176,611,31,73,642,9218,55,192,703,12427,15530,8249,15846,939,1314,164,84,2833,21177,3054,5133,168,4275,41,130,3215,930,151,63,198,361,537,312,196,3878,1111,228,94,4514,12,2175,6199,3303,10323,1730,2521,94,1699,10,3028,1198,545,5,201,122,67
32 OEC,0,0,0,0,0,0,1,0,0,0,0,0,0,0,0,0,0,0,0,0,0,0,0,0,0,0,0,0,0,0,0,0,0,0,0,0,0,1064,0,122,4,0,0,0,0,2,0,0,0,0,0,0,0,0,0,0,0,0,0,0,0,0,0,0,0,0,0,0,0,0,0,0,0,0,0,0,0,0,0,0,0,0,0,0,0,0,0,0,0,0,0,0,0,0,0,0,0,0,0,0,0,0,0,0,0,0,0,0,0,0,0,0,0,0,0,0,0,0,0,0,0,0,0,0,0,0,0,0,0,0,0,0,0,0,0,0,0,0,0,0,0,0,0,0,0,0,0,0,0,0,0,0,0,0,0,67,0,0,0,0,0,0,0,0,0,0,0,0,0,0,0,0,0,0,0,0,0,0,0,0,0,0,0,0,0,0,0,0,0,0,0,0,0,0,0,0,0,0,0,0,0,0,0,0,0,0,0,0,0,0,0,0,0,0,0,0,0,0,0,0,0,0,0,0,0,0,0,0,0,0,0,0,0,0,0,0,0,0,0,0,0,0,0,0,0,0,0,0,0,0,0,0,0,15404,39,11,48,1285,0,0,0,0,0,5,0,0,0,0,0,0,0,0,0,0,0,0,0,0,0,0,0,0,0,0,0,0,0,0,0,0,1558,0,338,0,0,0,0,2,0,0,0,0,107,0,0,0,0,0,0,0,0,0,0,0,0,0,0,0,0,0,0,0,0,0,0,0,0,0,0,0,0,0,0,0,0,0,0,0,2,0,0,0,0,0,0,0,0,0,0,0,0,0,0,0,0,0,0,0,0,0,0,0,0,0,0,0,0,0,0,0,0,0,0,0,0,0,0,0,0,0,0,0,0,0,0,0,1,0,0,0,0,0,0,0,0,0,0,0,0,0,0,0,0,0,0,0,0,0,0,0,0,0,0,0,0,0,0,0,0,0,0,0,0,0,0,0,0,0,0,0,0,0,0,0,0,0,0,0,0,0,0,0,0,0,0,0,0,0,0,0,0,0,0,0,0,0,0,0,0,0,0,0,0,0,0,0,0,0,0,0,0,0,0,0,0,0,0,0,0,0,0,0,0,0,0,0,0,0,0,0,0,0,0,0,0,0,0,0,0,0,0,0,0,0,0,0,0,0,7,12,0,0,0,2,0,0,0,0,0,0,0,0,0,0,0,0,0,0,0,0,0,0,0,0,0,0,0,0,0,0,0,0,0,0,0,0,0,0,0,0,0,0,0,0,0,0,0,0,0,0,0,0,0,0,0,0,0,0,0,0,0,0,0,0,0,0,0,0,0,0,0,0,0,0,0,0,0,4,0,0,0,0,0,0,0,0,0,0,0,0,0,0,0,0,0,0,0,0,0,0,0,0,0,0,0,0,0,0,1,0,0,0,0,0,0,0,0,0,0,0,0,0,0,0,0,0,0,0,0,4,0,0,0,0,0,0,0,0,0,0,0,0,21574,0,0,0,0,0,0,0,0,0,0,0,0,0,0,0,0,0,0,24,0,0,0
33 Vascular,892,2878,1083,2268,939,23,2302,853,1957,532,94,5128,13,487,109,1297,1215,1341,2223,907,30,1160,1039,1113,706,23,788,1043,1082,204,4,25,20,416,309,6703,3508,246,83,319,6842,33,1687,767,733,396,16,57,378,436,213,620,306,37,733,746,537,1367,406,82,383,205,126,398,111,20,444,412,377,995,279,49,887,134,306,33,25,61,3,1091,743,334,1174,644,1358,4168,4561,948,4383,248,192,79,209,1096,688,3251,1564,1762,1879,364,256,948,2757,4177,567,551,187,529,1333,1086,1397,2331,33589,1149,564,287,7700,1008,1041,2370,12680,1002,1710,512,142,652,1036,271,36,316,435,460,686,436,49,158,2560,2431,2018,2706,1591,3384,2091,1514,1454,869,2905,1230,66,204,131,325,2524,761,272,296,690,906,160,0,658,2559,406,53,5293,584,581,261,742,477,39,732,833,4052,85,252,190,72,60,3725,2722,4898,182,649,118,99,13,106,490,197,595,332,18,281,174,934,1423,100,306,88,44,86,240,31,192,25,4496,5,19,14,41,358,833,473,36,2084,416,635,158,377,851,794,3310,63,168,241,1526,931,550,46,431,2422,751,35,656,39,1129,13385,2198,441,523,115,2166,47,329,349,501,865,272,488,362,246,119,12123,4571,1380,1620,9405,4013,5890,5505,4106,257,7178,6740,7677,3365,106,577,881,67,7973,913,92,4782,7721,169,261,1474,425,1402,247,249,106,2555,286,579,43,252,832,6703,79,749,992,2107,669,60,1009,482,824,259,9,580,789,1050,365,24,4128,20,7471,505,1133,1392,7752,1645,2190,3165,49,1599,68,136,1524,386,18,175,348,508,311,72,20,706,5667,2589,464,1097,1140,264,19959,1984,723,1636,600,30,175,236,39,1383,213,664,2242,120,1162,148,229,279,250,2894,3166,3850,3564,675,107,14,243,1934,401,487,249,780,151,277,80,225,714,46,49,402,282,2613,202,880,176,156,429,1395,126,420,99,215,244,1160,812,1042,592,28,2740,1505,1998,1052,37,5754,2586,3731,1050,71,2678,148,264,99,15,1990,503,4115,3806,1229,2879,1962,99,534,37,61,199,68,3488,8377,87,138,487,283,2612,100,631,419,169,98,163,1064,308,1326,1237,2771,2711,2574,2095,1807,216,873,1031,568,1124,951,73,2259,2596,1934,2201,2454,177,1325,1470,1441,1336,1380,95,598,525,246,590,280,27,1492,1719,1142,1535,1598,141,563,615,410,535,547,37,3280,3599,2494,4533,3228,260,352,4577,4065,459,439,683,88,49,968,575,504,1454,617,90,1387,42,267,2019,1219,510,1242,1180,824,2122,635,1608,1195,778,1348,2339,87,2273,131,742,773,341,1086,754,165,536,501,204,512,220,27,393,357,200,357,127,24,299,239,105,329,137,25,622,437,258,455,285,44,208,217,104,313,87,10,3326,2921,1645,2463,1234,176,582,263,39,267,120,7,440,349,171,465,197,27,693,431,102,536,270,37,441,358,241,430,187,33,1329,53,1457,675,38,1335,138,2451,319,514,85,145,313,209,2933,706,175,1840,219,147,6834,794,16951,905,46,3343,718,815,2199,52,1449,1666,73,94,14,13,48,736,18,201,216,2334,1231,2661,1268,303,327,78,158,778,2191,1405,2173,123,1408,24,61,958,379,33,22,106,172,172,143,7018,1099,215,130,79,698,1,765,1601,1527,2746,449,349,48,878,9,931,398,70,67,90,39,31
34 Immune,343,717,465,891,415,10,528,294,735,206,30,2176,4,77,30,386,280,555,1043,435,28,232,526,594,326,9,143,411,487,103,1,2,5,100,87,667,378,116,68,134,3072,10,300,120,117,155,2,19,95,192,80,210,135,25,174,232,107,472,197,45,85,78,44,139,62,7,125,165,92,397,140,18,141,48,61,2,13,16,3,521,348,189,473,305,550,1483,1874,328,2126,81,68,25,75,416,247,1105,494,777,258,168,102,430,257,412,129,251,43,109,478,400,454,238,14966,219,306,62,864,184,200,269,3129,467,673,125,37,104,327,48,5,45,93,218,314,215,18,20,502,991,953,1349,798,585,548,471,442,324,1508,715,11,67,26,58,293,165,34,109,312,409,71,2,297,1712,233,11,1107,115,244,86,313,224,17,191,231,1198,18,87,53,25,17,446,516,770,37,122,24,14,8,6,119,88,274,128,7,99,26,249,218,19,68,14,10,14,59,10,45,2,821,1,2,2,9,65,452,80,7,524,70,146,27,73,174,160,979,16,21,22,420,319,99,15,219,741,188,2,202,8,297,2593,553,98,98,44,817,8,73,73,94,158,28,48,41,43,15,2674,2572,481,554,2564,800,2212,1937,1650,109,1794,2801,3152,1390,46,204,216,16,1707,206,25,704,1626,31,30,292,65,175,55,89,29,256,52,112,9,47,207,2027,15,255,396,782,334,18,295,231,375,141,2,191,334,453,137,9,1371,3,1358,122,375,571,1698,657,408,636,9,328,14,23,250,82,8,29,73,219,141,31,8,144,475,469,89,224,238,45,6981,520,354,755,289,10,32,51,8,442,64,114,420,23,319,31,51,85,58,450,288,829,883,94,44,4,69,343,115,108,60,210,57,98,17,83,62,9,12,98,81,854,73,260,51,24,66,244,30,86,15,43,75,240,337,411,250,22,499,439,652,389,14,953,574,963,327,24,621,35,60,33,2,431,129,779,763,259,434,260,64,195,10,6,56,10,2062,872,16,18,139,124,1366,12,70,60,29,24,43,179,70,268,273,620,994,670,667,698,84,165,416,147,375,366,36,469,858,472,624,864,83,302,527,340,405,445,49,107,232,75,199,115,15,308,620,287,455,589,45,116,216,94,155,198,17,762,1274,652,1557,1307,142,63,1552,1161,85,87,99,17,6,255,285,166,599,343,36,354,5,35,697,234,168,485,394,221,257,103,441,185,139,317,368,14,432,32,164,306,107,456,363,100,103,189,71,190,115,14,82,137,72,118,59,11,69,101,27,145,75,8,114,193,106,199,118,24,44,92,36,121,46,4,665,1144,593,1043,617,73,85,69,8,104,48,3,101,134,54,179,74,10,108,188,42,270,134,15,123,122,95,146,84,17,566,20,385,195,12,300,37,500,90,128,13,38,52,64,641,430,119,758,109,38,1373,92,2225,127,15,1736,367,443,445,19,625,576,18,28,2,2,23,368,1,110,42,1215,714,663,767,58,95,11,28,219,1054,249,482,53,324,2,17,256,86,12,10,11,50,38,42,1390,379,55,29,10,325,0,192,529,318,1110,120,137,16,175,0,209,94,30,20,17,13,5
