neurotransmitter,AAA,ACAd,ACAv,ACB,ACVII,AD,ADP,AHN,AId,AIp,AIv,AM,AMB,AN,AOB,AON,AP,APN,APr,AQ,ARH,ASO,AT,AUDd,AUDp,AUDpo,AUDv,AV,AVP,AVPV,Acs5,B,BA,BAC,BLA,BMA,BST,CA1,CA2,CA3,CB-unassigned,CEA,CENT,CL,CLA,CLI,CM,COAa,COAp,COPY,CP,CS,CTXsp-unassigned,CU,CUL,CUN,DCO,DEC,DG,DMH,DMX,DN,DP,DR,DT,DTN,ECT,ECU,ENTl,ENTm,EPd,EPv,EW,Eth,FC,FL,FN,FOTU,FRP,FS,GPe,GPi,GR,GRN,GU,HATA,HPF-unassigned,HY-unassigned,I5,IA,IAD,IAM,IC,ICB,IF,IG,IGL,III,IIIn,IIn,ILA,IMD,IO,IP,IPN,IRN,ISN,IV,IVn,In,IntG,LA,LAV,LC,LD,LDT,LGd,LGv,LH,LHA,LIN,LING,LM,LP,LPO,LRN,LSc,LSr,LSv,LT,MA,MA3,MARN,MB-unassigned,MD,MDRN,ME,MEA,MEPO,MG,MH,MM,MOB,MOp,MOs,MPN,MPO,MPT,MRN,MS,MT,MV,MY-unassigned,NB,NDB,NI,NLL,NLOT,NOD,NOT,NPC,NR,NTB,NTS,OLF-unassigned,OP,ORBl,ORBm,ORBvl,OT,OV,P-unassigned,P5,PA,PAA,PAG,PAL-unassigned,PAR,PARN,PAS,PB,PBG,PC5,PCG,PCN,PD,PDTg,PERI,PF,PFL,PG,PGRNd,PGRNl,PH,PIL,PIR,PL,PMd,PMv,PN,PO,POL,POST,PP,PPN,PPT,PPY,PR,PRE,PRM,PRNc,PRNr,PRP,PS,PST,PSTN,PSV,PT,PVH,PVHd,PVT,PVa,PVi,PVp,PVpo,PYR,Pa4,Pa5,PeF,PoT,ProS,RCH,RE,RH,RL,RM,RN,RO,RPA,RPF,RPO,RR,RSPagl,RSPd,RSPv,RT,SAG,SBPV,SCH,SCO,SCm,SCs,SEZ,SF,SFO,SG,SGN,SH,SI,SIM,SLC,SLD,SMT,SNc,SNr,SO,SOC,SPA,SPFm,SPFp,SPIV,SPVC,SPVI,SPVO,SSp-bfd,SSp-ll,SSp-m,SSp-n,SSp-tr,SSp-ul,SSp-un,SSs,STN,STR-unassigned,SUB,SUM,SUT,SUV,SubG,TEa,TH-unassigned,TMd,TMv,TR,TRN,TRS,TT,TU,UVU,V,V3-unassigned,V4-unassigned,V4r,VAL,VCO,VI,VII,VIIIn,VIIn,VISC,VISa,VISal,VISam,VISl,VISli,VISp,VISpl,VISpm,VISpor,VISrl,VL-unassigned,VLPO,VM,VMH,VMPO,VPL,VPLpc,VPM,VPMpc,VTA,VTN,VeCB,Vn,XII,Xi,Xn,ZI,arb,brain-unassigned,cbc,cbp,cc,chpl,cst,drt,epsc,fiber tracts-unassigned,lfbst,mfbc,mfsbshy,rust,scwm-unassigned,tsp,von,x,y
Chol,28,0,0,252,1,1,4,0,0,0,0,0,0,0,0,2,0,0,0,0,174,0,0,0,0,0,0,0,7,27,3,1,0,1,0,1,24,0,0,0,0,31,7,0,0,5,0,0,0,0,1332,0,0,0,0,5,0,0,0,8,146,0,0,4,0,8,0,0,0,0,1,0,0,0,0,0,0,0,0,29,134,23,0,49,0,0,0,53,1,0,0,0,0,0,1,0,0,11,45,1,0,0,5,0,0,233,0,2,1,0,0,0,0,0,0,81,0,0,66,45,0,0,0,0,61,10,2,37,35,0,67,0,9,336,36,8,16,2,2,0,1881,0,2,0,0,1,13,0,56,114,0,84,110,0,300,0,1,0,0,0,0,10,0,75,10,0,0,0,0,170,0,60,46,0,0,49,96,0,66,0,75,112,0,103,0,0,1,0,0,0,0,7,30,0,0,3,0,0,1,0,0,0,0,0,174,0,18,0,0,0,0,25,13,6,0,0,2,0,1,0,55,0,5,5,0,0,1,0,0,0,0,3,0,0,4,5,0,0,0,0,0,4,0,0,0,1,9,0,0,0,0,0,0,1,0,0,0,0,288,0,0,7,0,0,1,2,49,0,0,0,1,0,0,8,0,0,0,0,0,0,0,0,0,134,0,0,28,1,0,0,8,0,0,0,0,0,3,10,0,126,259,7,0,0,2,8,371,36,5,0,0,0,0,0,0,0,0,0,0,0,0,11,0,20,0,0,0,0,0,0,0,0,1,106,0,0,0,2,77,0,43,2,312,50,0,2,5,0,2,26,15,0,2,0,0,0
Dopa,1,0,0,1,0,0,0,30,1,1,7,0,0,0,33,37,0,0,0,77,70,0,1,0,0,0,1,0,0,8,0,1,0,0,0,0,10,0,0,0,0,0,2,0,0,107,0,1,0,0,5,10,0,0,0,2,0,0,0,19,0,0,0,99,0,0,0,0,0,0,1,2,15,0,0,0,0,0,10,0,0,0,0,0,0,0,0,174,0,0,0,0,0,0,207,0,0,1,5,27,0,0,0,0,55,0,0,0,0,391,0,0,0,0,0,6,0,0,0,10,0,0,4,0,0,1,0,0,0,0,0,0,0,632,0,0,0,0,0,0,0,1,8123,0,1,104,3,0,40,0,13,1,0,0,0,0,0,0,0,0,0,0,0,0,289,0,8,6,11,1,0,6,0,0,0,175,0,0,2,0,4,0,0,8,0,7,0,0,0,0,0,0,0,73,0,14,4,0,0,18,0,0,0,0,16,0,0,4,0,0,2,28,0,1,0,8,1,0,25,52,0,16,30,0,327,0,0,0,16,0,0,2,1,0,35,0,6,0,0,0,0,24,0,0,0,0,0,32,6,0,0,0,0,0,0,0,0,0,5,0,0,0,0,86,155,0,0,1,5,0,0,0,0,0,0,0,0,0,0,1,0,0,3,2,0,11,0,0,0,0,4,0,0,0,0,1,10,1,0,0,42,0,0,0,0,0,0,0,0,0,0,0,0,0,0,0,0,0,0,0,0,0,3,12,0,0,0,0,0,315,0,0,0,0,0,0,11,0,19,0,52,6,0,15,63,0,11,0,4,33,151,0,8,3,0,0
GABA,1226,2247,1866,37494,0,1,361,2118,1848,1378,737,70,0,21958,6198,6687,17,543,127,538,1200,33,40,833,1401,496,889,14,261,504,0,1,27,2,1716,1631,4765,4025,210,2584,845,6034,12435,5,225,17,1,507,785,4673,161902,971,808,1,14535,567,15,5208,1620,793,1,431,308,105,7,547,987,0,3793,2415,1455,1365,6,10,30,2242,131,620,1059,1875,2460,82,1,12,1066,282,256,4991,0,266,0,0,3251,16,60,44,154,8,69,688,649,0,8,680,1891,2,0,6,6,8304,15,1119,9,1,48,277,140,800,12,1321,0,325,1,48,1263,9,1972,6480,3628,54,768,10,2,4639,7,8,101,3081,145,10,8,21,214718,7247,8791,2059,1695,90,2416,1524,27,171,71,47,2147,254,41,317,3622,246,339,1,0,3,8000,60,1771,989,1180,27942,34,495,0,820,338,3193,1936,406,13,0,274,17,1,1121,2,46,251,402,3,10516,49,7,13,292,13,5089,1615,3,75,40,3,17,643,53,572,144,0,233,604,6992,61,560,64,374,6,41,8,13,210,219,5,335,210,87,616,1653,16,1,412,7,852,227,89,1,2,1,224,1,1,53,151,144,1482,2407,3209,4202,73,651,1600,3,8188,9958,167,818,13,20,0,87,8449,15892,1,15,11,140,1011,40,6,2,38,2,8,17,11,0,4492,1767,3928,2379,947,2992,1063,6303,38,11069,1164,5,5,102,85,1881,311,38,65,603,19,382,865,930,3692,0,328,693,94,26,86,1,4,277,0,1490,795,606,488,811,411,5007,467,720,827,689,1142,121,237,592,172,158,1,32,9,97,67,37,7,4,8,0,2455,3480,1021,26,373,4281,477,1623,82,75,922,316,2652,194,86,563,92,70,0,2
GABA-Glyc,0,0,0,0,0,0,0,0,0,0,0,0,8,201,0,0,26,2,0,22,0,0,2,0,0,0,0,0,0,0,2,2,0,0,0,0,0,0,0,0,66,0,150,0,0,0,0,0,0,43,1,41,0,160,123,12,467,57,2,0,217,126,0,13,0,7,0,55,0,0,0,0,0,0,0,212,21,11,0,0,0,0,40,985,0,0,0,0,4,0,0,0,28,5,3,0,0,0,32,3,0,0,15,114,5,964,0,0,1,0,0,0,27,0,0,31,0,0,0,0,21,2,0,0,0,67,0,0,0,0,0,0,270,145,0,289,0,0,0,0,0,0,1,0,0,0,0,0,42,0,0,2075,900,3,0,19,638,1,126,10,4,20,97,782,1,11,0,0,0,0,0,839,38,0,0,467,0,0,511,56,105,0,9,105,0,0,0,0,0,116,2,186,333,1,0,0,0,0,0,1,0,2,0,0,8,5,95,0,0,92,832,535,520,0,0,0,84,0,0,0,0,0,0,0,0,24,2,16,0,0,0,0,1,0,0,77,0,6,47,0,1,0,0,0,0,0,0,0,0,0,4,0,0,0,0,15,0,0,1,172,6,27,0,0,0,0,504,0,0,0,407,203,504,54,0,0,0,0,0,0,0,0,0,1,1,0,25,43,0,0,0,0,0,0,56,0,0,0,164,36,0,199,109,0,224,30,262,293,18,0,0,0,0,0,0,0,0,0,0,0,0,0,0,0,0,0,0,0,0,0,0,9,91,79,0,3,0,400,189,4,129,0,73,30,58,0,0,0,0,0,88,0,120,0,5,10
Glut,501,11727,12208,150,2,805,98,1944,10557,5966,4001,720,7,65440,1878,22058,39,2200,1352,578,654,3,4,5331,8858,2896,5659,1107,48,696,3,24,48,13,4273,3227,972,40011,1076,18492,1759,913,43983,448,1796,20,459,1670,5475,13821,1908,325,821,191,43139,784,3378,14874,59366,1386,150,852,1183,164,4,200,5385,122,18794,18971,6689,1554,44,217,370,12687,942,3291,4329,82,44,64,62,607,6094,1282,1429,5408,15,677,223,61,26090,16,41,234,71,36,136,959,3993,198,919,1018,249,1134,11,11,14,2305,11,3452,101,24,2216,416,1956,92,1589,3410,25,960,188,1444,538,455,83,341,259,2,220,34,371,7779,1891,417,54,5972,159,1641,2478,3911,25427,41300,46562,1044,511,96,3178,314,5,1721,3265,153,256,243,310,1326,11474,126,281,2,5,1126,4578,80,9137,5564,6865,336,49,4017,50,3307,2040,10233,406,3647,1082,38,2768,3,84,1114,334,9,124,1336,1663,25729,5957,137,392,1516,370,34960,9086,678,654,17,1510,216,5890,154,678,156,52,165,8531,21020,700,766,132,52,21,599,2765,754,1346,242,2409,235,359,219,566,6835,14,33,303,275,4612,309,1070,92,149,66,223,37,79,14,101,42,9756,18774,42225,133,121,356,54,5,10152,4832,9,1203,39,118,266,0,783,47927,28,53,438,31,291,174,325,245,225,287,556,596,682,427,35378,11579,29235,19498,6264,18692,7172,40464,639,1975,11339,654,181,83,1,11767,1752,161,56,1405,2038,2869,2974,687,18684,74,1774,1157,1192,1399,4584,50,99,835,67,7437,5606,3806,2958,6141,2537,44879,2173,4891,4785,4947,4199,54,920,3401,81,1302,154,4401,452,113,12,51,1257,27,199,5,555,55774,2724,403,4006,5568,5220,793,644,110,1633,392,6836,1054,214,5317,281,7,15,68
Glut-GABA,19,23,17,22,0,0,8,9,12,16,5,0,0,0,0,57,0,0,0,0,44,0,5,6,7,2,6,0,3,1,0,1,0,0,13,14,368,113,8,115,3,13,10,0,3,3,0,5,1,0,7,179,1,0,0,4,2,0,10,29,0,0,11,18,0,39,8,0,71,46,25,8,2,0,5,0,0,0,9,3,0,48,0,8,4,0,5,125,0,1,0,0,1,0,12,1,0,0,5,35,8,0,0,0,113,6,0,1,0,34,0,3,23,0,0,9,0,0,0,175,0,0,2,0,26,0,0,10,36,0,10,0,0,187,0,1,2,1,1,0,0,9,591,55,53,27,22,0,70,2,1,32,15,0,5,35,0,2,0,0,0,0,0,1,31,0,11,12,14,1,0,67,0,6,4,52,46,1,0,0,13,0,0,128,0,3,20,4,0,0,9,0,0,83,0,71,15,0,0,1,0,0,7,0,20,0,0,0,0,0,16,70,4,19,1,8,0,0,6,5,0,2,8,1,68,0,2,0,9,0,20,4,0,0,13,0,4,0,0,0,46,0,13,11,8,0,11,3,5,0,1,1,0,1,0,6,0,0,55,0,0,0,0,0,2,3,0,0,0,0,19,0,0,0,16,10,12,7,7,20,12,21,0,63,22,228,0,5,0,10,2,0,0,6,5,1,13,1,0,0,11,30,2,0,0,2,0,3,0,3,2,1,7,2,1,13,0,6,6,2,0,1,0,24,9,0,0,0,0,60,5,0,0,0,0,0,10,3,7,0,7,40,2,14,9,6,14,0,36,41,20,10,7,0,0,0
Hist,0,0,0,0,0,0,0,0,0,0,0,0,0,0,0,0,0,0,0,0,6,0,0,0,0,0,0,0,0,0,0,0,0,0,0,0,0,0,0,0,0,0,0,0,0,0,0,0,0,0,0,0,0,0,0,0,0,0,0,50,0,0,0,0,0,0,0,0,0,0,0,0,0,0,0,0,0,0,0,0,0,0,0,0,0,0,0,80,0,0,0,0,0,0,0,0,0,0,0,0,0,0,0,0,0,0,0,0,0,0,0,0,0,0,0,0,0,0,0,13,0,0,23,0,0,0,0,0,0,0,0,0,0,1,0,0,0,0,0,0,0,0,2,0,0,0,0,0,0,0,0,0,0,0,0,0,0,0,0,0,0,0,0,0,0,0,0,0,0,0,0,0,0,0,0,0,0,0,0,0,0,0,0,0,0,0,0,0,0,0,0,0,0,16,0,0,0,1,34,0,0,0,0,0,0,0,0,0,0,0,0,0,0,0,0,0,0,0,0,1,0,0,10,5,0,0,0,0,0,0,0,0,0,0,0,0,0,0,0,0,0,0,0,0,0,0,0,0,0,0,0,0,0,0,0,0,0,0,0,0,0,0,0,0,0,0,0,0,0,0,0,0,0,0,0,0,0,0,0,0,0,0,0,0,0,5,0,0,0,0,0,6,53,0,0,0,0,88,0,0,0,0,0,0,0,0,0,0,0,0,0,0,0,0,0,0,0,0,0,0,0,0,0,40,0,0,0,0,0,0,0,0,0,0,0,0,0,0,8,0,0,0,0,0,0,0,2,0,9,0,0,0,0,0,0,0
Nora,0,0,0,0,0,0,0,0,0,0,0,0,2,0,0,0,26,0,0,0,0,0,0,0,0,0,0,0,0,0,1,41,0,0,0,0,0,0,0,0,2,0,1,0,0,0,0,0,0,0,0,0,0,0,0,0,0,0,0,0,24,0,0,0,0,1,0,0,0,0,0,0,0,0,0,0,0,0,0,0,0,0,1,3,0,0,0,0,0,0,0,0,0,0,0,0,0,0,0,0,0,0,0,0,0,19,0,0,0,0,0,0,0,20,0,38,0,0,0,0,0,0,0,0,0,23,0,0,0,0,0,0,0,0,0,6,0,0,0,0,0,0,0,0,0,0,0,0,0,0,0,47,21,0,0,0,0,0,1,0,0,0,0,19,0,0,0,0,0,0,0,109,9,0,0,4,0,0,12,0,34,0,2,98,0,0,0,0,0,0,0,0,37,0,0,0,0,0,0,0,0,0,0,0,0,0,1,0,0,0,2,7,0,0,0,0,0,0,0,1,0,0,0,0,0,0,0,0,0,0,0,0,0,0,0,0,0,0,0,0,0,0,0,0,0,0,0,0,0,0,0,0,0,0,0,0,0,0,0,0,21,35,0,0,0,0,2,0,0,0,0,0,0,1,0,0,0,0,0,0,0,0,0,0,0,0,6,0,0,0,0,0,0,0,0,0,0,0,40,2,0,57,0,0,0,0,8,2,1,0,0,0,0,0,0,0,0,0,0,0,0,0,0,0,0,0,0,0,0,0,0,0,1,2,0,0,0,2,11,0,15,0,0,0,0,0,0,0,0,0,5,0,0,0,0,0
Sero,0,0,0,0,0,0,0,0,0,0,0,0,0,0,0,0,0,0,0,50,0,0,3,0,0,0,0,0,0,0,0,0,0,0,0,0,0,0,0,0,0,0,6,0,0,0,0,0,0,0,0,440,0,0,0,0,0,0,0,0,0,0,0,321,0,78,0,0,0,0,0,0,0,0,0,0,0,0,0,0,0,0,0,27,0,0,0,2,0,0,0,0,0,0,0,0,0,0,13,0,0,0,12,0,61,3,0,1,0,0,0,0,0,0,0,22,0,0,0,0,0,1,0,0,0,4,0,0,0,0,0,0,22,83,0,1,0,0,0,0,0,0,0,0,0,1,0,0,49,0,0,0,200,0,0,56,0,0,0,0,0,0,0,0,0,0,0,0,0,0,0,255,1,0,0,229,0,0,0,0,2,0,0,127,0,0,0,0,0,0,7,0,40,0,0,0,0,0,0,0,0,0,0,0,2,0,13,0,0,0,18,119,0,0,0,0,0,0,0,0,0,0,0,0,0,0,3,0,0,0,0,0,0,0,0,130,2,60,92,0,33,0,0,0,0,0,0,0,0,0,0,0,0,0,0,0,0,0,0,0,0,0,0,0,0,0,1,0,0,0,0,0,0,0,0,0,0,0,0,0,0,0,0,0,0,0,0,0,0,0,0,0,0,0,49,0,0,0,0,0,0,11,0,0,0,0,7,23,0,0,0,0,0,0,0,0,0,0,0,0,0,0,0,0,0,0,0,0,0,0,0,0,0,1,0,0,0,0,0,0,29,0,0,20,125,0,0,0,0,0,3,0,33,0,0,0
