neurotransmitter,AAA,ACAd1,ACAd2/3,ACAd5,ACAd6a,ACAd6b,ACAv1,ACAv2/3,ACAv5,ACAv6a,ACAv6b,ACB,ACVII,AD,ADP,AHN,AId1,AId2/3,AId5,AId6a,AId6b,AIp1,AIp2/3,AIp5,AIp6a,AIp6b,AIv1,AIv2/3,AIv5,AIv6a,AIv6b,AMBd,AMBv,AMd,AMv,ANcr1,ANcr2,AOBgl,AOBgr,AOBmi,AON,AP,APN,APr,AQ,ARH,ASO,AT,AUDd1,AUDd2/3,AUDd4,AUDd5,AUDd6a,AUDd6b,AUDp1,AUDp2/3,AUDp4,AUDp5,AUDp6a,AUDp6b,AUDpo1,AUDpo2/3,AUDpo4,AUDpo5,AUDpo6a,AUDpo6b,AUDv1,AUDv2/3,AUDv4,AUDv5,AUDv6a,AUDv6b,AV,AVP,AVPV,Acs5,B,BA,BAC,BLAa,BLAp,BLAv,BMAa,BMAp,BST,CA1slm,CA1so,CA1sp,CA1sr,CA2slm,CA2so,CA2sp,CA2sr,CA3slm,CA3slu,CA3so,CA3sp,CA3sr,CB-unassigned,CEAc,CEAl,CEAm,CENT2,CENT3,CL,CLA,CLI,CM,COAa,COApl,COApm,COPY,CP,CS,CTXsp-unassigned,CU,"CUL4, 5",CUN,DCO,DEC,DG-mo,DG-po,DG-sg,DMH,DMX,DN,DP,DR,DT,DTN,ECT1,ECT2/3,ECT5,ECT6a,ECT6b,ECU,ENTl1,ENTl2,ENTl3,ENTl5,ENTl6a,ENTm1,ENTm2,ENTm3,ENTm5,ENTm6,EPd,EPv,EW,Eth,FC,FF,FL,FN,FOTU,FRP1,FRP2/3,FRP5,FRP6a,FRP6b,FS,GPe,GPi,GR,GRN,GU1,GU2/3,GU4,GU5,GU6a,GU6b,HATA,HPF-unassigned,HY-unassigned,I5,IA,IAD,IAM,ICB,ICc,ICd,ICe,IF,IG,IGL,III,IIIn-unassigned,IIn-unassigned,ILA1,ILA2/3,ILA5,ILA6a,ILA6b,IMD,INC,IO,IP,IPA,IPC,IPDL,IPDM,IPI,IPL,IPN-unassigned,IPR,IPRL,IRN,ISN,IV,IVn,IntG,KF,LA,LAV,LC,LD,LDT,LGd-co,LGd-ip,LGd-sh,LGv,LH,LHA,LIN,LING,LM,LP,LPO,LRNm,LRNp,LSc,LSr,LSv,LT,MA,MA3,MARN,MB-unassigned,MD,MDRNd,MDRNv,ME,MEA,MEPO,MGd,MGm,MGv,MH,MMd,MMl,MMm,MMme,MMp,MOB-unassigned,MOBgr,MOBipl,MOBmi,MOBopl,MOp1,MOp2/3,MOp5,MOp6a,MOp6b,MOs1,MOs2/3,MOs5,MOs6a,MOs6b,MPN,MPO,MPT,MRN,MS,MT,MV,MY-unassigned,NB,ND,NDB,NI,NLL,NLOT1,NLOT2,NLOT3,NOD,NOT,NPC,NR,NTB,NTS,OLF-unassigned,OP,ORBl1,ORBl2/3,ORBl5,ORBl6a,ORBl6b,ORBm1,ORBm2/3,ORBm5,ORBm6a,ORBm6b,ORBvl1,ORBvl2/3,ORBvl5,ORBvl6a,ORBvl6b,OT,OV,P-unassigned,P5,PA,PAA,PAG-unassigned,PAL-unassigned,PAR,PARN,PAS,PB-unassigned,PBG,PC5,PCG,PCN,PD,PDTg,PERI1,PERI2/3,PERI5,PERI6a,PERI6b,PF,PFL,PG,PGRNd,PGRNl,PH,PIL,PIR,PL1,PL2/3,PL5,PL6a,PL6b,PMd,PMv,PN,PO,POL,POR,POST,PP,PPN,PPT,PPY,PR,PRC,PRE,PRM,PRNc,PRNr,PRP,PS,PST,PSTN,PSV,PT,PVH,PVHd,PVT,PVa,PVi,PVp,PVpo,PYR,Pa4,Pa5,PeF,PoT,ProS,RCH,RE,RH,RL,RM,RN,RO,RPA,RPF,RPO,RR,RSPagl1,RSPagl2/3,RSPagl5,RSPagl6a,RSPagl6b,RSPd1,RSPd2/3,RSPd5,RSPd6a,RSPd6b,RSPv1,RSPv2/3,RSPv5,RSPv6a,RSPv6b,RT,SAG,SBPV,SCH,SCO,SCdg,SCdw,SCig,SCiw,SCop,SCsg,SCzo,SEZ,SF,SFO,SG,SGN,SH,SI,SIM,SLC,SLD,SMT,SNc,SNr,SO,SOCl,SOCm,SPA,SPFm,SPFp,SPIV,SPVC,SPVI,SPVO,SSp-bfd1,SSp-bfd2/3,SSp-bfd4,SSp-bfd5,SSp-bfd6a,SSp-bfd6b,SSp-ll1,SSp-ll2/3,SSp-ll4,SSp-ll5,SSp-ll6a,SSp-ll6b,SSp-m1,SSp-m2/3,SSp-m4,SSp-m5,SSp-m6a,SSp-m6b,SSp-n1,SSp-n2/3,SSp-n4,SSp-n5,SSp-n6a,SSp-n6b,SSp-tr1,SSp-tr2/3,SSp-tr4,SSp-tr5,SSp-tr6a,SSp-tr6b,SSp-ul1,SSp-ul2/3,SSp-ul4,SSp-ul5,SSp-ul6a,SSp-ul6b,SSp-un1,SSp-un2/3,SSp-un4,SSp-un5,SSp-un6a,SSp-un6b,SSs1,SSs2/3,SSs4,SSs5,SSs6a,SSs6b,STN,STR-unassigned,SUB,SUM,SUT,SUV,Su3,SubG,TEa1,TEa2/3,TEa4,TEa5,TEa6a,TEa6b,TH-unassigned,TMd,TMv,TR,TRN,TRS,TTd,TTv,TU,UVU,V,V3-unassigned,V4-unassigned,V4r,VAL,VCO,VI,VII,VIIn-unassigned,VISC1,VISC2/3,VISC4,VISC5,VISC6a,VISC6b,VISa1,VISa2/3,VISa4,VISa5,VISa6a,VISa6b,VISal1,VISal2/3,VISal4,VISal5,VISal6a,VISal6b,VISam1,VISam2/3,VISam4,VISam5,VISam6a,VISam6b,VISl1,VISl2/3,VISl4,VISl5,VISl6a,VISl6b,VISli1,VISli2/3,VISli4,VISli5,VISli6a,VISli6b,VISp1,VISp2/3,VISp4,VISp5,VISp6a,VISp6b,VISpl1,VISpl2/3,VISpl4,VISpl5,VISpl6a,VISpl6b,VISpm1,VISpm2/3,VISpm4,VISpm5,VISpm6a,VISpm6b,VISpor1,VISpor2/3,VISpor4,VISpor5,VISpor6a,VISpor6b,VISrl1,VISrl2/3,VISrl4,VISrl5,VISrl6a,VISrl6b,VL-unassigned,VLPO,VM,VMH,VMPO,VPL,VPLpc,VPM,VPMpc,VTA,VTN,VeCB,XII,Xi,ZI-unassigned,aco,act,alv,amc,ar,arb,bic,brain-unassigned,bsc,cbc,ccb,ccg,ccs,chpl,cic,cing,cpd,csc,cst-unassigned,cuf,das,df,dhc,dtd,ee,em,fa,fi,fiber tracts-unassigned,fp,fr,fx,gVIIn,hbc,icp,int,ll,lot,lotd,mcp,mct,mfb,ml,mlf,moV,mp,mtg,mtt,nst,och,onl,opt,or,pc,pm,py,pyd,rust-unassigned,sV,scp,scwm-unassigned,sm,st,sup,tb,ts,tspc,vVIIIn,vhc,von,vtd,x,y
Chol,28,0,0,0,0,0,0,0,0,0,0,252,1,1,4,0,0,0,0,0,0,0,0,0,0,0,0,0,0,0,0,0,0,0,0,0,0,0,0,0,2,0,0,0,0,174,0,0,0,0,0,0,0,0,0,0,0,0,0,0,0,0,0,0,0,0,0,0,0,0,0,0,0,7,27,3,1,0,1,0,0,0,1,0,24,0,0,0,0,0,0,0,0,0,0,0,0,0,0,1,2,28,7,0,0,0,5,0,0,0,0,0,1332,0,0,0,0,5,0,0,0,0,0,8,146,0,0,4,0,8,0,0,0,0,0,0,0,0,0,0,0,0,0,0,0,0,1,0,0,0,0,0,0,0,0,0,0,0,0,0,29,134,23,0,49,0,0,0,0,0,0,0,0,53,1,0,0,0,0,0,0,0,1,0,0,11,0,1,0,0,0,0,0,0,0,5,0,0,0,0,0,0,0,0,0,0,233,0,2,1,0,2,0,0,0,0,81,0,0,0,0,66,45,0,0,0,0,61,10,0,2,37,35,0,67,0,9,336,36,0,8,16,2,2,0,0,0,1881,0,0,0,0,0,0,1,0,1,0,0,0,0,0,0,0,0,0,0,0,1,13,0,56,114,0,84,110,0,0,300,0,1,0,0,0,0,0,0,10,0,75,10,0,0,0,0,0,0,0,0,0,0,0,0,0,0,0,0,170,0,60,46,0,0,41,96,0,66,0,73,112,0,103,0,0,1,0,0,0,0,0,0,0,0,7,30,0,0,3,0,0,0,0,0,0,1,0,0,0,9,0,0,174,0,18,0,8,0,0,0,25,13,6,0,0,2,0,1,0,55,0,5,5,0,0,1,0,0,0,0,3,0,0,4,5,0,0,0,0,0,4,0,0,0,0,0,0,0,0,0,0,0,0,0,0,0,1,9,0,0,0,0,0,0,0,0,0,0,0,1,0,0,0,0,288,0,0,7,0,0,1,2,32,8,0,0,0,1,0,0,8,0,0,0,0,0,0,0,0,0,0,0,0,0,0,0,0,0,0,0,0,0,0,0,0,0,0,0,0,0,0,0,0,0,0,0,0,0,0,0,0,0,0,0,0,0,0,0,0,0,134,0,0,28,1,0,0,0,0,0,0,0,0,8,0,0,0,0,0,3,0,10,0,126,259,7,0,0,2,8,371,4,0,0,0,0,0,0,0,0,0,0,0,0,0,0,0,0,0,0,0,0,0,0,0,0,0,0,0,0,0,0,0,0,0,0,0,0,0,0,0,0,0,0,0,0,0,0,0,0,0,0,0,0,0,0,0,0,0,0,0,0,0,0,0,0,0,0,0,11,0,20,0,0,0,0,0,0,0,0,106,0,0,0,2,0,0,0,2,0,77,0,0,0,0,0,312,0,0,0,0,0,0,0,0,0,0,0,0,2,0,5,0,1,0,1,2,0,46,35,0,0,0,0,1,0,45,0,0,2,0,2,0,0,0,0,0,0,2,2,15,1,43,0,20,0,0,1,0,2,0,0,0,0,0,0
Dopa,1,0,0,0,0,0,0,0,0,0,0,1,0,0,0,30,1,0,0,0,0,0,1,0,0,0,5,2,0,0,0,0,0,0,0,0,0,14,0,19,37,0,0,0,77,70,0,1,0,0,0,0,0,0,0,0,0,0,0,0,0,0,0,0,0,0,0,1,0,0,0,0,0,0,8,0,1,0,0,0,0,0,0,0,10,0,0,0,0,0,0,0,0,0,0,0,0,0,0,0,0,0,2,0,0,0,107,0,1,0,0,0,5,10,0,0,0,2,0,0,0,0,0,19,0,0,0,99,0,0,0,0,0,0,0,0,0,0,0,0,0,0,0,0,0,0,1,2,15,0,0,0,0,0,0,10,0,0,0,0,0,0,0,0,0,0,0,0,0,0,0,0,0,174,0,0,0,0,0,0,0,0,207,0,0,1,2,0,0,0,0,0,0,0,0,0,0,2,0,0,8,0,0,0,30,15,0,0,0,0,0,1,0,0,0,0,6,0,0,0,0,0,10,0,0,4,0,0,1,0,0,0,0,0,0,0,0,632,0,0,0,0,0,0,0,0,0,0,1,0,0,0,0,4559,167,84,154,3159,0,0,0,0,0,0,1,0,0,0,104,3,0,40,0,13,1,0,0,0,0,0,0,0,0,0,0,0,0,0,0,0,289,0,6,0,2,0,0,5,0,0,1,0,11,0,0,0,0,1,0,6,0,0,0,172,0,0,2,0,3,0,0,8,0,7,0,0,0,0,0,0,0,0,0,0,0,73,0,14,4,0,0,0,0,0,0,18,0,0,0,0,0,16,0,0,4,0,0,0,2,28,0,1,0,8,1,0,25,52,0,16,30,0,327,0,0,0,16,0,0,2,1,0,35,0,6,0,0,0,0,24,0,0,0,0,0,0,0,0,0,0,0,0,0,0,0,0,0,32,6,0,0,0,0,0,0,0,0,0,0,0,0,0,0,5,0,0,0,0,86,155,0,0,0,1,5,0,0,0,0,0,0,0,0,0,0,0,0,0,0,0,0,0,0,0,0,0,0,0,0,0,0,0,0,0,0,0,0,0,0,0,1,0,0,0,0,0,0,0,0,0,0,0,0,0,0,0,0,0,3,2,0,11,0,0,3,0,0,0,0,0,0,0,4,0,0,0,0,1,2,8,1,0,0,42,0,0,0,0,0,0,0,0,0,0,0,0,0,0,0,0,0,0,0,0,0,0,0,0,0,0,0,0,0,0,0,0,0,0,0,0,0,0,0,0,0,0,0,0,0,0,0,0,0,0,0,0,0,0,0,0,0,0,0,0,0,0,0,0,0,0,0,0,0,0,0,0,0,0,0,3,12,0,0,0,0,0,315,0,0,0,0,11,6,0,0,0,0,0,0,19,0,0,1,1,0,0,0,0,15,0,0,0,0,0,0,1,0,0,4,0,11,0,1,3,0,0,0,0,0,35,0,1,1,6,63,3,0,14,11,1,0,27,350,0,0,0,0,0,0,90,0,51,0,0,0,0,0,0,7,0,0,3,61,0,0
GABA,1226,389,501,971,379,7,307,350,918,269,22,37494,0,1,361,2118,84,491,893,352,28,65,443,550,301,19,41,234,375,84,3,0,0,10,60,14316,7642,716,3424,2058,6687,17,543,127,538,1200,33,40,67,213,113,291,130,19,117,304,206,597,159,18,34,125,61,210,59,7,55,156,121,417,124,16,14,261,504,0,1,27,2,1095,442,179,1200,431,4765,684,2018,410,913,36,63,40,71,248,302,754,620,660,845,1248,1483,3303,4631,7804,5,225,17,1,507,349,436,4673,161902,971,808,1,14535,567,15,5208,738,551,331,793,1,431,308,105,7,547,55,317,349,245,21,0,181,668,900,1267,777,294,536,530,622,433,1455,1365,6,10,30,67,2242,131,620,320,290,378,71,0,1875,2460,82,1,12,66,291,129,382,188,10,282,256,4991,0,266,0,0,16,614,1096,1541,60,44,154,8,8,2,50,74,298,224,3,0,53,8,680,396,364,239,200,166,176,43,305,2,2,0,6,6,15,21,1119,9,1,48,277,67,19,54,800,12,1321,0,325,1,48,1263,9,0,1972,6480,3628,54,768,10,2,4639,7,5,3,101,3081,145,5,2,3,8,21,0,0,0,0,40847,107471,14276,11460,40664,519,2818,2195,1647,68,1095,3281,2950,1446,19,2059,1695,90,2416,1524,27,171,71,47,104,2147,254,41,99,142,76,3622,246,339,1,0,3,8000,60,216,381,892,270,12,222,214,397,156,0,204,269,556,144,7,27942,34,495,0,820,338,2951,1936,406,13,0,253,17,1,1121,2,46,251,21,210,135,27,9,3,10516,49,7,13,292,13,5089,277,320,760,253,5,3,75,40,3,17,3,643,53,572,144,0,233,68,604,6992,61,560,64,374,6,41,8,13,210,219,5,335,210,87,616,1653,16,1,412,7,852,227,89,1,2,1,224,1,1,53,151,144,172,508,527,266,9,302,744,870,479,12,622,921,1294,362,10,4202,73,651,1600,3,1328,244,4346,2270,3406,5627,925,167,818,13,20,0,87,8449,15892,1,15,11,140,1011,40,3,0,2,38,2,8,17,11,0,411,1264,986,1049,732,50,142,540,237,467,363,18,293,1039,666,1001,896,33,187,557,537,546,530,22,77,332,102,262,164,10,227,870,503,748,615,29,80,311,155,273,233,11,503,1461,946,2129,1163,101,38,11069,1164,5,5,102,17,85,121,391,257,790,291,31,311,38,65,603,19,382,499,366,930,3692,0,328,693,94,26,86,1,4,0,87,349,165,511,308,70,66,286,84,215,130,14,66,190,99,183,64,4,43,150,40,171,78,6,66,208,123,271,130,13,25,109,49,169,57,2,535,1418,952,1515,544,43,61,122,18,186,77,3,66,215,67,264,98,10,63,232,53,352,116,11,68,203,113,211,85,9,1142,121,237,592,172,158,1,32,9,97,67,37,4,8,2388,1360,295,551,263,56,3480,25,1021,57,26,1332,342,187,477,54,315,326,24,0,0,1,62,163,0,94,185,1983,307,922,343,1,248,0,0,14,1297,196,1188,1919,86,4,5,82,46,0,6,11,60,75,426,3837,179,75,15,1,0,0,84,7,273,563,105,415,5,0,0,92,1,29,70,2,0,2
GABA-Glyc,0,0,0,0,0,0,0,0,0,0,0,0,0,0,0,0,0,0,0,0,0,0,0,0,0,0,0,0,0,0,0,2,6,0,0,116,85,0,0,0,0,26,2,0,22,0,0,2,0,0,0,0,0,0,0,0,0,0,0,0,0,0,0,0,0,0,0,0,0,0,0,0,0,0,0,2,2,0,0,0,0,0,0,0,0,0,0,0,0,0,0,0,0,0,0,0,0,0,66,0,0,0,69,81,0,0,0,0,0,0,0,43,1,41,0,160,123,12,467,57,2,0,0,0,217,126,0,13,0,7,0,0,0,0,0,55,0,0,0,0,0,0,0,0,0,0,0,0,0,0,0,0,212,21,11,0,0,0,0,0,0,0,0,40,985,0,0,0,0,0,0,0,0,0,4,0,0,0,5,14,10,4,3,0,0,0,0,0,0,0,0,0,0,0,0,15,114,2,0,0,3,0,0,0,0,0,964,0,0,1,0,18,0,27,0,0,31,0,0,0,0,0,0,21,2,0,0,0,64,3,0,0,0,0,0,0,270,145,0,168,121,0,0,0,0,0,0,0,0,0,0,0,0,1,0,0,0,0,0,0,0,0,0,0,0,0,0,0,0,0,0,42,0,0,2075,900,3,2,0,19,638,0,0,1,126,10,4,20,97,782,1,11,0,0,0,0,0,0,0,0,0,0,0,0,0,0,0,0,0,839,38,0,0,455,0,0,511,56,87,0,9,105,0,0,0,0,0,0,0,0,0,116,2,186,333,1,0,0,0,0,0,0,0,0,0,1,0,2,305,0,0,8,5,95,0,0,0,92,832,535,520,0,0,0,84,0,0,0,0,0,0,0,0,24,2,16,0,0,0,0,1,0,0,77,0,6,47,0,1,0,0,0,0,0,0,0,0,0,0,0,0,0,0,0,0,0,0,0,0,0,1,0,3,0,0,0,0,0,0,0,15,0,0,1,172,6,27,0,0,0,0,125,74,0,0,0,407,203,504,54,0,0,0,0,0,0,0,0,0,0,0,0,0,0,0,0,0,0,0,0,0,0,0,0,0,0,0,0,0,0,0,0,0,0,0,0,0,0,0,0,0,0,0,0,0,0,0,0,0,1,1,0,25,43,10,0,0,0,0,0,0,0,0,0,0,0,56,0,0,0,0,164,36,0,199,109,0,224,30,262,11,0,0,0,0,0,0,0,0,0,0,0,0,0,0,0,0,0,0,0,0,0,0,0,0,0,0,0,0,0,0,0,0,0,0,0,0,0,0,0,0,0,0,0,0,0,0,0,0,0,0,0,0,0,0,0,0,0,0,0,0,0,0,0,0,0,0,0,0,0,0,0,0,0,0,0,0,0,9,79,0,0,0,0,0,0,0,400,0,189,3,4,0,0,0,73,0,0,0,0,0,11,2,0,0,0,0,0,0,0,0,0,0,0,7,0,67,0,224,0,0,29,0,0,47,32,1,0,0,0,0,0,0,0,0,0,0,30,0,88,90,33,0,0,0,0,58,3,120,9,0,0,0,5,10
Glut,501,1691,3371,3300,3270,95,976,3684,5049,2279,220,150,2,805,98,1944,75,3830,3550,3047,55,32,2240,1730,1891,73,21,1392,2017,566,5,4,3,429,291,35240,30200,410,238,1230,22058,39,2200,1352,578,654,3,4,297,2144,560,996,1178,156,500,2830,1194,2372,1726,236,106,1216,343,573,566,92,183,1581,738,1818,1202,137,1107,48,696,3,24,48,13,2207,1733,333,1851,1376,972,268,15111,14972,9660,28,246,437,365,163,3309,3852,8964,2204,1759,502,57,354,16720,27263,448,1796,20,459,1670,2301,3174,13821,1908,325,821,191,43139,784,3378,14874,5798,8190,45378,1386,150,852,1183,164,4,200,92,1850,1640,1630,173,122,152,3948,3540,4150,7004,687,3485,5176,4731,4892,6689,1554,44,217,370,53,12687,942,3291,212,1977,1586,547,7,82,44,64,62,607,98,2130,620,1300,1872,74,1282,1429,5408,15,677,223,61,16,8540,9141,8409,41,234,71,36,0,0,124,1014,1436,1376,43,198,11,919,1018,15,15,59,29,12,24,4,84,7,1134,11,11,14,11,502,3452,101,24,2216,416,920,296,740,92,1589,3410,25,960,188,1444,538,406,49,83,341,259,2,220,34,371,7779,1891,259,158,54,5972,159,495,357,789,2478,295,1494,1315,661,146,7566,3030,1206,1503,12122,552,19401,8631,11920,796,2733,22333,11420,9751,325,1044,511,96,3178,314,5,1721,3265,153,41,256,243,310,146,871,309,11474,126,281,2,5,1126,4578,80,539,2848,3668,1983,99,759,1793,1829,1175,8,356,2690,2508,1279,32,336,49,4017,50,3307,2040,9684,406,3647,1082,38,2266,3,84,1114,334,9,124,32,756,363,144,41,1663,25729,5957,137,392,1516,370,34960,551,2839,3063,2549,84,678,654,17,1510,216,108,5890,154,678,156,52,165,404,8531,21020,700,766,132,52,21,599,2765,754,1346,242,2409,235,359,219,566,6835,14,33,303,275,4612,309,1070,92,149,66,223,37,79,14,101,42,497,3969,3184,1945,161,1078,8307,6009,3284,96,7411,20285,11070,3280,179,133,121,356,54,5,1621,649,3901,3981,1171,2913,748,9,1203,39,118,266,0,783,47927,28,53,438,31,291,174,204,13,245,225,287,556,596,682,427,1689,11573,11329,3392,6776,619,200,4543,1701,2044,2832,259,947,9619,7466,3123,7573,507,940,5135,6523,1975,4658,267,63,2897,877,1291,1003,133,469,6661,3672,2535,4992,363,326,2534,1540,893,1752,127,1445,13285,6282,6666,11986,800,639,1975,11339,654,181,83,93,1,155,3737,1421,3210,2875,369,1752,161,56,1405,2038,2869,1873,1101,687,18684,74,1774,1157,1192,1399,4584,50,99,31,155,2314,623,1452,2651,242,133,2525,940,924,916,168,41,1834,744,585,522,80,19,1339,437,564,507,92,100,2250,1155,1098,1290,248,38,997,391,661,370,80,2250,16873,9258,7395,8329,774,137,794,123,595,485,39,158,1981,770,1138,733,111,62,1872,337,1294,1028,192,153,1911,958,892,902,131,4199,54,920,3401,81,1302,154,4401,452,113,12,51,27,199,502,1026,29,1224,517,125,55774,143,2724,225,403,2200,189,352,5220,83,2622,256,49,139,29,2,0,411,14,282,68,2202,722,1633,343,277,750,36,113,1066,197,284,460,331,2179,19,67,615,83,0,2,61,97,110,213,488,472,199,53,96,201,0,196,1257,761,5317,325,199,16,25,5,267,298,343,7,18,15,68
Glut-GABA,19,4,0,3,16,0,1,1,7,7,1,22,0,0,8,9,0,6,3,3,0,0,3,7,6,0,0,2,3,0,0,0,0,0,0,0,0,0,0,0,57,0,0,0,0,44,0,5,1,1,0,1,3,0,1,1,1,4,0,0,0,1,0,1,0,0,0,2,1,3,0,0,0,3,1,0,1,0,0,5,5,3,7,7,368,27,14,8,64,1,1,2,4,6,24,19,20,46,3,2,2,9,10,0,0,3,3,0,5,1,0,0,7,179,1,0,0,4,2,0,0,7,3,29,0,0,11,18,0,39,0,3,3,2,0,0,0,19,21,26,5,0,6,14,20,6,25,8,2,0,5,0,0,0,0,2,3,3,1,0,3,0,48,0,8,0,2,0,1,0,1,0,5,125,0,1,0,0,0,0,1,0,12,1,0,0,0,0,0,0,3,5,0,0,0,0,0,6,48,10,2,5,10,24,8,0,6,0,1,0,0,0,3,23,0,0,9,0,0,0,0,0,175,0,0,2,0,26,0,0,0,10,36,0,10,0,0,187,0,0,1,2,1,1,0,0,0,0,5,2,1,1,0,285,18,7,7,274,1,42,0,10,2,10,26,3,14,0,27,22,0,70,2,1,32,15,0,0,5,35,0,0,1,1,0,0,0,0,0,1,31,0,0,7,4,0,0,2,6,2,2,0,1,4,7,1,1,1,0,67,0,6,4,45,46,1,0,0,13,0,0,128,0,3,20,0,1,2,1,0,0,0,9,0,0,83,0,71,3,2,5,5,0,0,0,1,0,0,0,7,0,20,0,0,0,0,0,0,16,70,4,19,1,8,0,0,6,5,0,2,8,1,68,0,2,0,9,0,20,4,0,0,13,0,4,0,0,0,46,0,0,6,3,3,1,1,1,5,4,0,4,3,0,1,0,0,11,3,5,0,0,0,0,1,0,1,0,0,1,0,6,0,0,55,0,0,0,0,0,2,3,0,0,0,0,0,19,0,0,0,3,7,0,1,4,1,1,8,0,0,0,1,3,8,0,0,1,0,1,5,0,1,0,0,1,4,1,0,0,1,3,11,0,0,3,3,1,6,0,0,4,1,5,13,0,1,0,2,0,63,22,228,0,5,7,0,0,2,2,3,2,1,2,0,0,6,5,1,12,1,1,0,0,11,30,2,0,0,2,0,0,0,0,0,0,2,1,0,2,0,0,0,0,0,1,0,0,0,0,0,2,0,0,2,3,0,0,0,1,1,0,0,0,0,0,1,0,3,5,0,2,2,1,0,0,0,0,0,0,0,1,1,0,1,3,0,1,0,4,1,0,0,1,0,0,1,0,0,1,0,24,9,0,0,0,0,60,5,0,0,0,10,10,6,2,2,0,3,0,7,0,0,13,0,3,2,0,16,0,0,0,0,0,0,9,1,5,0,17,0,14,2,0,0,0,0,2,14,3,1,1,0,0,23,9,5,0,1,5,0,6,30,22,5,0,0,7,0,0,14,0,5,10,5,1,0,0,0,6,0,0,0,6,0,0
Hist,0,0,0,0,0,0,0,0,0,0,0,0,0,0,0,0,0,0,0,0,0,0,0,0,0,0,0,0,0,0,0,0,0,0,0,0,0,0,0,0,0,0,0,0,0,6,0,0,0,0,0,0,0,0,0,0,0,0,0,0,0,0,0,0,0,0,0,0,0,0,0,0,0,0,0,0,0,0,0,0,0,0,0,0,0,0,0,0,0,0,0,0,0,0,0,0,0,0,0,0,0,0,0,0,0,0,0,0,0,0,0,0,0,0,0,0,0,0,0,0,0,0,0,50,0,0,0,0,0,0,0,0,0,0,0,0,0,0,0,0,0,0,0,0,0,0,0,0,0,0,0,0,0,0,0,0,0,0,0,0,0,0,0,0,0,0,0,0,0,0,0,0,0,80,0,0,0,0,0,0,0,0,0,0,0,0,0,0,0,0,0,0,0,0,0,0,0,0,0,0,0,0,0,0,0,0,0,0,0,0,0,0,0,0,0,0,0,0,0,0,0,0,13,0,0,23,0,0,0,0,0,0,0,0,0,0,0,1,0,0,0,0,0,0,0,0,0,0,0,0,0,0,0,0,0,0,1,1,0,0,0,0,0,0,0,0,0,0,0,0,0,0,0,0,0,0,0,0,0,0,0,0,0,0,0,0,0,0,0,0,0,0,0,0,0,0,0,0,0,0,0,0,0,0,0,0,0,0,0,0,0,0,0,0,0,0,0,0,0,0,0,0,0,0,0,0,0,0,0,0,0,0,0,0,0,16,0,0,0,0,0,0,0,1,34,0,0,0,0,0,0,0,0,0,0,0,0,0,0,0,0,0,0,0,0,0,0,1,0,0,10,5,0,0,0,0,0,0,0,0,0,0,0,0,0,0,0,0,0,0,0,0,0,0,0,0,0,0,0,0,0,0,0,0,0,0,0,0,0,0,0,0,0,0,0,0,0,0,0,0,0,0,0,0,0,0,0,0,0,0,0,0,0,0,0,0,0,0,0,0,0,0,0,0,0,0,0,0,0,0,0,0,0,0,0,0,0,0,0,0,0,0,0,0,0,0,0,0,0,0,0,0,0,0,0,0,0,0,0,0,0,0,0,0,0,0,0,0,0,0,0,5,0,0,0,0,0,0,0,0,0,0,0,6,53,0,0,0,0,0,88,0,0,0,0,0,0,0,0,0,0,0,0,0,0,0,0,0,0,0,0,0,0,0,0,0,0,0,0,0,0,0,0,0,0,0,0,0,0,0,0,0,0,0,0,0,0,0,0,0,0,0,0,0,0,0,0,0,0,0,0,0,0,0,0,0,0,0,0,0,0,0,0,0,0,0,0,0,0,0,40,0,0,0,0,0,0,0,0,0,0,0,0,0,0,0,0,0,0,8,0,0,0,0,0,0,0,0,0,0,0,0,0,0,0,0,0,0,0,0,2,0,0,9,0,0,0,0,0,0,0,0,0,0,0,0,0,0,0,0,0,0,0,0,0,0,0,0,0,0,0,0,0,0,0,0,0,0,0,0,0,0,0,0,0
Nora,0,0,0,0,0,0,0,0,0,0,0,0,0,0,0,0,0,0,0,0,0,0,0,0,0,0,0,0,0,0,0,0,2,0,0,0,0,0,0,0,0,26,0,0,0,0,0,0,0,0,0,0,0,0,0,0,0,0,0,0,0,0,0,0,0,0,0,0,0,0,0,0,0,0,0,1,41,0,0,0,0,0,0,0,0,0,0,0,0,0,0,0,0,0,0,0,0,0,2,0,0,0,1,0,0,0,0,0,0,0,0,0,0,0,0,0,0,0,0,0,0,0,0,0,24,0,0,0,0,1,0,0,0,0,0,0,0,0,0,0,0,0,0,0,0,0,0,0,0,0,0,0,0,0,0,0,0,0,0,0,0,0,0,1,3,0,0,0,0,0,0,0,0,0,0,0,0,0,0,0,0,0,0,0,0,0,0,0,0,0,0,0,0,0,0,0,0,0,0,0,0,0,0,0,0,0,19,0,0,0,0,0,0,0,20,0,38,0,0,0,0,0,0,0,0,0,0,0,23,0,0,0,0,0,0,0,0,0,0,0,6,0,0,0,0,0,0,0,0,0,0,0,0,0,0,0,0,0,0,0,0,0,0,0,0,0,0,0,0,0,0,0,0,0,47,21,0,0,0,0,0,0,0,0,1,0,0,0,0,19,0,0,0,0,0,0,0,0,0,0,0,0,0,0,0,0,0,0,0,109,9,0,0,4,0,0,12,0,34,0,2,98,0,0,0,0,0,0,0,0,0,0,0,0,37,0,0,0,0,0,0,0,0,0,0,0,0,0,0,0,0,0,0,1,0,0,0,0,2,7,0,0,0,0,0,0,0,1,0,0,0,0,0,0,0,0,0,0,0,0,0,0,0,0,0,0,0,0,0,0,0,0,0,0,0,0,0,0,0,0,0,0,0,0,0,0,0,0,0,0,0,0,0,0,0,0,0,0,0,0,0,0,0,0,0,21,35,0,0,0,0,2,0,0,0,0,0,0,0,1,0,0,0,0,0,0,0,0,0,0,0,0,0,0,0,0,0,0,0,0,0,0,0,0,0,0,0,0,0,0,0,0,0,0,0,0,0,0,0,0,0,0,0,0,0,0,0,0,0,0,0,0,6,0,0,0,0,0,0,0,0,0,0,0,0,0,0,0,0,0,0,40,2,0,57,0,0,0,0,8,1,0,0,0,0,0,0,0,0,0,0,0,0,0,0,0,0,0,0,0,0,0,0,0,0,0,0,0,0,0,0,0,0,0,0,0,0,0,0,0,0,0,0,0,0,0,0,0,0,0,0,0,0,0,0,0,0,0,0,0,0,0,0,0,0,0,0,0,0,0,0,0,0,0,0,0,0,0,0,2,0,0,0,0,0,0,0,2,0,11,0,0,0,0,0,0,0,0,0,0,0,0,0,0,0,0,0,0,0,0,0,0,0,0,0,0,0,0,2,0,0,0,0,0,0,0,0,0,0,0,0,0,0,0,0,0,0,0,0,5,1,15,0,0,0,0,0,0,0,0,0,0,0,0,0
Sero,0,0,0,0,0,0,0,0,0,0,0,0,0,0,0,0,0,0,0,0,0,0,0,0,0,0,0,0,0,0,0,0,0,0,0,0,0,0,0,0,0,0,0,0,50,0,0,3,0,0,0,0,0,0,0,0,0,0,0,0,0,0,0,0,0,0,0,0,0,0,0,0,0,0,0,0,0,0,0,0,0,0,0,0,0,0,0,0,0,0,0,0,0,0,0,0,0,0,0,0,0,0,6,0,0,0,0,0,0,0,0,0,0,440,0,0,0,0,0,0,0,0,0,0,0,0,0,321,0,78,0,0,0,0,0,0,0,0,0,0,0,0,0,0,0,0,0,0,0,0,0,0,0,0,0,0,0,0,0,0,0,0,0,0,27,0,0,0,0,0,0,0,0,2,0,0,0,0,0,0,0,0,0,0,0,0,0,0,0,0,0,0,0,0,0,12,0,25,4,1,1,3,6,21,0,0,3,0,1,0,0,0,0,0,0,0,22,0,0,0,0,0,0,0,1,0,0,0,4,0,0,0,0,0,0,0,22,83,0,0,1,0,0,0,0,0,0,0,0,0,0,0,0,0,0,0,0,0,0,0,0,0,0,0,0,0,0,0,1,0,0,49,0,0,0,200,0,0,0,56,0,0,0,0,0,0,0,0,0,0,0,0,0,0,0,0,0,0,0,0,0,0,0,0,0,0,0,0,0,255,1,0,0,228,0,0,0,0,2,0,0,127,0,0,0,0,0,0,0,0,0,0,7,0,40,0,0,0,0,0,0,0,0,0,0,0,0,0,1,0,0,2,0,13,0,0,0,0,18,119,0,0,0,0,0,0,0,0,0,0,0,0,0,0,3,0,0,0,0,0,0,0,0,130,2,60,92,0,33,0,0,0,0,0,0,0,0,0,0,0,0,0,0,0,0,0,0,0,0,0,0,0,0,0,0,0,0,0,0,0,0,0,0,0,0,0,0,0,0,0,0,0,0,0,0,0,0,0,0,0,0,0,0,0,0,0,0,0,0,0,0,0,0,0,0,0,0,0,0,0,0,0,0,0,0,0,0,0,0,0,0,0,0,0,0,0,0,0,0,0,0,0,0,0,0,0,0,0,0,0,0,0,0,0,1,0,0,0,0,0,0,0,0,0,0,0,49,0,0,0,0,0,0,0,11,0,0,0,0,7,0,0,0,0,0,0,0,0,0,0,0,0,0,0,0,0,0,0,0,0,0,0,0,0,0,0,0,0,0,0,0,0,0,0,0,0,0,0,0,0,0,0,0,0,0,0,0,0,0,0,0,0,0,0,0,0,0,0,0,0,0,0,0,0,0,0,0,0,0,0,0,0,0,0,0,0,0,0,0,1,0,0,0,0,0,0,0,0,0,0,0,0,0,0,0,0,0,0,0,0,0,0,0,0,0,1,0,0,0,0,0,0,0,0,0,0,0,0,2,0,0,0,0,0,125,13,0,0,0,0,0,0,0,0,0,0,0,20,0,3,0,29,0,0,0,0,21,0,32,0,0,0,0,0,0
