subclass,AQ,CB,CTXsp,HPF,HY,Isocortex,MB,MY,OLF,P,PAL,STR,TH,V3,V4,VL,brain-unassigned,cbf,cm,eps,fiber tracts-unassigned,lfbs,mfbs,scwm
001 CLA-EPd-CTX Car3 Glut,0,0,2454,107,0,14598,0,0,1195,0,0,100,0,0,0,1,0,0,3,0,0,337,15,185
002 IT EP-CLA Glut,0,0,4245,689,0,1181,0,0,1390,0,0,89,0,0,0,5,6,0,5,0,0,282,165,6
003 L5/6 IT TPE-ENT Glut,0,0,18,1803,0,783,0,0,41,0,0,0,0,0,0,0,0,0,0,0,0,8,2,0
004 L6 IT CTX Glut,0,0,216,79,0,28050,0,0,29,0,0,61,0,0,0,0,0,0,0,0,0,294,60,500
005 L5 IT CTX Glut,0,0,3,23,0,26918,1,0,4,0,0,0,0,0,0,0,0,0,0,0,0,7,1,1
006 L4/5 IT CTX Glut,0,0,36,147,0,118883,3,0,52,0,0,8,0,0,0,0,0,0,1,0,0,24,0,1
007 L2/3 IT CTX Glut,0,0,21,173,0,181659,28,0,307,0,0,2,0,0,0,0,0,1,0,0,0,31,12,16
008 L2/3 IT ENT Glut,0,0,75,13612,0,115,0,0,364,0,0,0,0,0,0,0,0,0,0,0,0,2,0,0
009 L2/3 IT PIR-ENTl Glut,0,0,1111,3565,0,245,0,1,34655,0,2,767,1,0,0,1,0,0,12,0,0,174,40,0
010 IT AON-TT-DP Glut,0,0,39,5,1,199,0,0,26606,0,0,131,0,0,0,0,0,0,1417,0,0,20,0,0
011 L2 IT ENT-po Glut,0,0,0,3776,0,12,0,0,1,0,0,0,0,0,0,0,0,0,0,0,0,0,0,0
012 MEA Slc17a7 Glut,0,1,1020,42,28,8,0,2,484,0,39,2191,0,0,0,15,28,0,13,0,47,1,52,0
013 COAp Grxcr2 Glut,0,0,337,30,0,4,0,0,4847,0,0,88,0,0,0,0,0,0,1,0,0,0,0,0
014 LA-BLA-BMA-PA Glut,0,0,10527,116,0,3,0,0,583,0,0,1971,0,0,0,60,34,0,1,0,35,169,259,0
015 ENTmv-PA-COAp Glut,0,0,363,738,0,0,0,0,209,0,0,0,0,0,0,0,1,0,0,0,0,0,0,0
016 CA1-ProS Glut,0,0,33,38629,0,3,0,0,3,0,0,3,0,4,0,6,25,0,0,0,0,12,71,0
017 CA3 Glut,0,0,185,17585,0,0,36,0,0,0,0,54,19,0,0,2,52,0,3,0,34,101,135,0
018 L2 IT PPP-APr Glut,0,0,1,2600,0,205,0,0,0,0,0,0,0,0,0,0,3,0,0,0,0,0,0,0
019 L2/3 IT PPP Glut,0,0,1,18079,0,816,0,0,2,0,0,0,0,0,0,0,0,0,1,0,0,1,2,1
020 L2/3 IT RSP Glut,0,0,9,878,0,29993,159,0,1,0,0,0,0,0,0,0,2,0,0,0,0,149,5,0
021 L4 RSP-ACA Glut,0,0,0,47,0,4304,0,0,1,0,0,0,0,0,0,0,0,0,0,0,0,7,1,0
022 L5 ET CTX Glut,0,0,0,172,0,28878,0,0,364,0,0,0,0,0,0,0,1,0,0,0,0,28,2,1
023 SUB-ProS Glut,0,0,117,8385,0,51,1,0,1,0,0,0,0,0,0,0,11,0,0,0,0,48,177,0
024 L5 PPP Glut,0,0,0,599,0,24,0,0,0,0,0,0,0,0,0,0,0,0,0,0,0,4,0,1
025 CA2-FC-IG Glut,0,0,0,2580,0,223,0,0,177,0,0,37,0,12,0,15,66,0,0,0,0,285,163,0
026 NLOT Rho Glut,0,0,32,0,0,0,0,0,736,0,0,358,0,0,0,0,0,0,0,0,0,0,6,0
027 L6b EPd Glut,0,0,1242,23,0,51,0,0,87,0,0,65,0,0,0,0,0,0,1,0,0,92,72,0
028 L6b/CT ENT Glut,0,0,213,11867,0,279,0,0,75,0,0,2,0,0,0,2,7,0,0,0,0,360,189,6
029 L6b CTX Glut,0,0,79,107,0,2152,0,0,66,0,0,105,0,0,0,4,0,0,1,0,0,2102,1028,2787
030 L6 CT CTX Glut,0,0,513,243,0,89988,1,0,840,1,0,173,0,0,0,5,2,0,0,0,0,810,1581,1797
031 CT SUB Glut,0,81,21,2695,11,250,51,168,109,38,10,20,50,6,13,30,65,17,102,3,15,60,94,4
032 L5 NP CTX Glut,0,0,8,130,0,16702,0,0,330,1,0,4,1,0,0,0,0,0,0,0,0,31,17,3
033 NP SUB Glut,0,0,14,3757,0,98,0,0,2,0,0,0,0,0,0,0,9,0,0,0,0,84,317,0
034 NP PPP Glut,0,0,0,1019,0,25,0,0,1,0,0,0,0,0,0,0,0,0,0,0,0,6,0,1
035 OB Eomes Ms4a15 Glut,0,0,3,7,0,173,0,0,26569,0,1,13,1,0,0,1,0,0,692,0,1,0,1,0
036 HPF CR Glut,0,2,35,2729,8,190,5,0,230,0,6,83,19,10,1,4,126,0,14,0,8,1,3,0
037 DG Glut,0,2,105,56534,28,22,3,0,16,1,1,168,15,57,0,2,114,2,9,0,103,113,61,1
038 DG-PIR Ex IMN,0,0,163,2133,0,13,0,0,729,0,0,29,0,0,0,30,2,0,0,0,3,138,21,2
039 OB Meis2 Thsd7b Gaba,0,0,5,0,0,240,0,0,21592,0,1,31,0,0,0,0,0,0,746,0,0,3,0,0
040 OB Trdn Gaba,0,0,1,0,0,4,1,0,24847,0,0,3,0,0,0,0,0,0,270,0,0,0,0,0
041 OB-in Frmd7 Gaba,0,0,6,2,0,131,0,0,123512,0,2,68,0,0,0,1,0,0,2946,0,0,9,0,0
042 OB-out Frmd7 Gaba,0,0,8,1,0,248,0,1,41380,0,3,60,0,0,0,2,1,0,2809,0,0,20,12,2
043 OB-mi Frmd7 Gaba,0,0,0,0,0,30,0,0,4543,0,0,7,0,0,0,0,0,0,69,0,0,0,0,0
044 OB Dopa-Gaba,0,0,7,0,0,116,0,0,16133,0,8,33,0,0,0,0,0,1,744,0,0,13,0,0
045 OB-STR-CTX Inh IMN,1,1,70,215,1,51,0,0,14174,0,14,3772,0,0,0,2348,18,0,1304,1,2,3326,238,22
046 Vip Gaba,0,0,645,1821,7,12315,6,1,965,2,24,192,1,2,0,9,8,0,5,0,5,101,81,25
047 Sncg Gaba,0,0,310,1163,0,3104,1,0,650,0,2,67,1,0,0,3,5,0,17,0,2,147,136,63
048 RHP-COA Ndnf Gaba,0,0,77,1400,1,24,0,0,236,0,4,53,0,1,0,3,9,0,6,0,4,29,46,0
049 Lamp5 Gaba,0,0,416,1640,7,12618,15,0,1773,0,48,346,11,0,0,2,29,0,80,0,6,137,64,78
050 Lamp5 Lhx6 Gaba,0,0,357,2896,3,511,5,0,213,0,7,105,3,4,0,10,38,0,2,0,6,180,143,63
051 Pvalb chandelier Gaba,0,0,328,730,0,1067,1,0,663,0,0,113,0,0,0,4,0,0,1,0,1,27,14,12
052 Pvalb Gaba,0,0,1000,4802,3,31534,1,1,2699,0,5,157,0,0,0,9,20,0,44,0,3,252,204,119
053 Sst Gaba,0,0,1498,4647,4,19519,8,0,1402,0,25,234,5,0,0,11,34,0,26,0,15,317,315,104
054 STR Prox1 Lhx6 Gaba,0,0,97,2,5,12,0,0,33,0,93,2523,1,0,0,10,1,0,1,0,6,16,9,0
055 STR Lhx8 Gaba,0,0,8,0,108,2,2,0,9,1,278,1557,1,0,0,6,1,0,6,0,8,7,10,0
056 Sst Chodl Gaba,0,0,189,120,46,1207,0,0,303,0,369,2335,0,0,0,19,2,0,18,0,1,169,51,67
057 NDB-SI-MA-STRv Lhx8 Gaba,0,0,17,1,1286,3,1,0,73,1,5969,1461,1,1,0,5,25,0,5,0,6,177,20,0
058 PAL-STR Gaba-Chol,0,0,2,0,230,0,2,1,18,1,1187,2058,1,0,0,1,10,0,1,2,6,48,3,0
059 GPe-SI Sox6 Cyp26b1 Gaba,0,0,0,0,27,0,1,0,3,0,714,132,0,0,0,0,0,0,0,1,0,82,0,0
060 OT D3 Folh1 Gaba,0,0,3,0,23,2,0,0,1488,0,2418,13918,2,0,0,1,15,0,85,0,0,0,0,0
061 STR D1 Gaba,0,1,128,7,47,65,0,2,403,0,1973,106042,0,0,0,155,4,0,84,0,1,844,71,12
062 STR D2 Gaba,0,0,187,8,36,68,4,0,289,1,1637,88821,0,0,0,154,1,0,90,0,2,780,63,11
063 STR D1 Sema5a Gaba,0,0,157,0,3,26,1,0,467,0,409,9907,0,0,0,42,1,0,28,0,1,140,43,1
064 STR-PAL Chst9 Gaba,0,0,3127,14,269,165,1,0,831,0,2071,11395,17,0,0,136,20,0,147,1,59,590,455,7
065 IA Mgp Gaba,0,0,258,1,2,11,0,0,335,0,17,161,0,0,0,0,0,0,4,0,0,8,8,0
066 NDB-SI-ant Prdm12 Gaba,0,0,15,0,10,8,0,0,1224,0,216,639,0,0,0,0,1,0,71,0,0,1,2,0
067 LSX Sall3 Pax6 Gaba,0,0,0,0,2,1,1,0,122,0,72,509,1,0,0,0,1,0,2,0,3,0,23,0
068 LSX Otx2 Gaba,0,0,0,0,14,0,0,0,9,0,124,1485,3,11,3,21,0,0,0,0,0,0,12,0
069 LSX Nkx2-1 Gaba,4,0,0,0,21,0,0,0,16,0,112,2538,2,11,1,18,6,0,3,0,0,9,16,0
070 LSX Prdm12 Slit2 Gaba,0,0,1,0,0,1,0,0,131,0,170,3347,0,2,0,28,2,0,0,0,0,18,59,0
071 LSX Prdm12 Zeb2 Gaba,0,0,0,6,0,1,0,0,28,0,27,3818,0,0,0,90,23,0,0,0,0,159,134,0
072 LSX Sall3 Lmo1 Gaba,0,0,0,17,0,1,0,0,43,0,122,1201,0,1,0,6,56,0,0,0,0,20,133,0
073 MEA-BST Sox6 Gaba,4,11,69,7,308,2,3,1,402,0,331,1005,6,15,7,26,9,0,12,0,5,7,43,0
074 MEA-BST Lhx6 Sp9 Gaba,0,0,14,1,131,3,1,1,32,1,184,611,4,1,0,2,0,0,5,0,12,1,45,0
075 MEA-BST Lhx6 Nr2e1 Gaba,0,2,63,0,31,0,0,0,20,0,74,230,1,0,0,1,3,0,2,0,6,0,14,0
076 MEA-BST Lhx6 Nfib Gaba,0,0,32,13,450,0,0,0,32,0,456,827,7,6,0,7,8,0,69,0,61,1,82,0
077 CEA-BST Gal Avp Gaba,0,0,0,0,15,0,0,0,0,0,50,58,0,0,0,0,0,0,0,0,2,0,8,0
078 SI-MA-ACB Ebf1 Bnc2 Gaba,0,10,1,0,32,0,0,0,17,0,214,285,0,0,0,0,0,0,0,0,0,0,0,0
079 CEA-BST Six3 Cyp26b1 Gaba,0,0,19,1,3,0,0,0,1,0,321,2259,0,0,0,36,0,0,1,0,7,14,20,0
080 CEA-AAA-BST Six3 Sp9 Gaba,0,2,155,0,77,13,0,0,119,0,246,861,0,0,0,1,0,0,3,0,1,1,14,0
081 ACB-BST-FS D1 Gaba,0,0,5,0,88,0,0,0,6,0,797,452,0,0,0,0,0,0,10,0,0,0,14,0
082 CEA-BST Ebf1 Pdyn Gaba,4,0,2,1,61,0,1,2,1,0,831,2100,4,8,5,15,1,0,7,0,3,59,45,0
083 CEA-BST Rai14 Pdyn Crh Gaba,0,0,1,0,34,0,0,0,0,0,215,81,0,0,0,3,0,0,2,0,3,9,4,0
084 BST-SI-AAA Six3 Slc22a3 Gaba,0,0,0,0,164,0,0,0,1,0,91,54,0,0,0,0,1,0,1,0,0,0,1,0
085 SI-MPO-LPO Lhx8 Gaba,0,0,1,0,1314,0,0,0,5,0,681,258,0,10,0,0,2,0,8,0,11,9,5,0
086 MPO-ADP Lhx8 Gaba,0,0,0,0,1605,0,7,1,0,2,327,91,1,22,0,1,3,2,18,0,17,0,18,0
087 MPN-MPO-LPO Lhx6 Zfhx3 Gaba,0,0,0,0,157,0,0,0,0,0,50,25,2,0,0,0,0,0,0,0,2,0,6,0
088 BST Tac2 Gaba,0,0,0,0,371,0,0,0,0,1,226,23,0,2,0,0,0,0,0,1,1,0,5,0
089 PVR Six3 Sox3 Gaba,0,0,0,0,1250,0,0,0,0,0,155,223,4,76,0,3,20,0,85,0,52,0,16,0
090 BST-MPN Six3 Nrgn Gaba,0,0,2,0,1035,0,0,0,14,0,192,321,2,0,0,1,17,0,12,0,8,0,15,0
091 ARH-PVi Six6 Dopa-Gaba,0,0,0,0,152,0,0,0,0,1,1,0,1,1,0,0,0,0,0,0,2,0,0,0
092 TMv-PMv Tbx3 Hist-Gaba,0,0,0,0,509,0,1,0,3,0,0,0,0,0,0,0,8,0,0,0,2,0,10,0
093 RT-ZI Gnb3 Gaba,5,5,0,5,476,0,18,1,1,1,212,14,4703,16,3,16,4,1,9,8,119,480,86,0
094 SCH Six6 Cdc14a Gaba,0,0,0,0,1887,2,0,4,0,1,0,2,0,2,0,0,3,0,147,0,107,0,1,0
095 DMH Prdm13 Gaba,0,1,1,0,141,2,0,1,25,0,1,5,0,1,0,0,0,0,2,0,0,0,0,0
096 PVHd Gsc Gaba,0,0,0,0,16,0,0,0,0,0,0,0,1,0,0,0,0,0,0,0,0,0,0,0
097 PVHd-SBPV Six3 Prox1 Gaba,0,0,0,1,321,2,1,0,37,1,3,8,7,0,0,0,0,0,2,0,0,0,3,0
098 AHN-SBPV-PVHd Pdrm12 Gaba,0,0,0,0,1386,0,0,0,0,0,0,2,1,0,0,0,0,0,9,0,2,0,16,0
099 SBPV-PVa Six6 Satb2 Gaba,0,0,0,0,659,0,0,0,0,0,0,0,0,17,0,0,0,0,1,0,6,0,0,0
100 AHN Onecut3 Gaba,0,0,0,0,1320,1,1,1,2,1,6,5,1,0,0,0,0,0,27,0,17,0,10,0
101 ZI Pax6 Gaba,0,0,0,2,2854,2,449,19,4,7,77,2,767,1,0,1,1,0,3,56,82,100,64,0
102 DMH-LHA Gsx1 Gaba,0,0,0,1,1412,0,1,0,0,1,13,1,2,1,0,0,1,0,0,6,5,4,29,0
103 PVHd-DMH Lhx6 Gaba,0,0,0,0,565,0,11,0,0,2,3,0,19,9,0,0,0,0,0,3,3,1,9,0
104 TU-ARH Otp Six6 Gaba,3,0,0,2,2351,0,2,0,0,0,4,2,2,61,3,6,15,0,1,0,13,1,13,0
105 TMd-DMH Foxd2 Gaba,0,0,3,0,220,0,1,0,28,0,2,1,0,2,0,1,1,0,2,0,0,0,0,0
106 PVpo-VMPO-MPN Hmx2 Gaba,0,0,0,0,2840,0,0,0,0,0,94,6,0,54,0,0,30,0,227,0,89,0,1,0
107 DMH Hmx2 Gaba,0,3,0,0,1628,0,1,0,0,1,2,0,5,0,0,0,0,0,4,0,10,0,35,0
108 ARH-PVp Tbx3 Gaba,0,0,0,0,514,0,0,0,0,0,1,0,0,13,0,0,2,0,0,0,0,0,0,0
109 LGv-ZI Otx2 Gaba,0,0,0,13,95,0,28,1,0,2,7,16,477,4,0,3,4,0,3,0,60,37,19,0
110 BST-po Iigp1 Glut,0,0,0,0,8,1,0,0,6,0,149,6,193,2,0,28,29,0,0,0,1,0,28,0
111 TRS-BAC Sln Glut,0,0,0,11,134,0,0,0,3,0,3157,1224,93,262,0,1,100,0,6,0,99,0,1050,0
112 GPi Tbr1 Cngb3 Gaba-Glut,0,0,1,0,57,0,2,0,2,0,89,0,0,0,0,0,0,0,0,5,2,14,0,0
113 MEA-COA-BMA Ccdc42 Glut,1,28,979,52,104,185,65,42,806,22,55,2583,18,16,17,56,37,8,33,1,4,4,20,0
114 COAa-PAA-MEA Barhl2 Glut,0,3,865,87,67,38,5,3,2104,27,52,700,2,0,0,4,8,0,16,1,0,12,30,2
115 MS-SF Bsx Glut,0,0,1,1,124,14,1,0,34,0,419,799,0,9,0,4,14,0,3,0,6,12,34,0
116 AVPV-MEPO-SFO Tbr1 Glut,0,0,0,0,1428,0,0,0,9,3,82,65,0,173,0,7,26,0,83,0,40,0,25,0
117 LHA Barhl2 Glut,0,0,0,0,730,0,0,0,3,0,39,9,74,1,0,0,0,0,10,5,6,0,51,0
118 ADP-MPO Trp73 Glut,0,0,0,0,794,3,0,0,52,0,171,90,12,2,0,0,2,0,8,2,7,1,20,0
119 SI-MA-LPO-LHA Skor1 Glut,0,0,11,0,1057,0,1,0,51,0,1257,516,3,0,0,1,5,0,0,0,4,0,19,0
120 MEA Otp Foxp2 Glut,0,0,6,0,16,0,0,0,74,0,12,318,0,0,0,1,0,0,0,0,0,0,0,0
121 MEA-BST Otp Zic2 Glut,0,0,1,1,60,1,0,0,0,0,86,97,2,1,0,2,3,0,2,0,7,0,9,0
122 LHA-MEA Otp Glut,0,0,0,0,78,0,0,0,2,0,20,66,0,0,0,1,0,0,0,0,0,0,2,0
123 DMH Nkx2-4 Glut,0,2,0,0,633,0,0,0,0,0,0,1,0,0,0,0,0,0,0,0,0,0,0,0
124 MPN-MPO-PVpo Hmx2 Glut,0,0,0,0,1039,0,0,0,0,0,30,3,0,11,0,0,3,0,35,0,16,0,0,0
125 DMH Hmx2 Glut,0,0,0,0,410,0,0,0,4,0,1,2,0,0,0,0,0,0,0,1,0,0,7,0
126 ARH-PVp Tbx3 Glut,0,0,0,1,605,0,0,0,10,0,0,3,0,4,0,2,7,0,1,0,0,0,1,0
127 DMH-LHA Vgll2 Glut,0,0,0,0,510,0,0,0,0,1,5,0,1,2,1,0,0,0,0,5,2,0,11,0
128 VMH Fezf1 Glut,0,0,0,0,871,1,0,0,0,0,0,0,1,0,0,1,0,0,1,0,1,0,1,0
129 VMH Nr5a1 Glut,0,0,0,0,4310,1,0,0,1,4,0,3,0,2,0,0,5,0,27,0,58,0,9,0
130 LHA Pmch Glut,0,0,0,0,338,0,1,0,0,0,6,0,2,0,0,0,0,0,0,6,8,1,36,0
131 LHA-AHN-PVH Otp Trh Glut,0,0,0,0,1565,0,0,0,1,3,48,12,6,11,0,1,4,0,83,1,42,0,10,0
132 AHN-RCH-LHA Otp Fezf1 Glut,0,0,0,0,2768,0,1,0,3,0,43,6,10,2,0,0,0,0,65,1,42,0,65,0
133 PVH-SO-PVa Otp Glut,0,0,0,0,2350,0,1,0,0,0,31,17,68,19,0,0,25,0,322,0,220,0,14,0
134 PH-ant-LHA Otp Bsx Glut,0,0,0,0,1784,0,3,1,0,2,1,0,28,2,0,0,2,0,0,5,3,0,38,0
135 STN-PSTN Pitx2 Glut,0,1,1,0,2065,0,133,0,0,1,177,1,2,0,0,0,1,1,2,77,316,137,26,0
136 PMv-TMv Pitx2 Glut,0,0,0,0,806,0,2,1,2,0,0,0,0,7,0,0,2,0,0,0,3,0,4,0
137 PH-an Pitx2 Glut,0,0,0,0,192,0,0,0,1,0,0,0,3,15,0,0,0,0,0,0,0,0,2,0
138 PH Pitx2 Glut,0,0,0,0,522,0,218,2,1,7,1,2,83,13,0,0,4,0,2,2,0,0,25,0
139 PH-LHA Foxb1 Glut,0,0,0,0,923,0,98,1,14,0,1,2,2,0,0,0,3,0,5,0,25,0,19,0
140 PMd-LHA Foxb1 Glut,0,0,0,0,976,0,2,7,0,3,0,0,0,1,0,0,0,0,0,0,5,0,25,0
141 PH-SUM Foxa1 Glut,0,1,0,0,1243,0,161,0,5,1,0,0,15,20,0,0,0,0,1,4,0,0,76,0
142 HY Gnrh1 Glut,0,0,0,0,21,2,0,0,8,0,20,18,0,2,0,0,0,0,13,0,4,1,1,0
143 MM-ant Foxb1 Glut,0,0,0,0,2016,0,1,0,0,1,0,0,0,103,0,0,1,0,0,0,0,0,41,0
144 MM Foxb1 Glut,0,0,0,0,3464,1,3,1,0,4,0,0,0,1,0,0,114,0,0,0,0,0,34,0
145 MH Tac2 Glut,0,0,0,28,0,0,8,0,0,0,0,0,4722,520,0,714,78,0,1,0,0,0,184,0
146 LH Pou4f1 Sox1 Glut,0,0,0,3,0,0,5,0,0,0,0,0,1293,1,0,4,11,0,0,0,0,0,197,0
147 AD Serpinb7 Glut,0,0,0,0,0,0,0,0,0,0,0,0,864,9,0,0,67,0,0,0,0,0,48,0
148 AV Col27a1 Glut,0,0,0,0,0,0,1,0,0,0,0,0,1039,11,0,1,22,0,0,0,0,0,40,0
149 PVT-PT Ntrk1 Glut,0,0,0,0,177,0,6,0,0,0,0,0,3194,172,0,0,31,0,0,0,21,0,45,0
150 CM-IAD-CL-PCN Sema5b Glut,0,0,0,0,0,0,1,0,0,0,0,0,1297,0,0,0,1,0,0,0,0,0,17,0
151 TH Prkcd Grin2c Glut,0,0,0,257,160,0,56,0,0,0,3,0,21624,2,0,4,172,0,206,0,196,250,139,0
152 RE-Xi Nox4 Glut,0,0,0,1,54,0,13,0,5,0,0,0,920,0,0,0,0,0,0,0,0,0,12,0
153 MG-POL-SGN Nts Glut,0,0,0,0,0,0,13,0,1,0,0,0,46,0,0,1,1,0,0,0,0,0,0,0
154 PF Fzd5 Glut,0,0,0,0,20,0,376,1,1,0,0,0,3019,1,0,0,0,0,7,0,0,0,98,0
155 PRC-PAG Pax6 Glut,0,0,0,2,0,0,442,0,0,2,1,0,28,1,1,1,7,1,33,2,0,0,5,0
156 MB-ant-ve Dmrta2 Glut,0,0,0,0,19,0,411,2,0,2,1,0,37,0,0,0,0,2,16,20,0,0,13,0
157 RN Spp1 Glut,0,0,0,0,0,0,265,6,0,3,0,0,0,0,0,0,0,1,2,41,0,0,2,0
158 MRN-PAG Nkx6-1 Glut,0,0,0,0,0,0,54,0,0,2,0,0,0,0,0,0,0,1,0,2,0,0,0,0
159 IF-RL-CLI-PAG Foxa1 Glut,2,0,0,0,63,0,456,2,1,20,0,2,3,1,0,0,1,3,3,58,0,0,27,0
160 PAG-SC Neurod2 Meis2 Glut,3,0,0,0,0,0,785,1,0,1,0,0,0,0,0,0,0,0,11,0,0,0,0,0
161 PAG Pou4f3 Glut,4,0,0,0,0,0,866,0,0,0,0,0,0,0,0,0,0,0,2,0,0,0,0,0
162 CUN Evx2 Lhx2 Glut,2,28,0,0,0,0,812,0,0,4,0,0,0,0,0,0,0,0,5,0,0,0,0,0
163 APN C1ql2 Glut,0,0,0,0,0,0,1640,1,0,0,0,1,83,0,0,0,22,0,22,0,0,0,0,0
164 APN C1ql4 Glut,0,0,0,0,0,1,1043,0,0,0,0,0,27,0,0,0,3,0,9,0,0,0,0,0
165 PAG-MRN Pou3f1 Glut,3,0,0,0,0,0,1009,0,1,13,0,0,1,0,0,0,0,11,1,3,0,0,0,0
166 MRN Pou3f1 C1ql4 Glut,0,0,0,0,0,0,91,0,0,1,0,0,1,0,0,0,0,1,3,0,0,0,0,0
167 PRC-PAG Tcf7l2 Irx2 Glut,0,0,0,0,43,0,619,1,19,0,10,1,134,3,0,0,7,0,21,0,0,0,3,0
168 SPA-SPFm-SPFp-POL-PIL-PoT Sp9 Glut,0,5,0,30,232,0,1998,1,0,3,14,2,1681,24,0,1,34,0,94,0,13,72,49,0
169 PAG-SC Pou4f1 Zic1 Glut,6,0,0,0,1,0,1606,0,0,0,0,0,0,0,0,0,2,0,43,0,0,0,0,0
170 PAG-MRN Tfap2b Glut,4,19,0,0,1,0,625,0,0,5,0,0,1,0,3,0,1,1,1,0,0,1,0,0
171 PAG Pou4f1 Bnc2 Glut,1,1,0,0,0,0,640,0,0,0,0,0,0,0,0,0,0,0,2,0,0,0,0,0
172 PAG Pou4f1 Ebf2 Glut,33,1,0,0,0,0,1631,0,0,1,0,0,0,0,0,0,0,0,2,0,0,0,0,0
173 PAG Pou4f2 Glut,6,0,0,0,0,0,2240,0,0,0,0,0,0,0,0,0,0,0,22,0,0,0,0,0
174 PAG Pou4f2 Mesi2 Glut,20,0,0,0,0,0,1065,0,0,0,0,0,0,0,0,0,0,0,1,0,0,0,0,0
175 SC Bnc2 Glut,0,0,0,0,0,0,1189,0,0,0,0,0,0,0,0,0,3,0,2,0,0,0,0,0
176 SCig Foxb1 Glut,0,1,0,0,0,0,2565,1,2,0,1,1,2,0,0,0,1,0,11,0,0,0,0,0
177 SCig-an-PPT Foxb1 Glut,0,0,0,3,0,2,1718,0,1,0,0,0,1,2,0,0,42,0,9,0,0,0,1,0
178 SCig Foxb1 Otx2 Glut,0,0,0,0,0,0,93,0,0,0,0,0,1,0,0,0,0,0,0,0,0,0,0,0
179 SCdg-PAG Tfap2b Glut,0,0,0,0,0,0,628,0,0,0,0,0,0,0,0,0,0,0,27,0,0,0,0,0
180 SCiw Pitx2 Glut,0,0,0,0,0,0,2952,0,0,1,0,0,0,0,0,0,0,0,9,0,0,0,0,0
181 IC Tfap2d Maf Glut,69,1006,0,4,0,0,28423,0,2,3,0,1,2,0,0,0,19,0,123,0,0,2,0,0
182 CUN-PPN Evx2 Meis2 Glut,0,18,0,0,0,0,1379,3,0,412,2,2,0,0,3,0,2,80,43,4,0,0,0,0
183 PBG Mtnr1a Glut-Chol,0,0,0,0,0,0,366,0,0,0,0,1,0,0,0,0,66,0,32,0,0,0,0,0
184 PAG Tcf24 Glut,0,0,0,0,18,0,25,0,0,0,1,0,10,0,0,0,0,0,0,0,0,0,1,0
185 SCig Tfap2b Chrnb3 Glut,0,0,0,0,0,0,892,0,0,0,0,0,0,0,0,0,0,0,2,0,0,0,0,0
186 SCop Pou4f2 Neurod2 Glut,0,0,0,0,0,0,435,0,0,0,0,0,0,0,0,0,0,0,1,0,0,0,0,0
187 SCsg Pde5a Glut,0,1,0,18,0,58,3935,0,0,0,1,0,0,0,0,0,32,0,0,0,0,0,0,0
188 SCop Sln Glut,0,0,0,0,0,0,843,0,0,0,0,0,0,0,0,0,0,0,0,0,0,0,0,0
189 PAG Ucn Glut,0,0,0,0,1,0,152,0,0,0,0,0,0,0,0,0,0,0,0,6,0,0,10,0
190 ND-INC Foxd2 Glut,0,0,0,0,51,0,763,0,0,2,0,0,19,0,0,0,0,0,6,8,0,0,66,0
191 PAG-MRN Rln3 Gaba,0,0,0,0,1,0,113,0,0,0,0,0,0,0,0,0,1,0,4,0,0,1,0,0
192 PPN-CUN-PCG Otp En1 Gaba,0,14,0,0,0,0,567,0,0,234,1,0,0,0,0,0,0,27,44,14,0,0,1,0
193 MRN-PPN-CUN Pax8 Gaba,0,34,0,0,0,0,312,0,0,61,0,0,0,0,1,0,0,25,1,4,0,0,0,0
194 MRN-VTN-PPN Pax5 Cdh23 Gaba,5,1,0,0,1,0,603,0,0,96,0,0,0,0,0,0,0,39,4,20,0,0,1,0
195 SNr-VTA Pax5 Npas1 Gaba,0,0,0,0,1,0,643,0,0,20,0,0,0,0,0,0,8,1,40,18,0,108,4,0
196 PAG-PPN Pax5 Sox21 Gaba,23,15,0,0,0,0,879,0,0,62,0,0,0,0,2,0,0,10,14,22,0,1,1,0
197 SNr Six3 Gaba,0,0,0,2,1,0,454,0,0,2,0,0,0,0,0,0,1,2,6,1,1,46,1,0
198 IC Six3 En2 Gaba,10,117,0,0,0,0,4625,1,0,9,0,0,1,0,0,0,16,0,97,0,0,0,0,0
199 PAG-MRN-RN Foxa2 Gaba,2,0,0,0,1,0,816,1,0,11,0,1,0,0,0,0,0,14,4,27,0,13,4,0
200 PAG-ND-PCG Onecut1 Gaba,0,14,0,0,2,0,350,45,0,318,0,0,0,0,27,0,2,10,23,7,0,0,2,0
201 PAG-RN Nkx2-2 Otx1 Gaba,19,26,0,0,0,0,1054,0,0,13,0,1,0,0,0,0,0,3,9,4,0,0,2,0
202 PRT Tcf7l2 Gaba,0,0,0,6,9,0,2669,0,0,8,0,0,69,9,0,0,54,0,32,0,0,0,0,0
203 LGv-SPFp-SPFm Nkx2-2 Tcf7l2 Gaba,0,0,0,64,43,2,253,0,1,0,0,2,615,1,0,2,49,0,6,0,76,21,35,0
204 SC Otx2 Gcnt4 Gaba,0,0,0,1,0,2,568,0,0,0,0,0,0,0,0,0,10,0,0,0,0,0,0,0
205 SC-PAG Lef1 Emx2 Gaba,1,4,0,0,0,0,3098,0,0,0,0,0,1,0,0,0,3,1,19,0,0,0,0,0
206 SCm-PAG Cdh23 Gaba,9,1,0,0,0,0,659,0,0,1,0,0,0,1,0,0,4,0,31,0,0,0,0,0
207 SCs Dmbx1 Gaba,0,0,0,9,0,18,6047,1,0,0,0,0,0,0,0,0,20,0,24,0,1,0,0,0
208 SC Lef1 Otx2 Gaba,0,0,0,0,0,15,1526,0,0,1,0,0,0,0,0,0,4,0,2,0,0,0,0,0
209 SCs Pax7 Nfia Gaba,1,0,0,0,0,1,2472,0,1,1,0,0,0,0,0,0,3,0,3,0,0,0,0,0
210 PRT Mecom Gaba,0,0,0,3,0,0,138,0,0,0,0,0,2,0,0,0,17,0,9,0,0,0,0,0
211 SC Tnnt1 Gli3 Gaba,0,1,0,2,0,5,1347,0,0,0,0,0,0,0,0,0,7,0,5,0,0,0,0,0
212 SCs Lef1 Gli3 Gaba,0,0,0,0,1,0,899,11,0,1,1,0,0,0,0,0,2,0,0,0,0,0,0,0
213 SCsg Gabrr2 Gaba,1,4,0,32,8,21,3578,0,0,2,3,0,157,0,0,0,75,0,39,0,16,18,4,0
214 IPN Otp Crisp1 Gaba,0,0,0,0,3,0,813,0,0,51,0,0,0,0,0,0,37,0,0,0,0,0,0,0
215 SNc-VTA-RAmb Foxa1 Dopa,75,0,0,0,64,0,1978,1,0,40,0,0,1,3,0,0,3,45,69,132,0,15,27,0
216 MB-MY Tph2 Glut-Sero,65,7,0,0,3,0,919,655,0,1587,0,2,0,0,20,0,1,38,180,38,0,21,0,0
217 PB Lmx1a Glut,0,147,0,0,0,0,27,10,0,1069,0,0,0,0,4,0,11,279,5,2,0,0,0,0
218 PSV Lmx1a Trpv6 Glut,0,2,0,0,0,0,1,9,1,74,0,0,0,0,0,0,0,6,3,0,0,0,0,0
219 PB-SUT Tlx3 Lhx2 Glut,0,0,0,0,0,0,5,0,0,12,0,0,0,0,0,0,0,0,0,0,0,0,0,0
220 PB Pax5 Glut,0,7,0,0,0,0,67,5,0,159,0,0,0,0,2,0,6,20,2,1,0,0,0,0
221 LDT-PCG Vsx2 Lhx4 Glut,6,31,0,0,2,0,499,80,0,1189,1,1,1,0,75,0,0,47,20,23,0,0,0,0
222 PB Evx2 Glut,1,122,0,0,0,1,648,12,1,1212,5,5,0,0,7,0,13,259,96,6,0,0,0,0
223 B-PB Nr4a2 Glut,0,1,0,0,0,0,2,3,0,83,0,0,0,0,8,0,1,1,2,0,0,0,0,0
224 PCG-PRNr Vsx2 Nkx6-1 Glut,0,12,0,0,0,0,208,70,0,832,1,0,0,0,6,0,0,8,4,31,0,0,0,0
225 PRNc-NI-SG-RPO Vsx2 Nr4a2 Glut,0,0,0,0,0,0,0,103,0,475,0,0,1,0,2,0,0,0,45,14,0,0,0,0
226 PRNc-PARN Tlx1 Glut,0,0,0,0,5,0,1,19,0,74,0,0,0,0,0,0,0,1,1,0,0,0,0,0
227 PB-PSV Phox2b Glut,0,1,0,0,0,0,0,15,0,55,0,0,0,0,0,0,0,13,0,1,0,0,0,0
228 PSV Pvalb Lhx2 Glut,0,34,0,0,0,0,1,91,0,2978,0,0,0,0,0,0,0,110,322,13,0,0,0,0
229 PB-NTS Phox2b Ebf3 Lmx1b Glut,0,2,0,0,1,0,15,254,0,446,0,0,0,0,2,0,5,24,11,0,0,0,0,0
230 PRNr Otp Nfib Glut,0,0,0,0,0,0,0,5,0,115,0,0,0,0,0,0,0,0,0,1,0,0,0,0
231 IPN-LDT Vsx2 Nkx6-1 Glut,0,3,0,0,1,0,400,2,0,17,0,1,0,0,0,0,25,6,5,1,0,0,1,0
232 LDT Vsx2 Nkx6-1 Nfib Glut,6,1,0,0,0,0,164,0,1,12,0,0,0,0,0,0,0,2,0,1,0,0,0,0
233 NLL-SOC Spp1 Glut,0,3,0,0,0,0,2,24,2,574,0,0,1,0,3,0,0,28,67,5,0,0,0,0
234 MEV Ppp1r1c Glut,0,7,0,0,0,0,27,2,0,21,0,0,0,0,0,0,1,2,1,0,0,0,0,0
235 PG-TRN-LRN Fat2 Glut,0,250,1,0,0,0,19,1687,0,10058,0,0,0,0,61,35,169,176,483,87,0,142,0,0
236 IRN Vip Glut,0,0,0,0,0,0,0,42,0,1,0,0,0,0,0,0,0,0,1,0,0,0,0,0
237 PRP-NI-PRNc-GRN Otp Glut,0,1,0,0,0,0,3,234,0,484,1,0,0,0,0,0,0,0,24,9,0,0,0,0
238 NTS Phox2b Glut,0,1,0,0,0,0,2,1940,0,32,0,0,0,0,3,0,35,1,14,1,0,0,0,0
239 MARN-GRN Pyy Glut,0,0,0,0,0,0,0,44,0,0,0,0,0,0,0,0,0,0,0,4,0,2,0,0
240 MDRNv Lhx4 Qrfprl Glut,0,0,0,0,0,0,0,11,0,0,0,0,0,0,0,0,0,0,0,0,0,0,0,0
241 NTS Mbnl3 Glut,0,0,0,0,0,0,0,34,0,0,0,0,0,0,0,0,0,0,0,0,0,0,0,0
242 PGRNd Dmbx1 Glut,0,0,0,0,0,0,0,120,0,1,0,0,0,0,0,0,0,0,5,0,0,0,0,0
243 PGRN-PARN-MDRN Hoxb5 Glut,0,2,0,0,1,0,11,2048,0,140,0,0,0,0,0,0,0,13,26,30,0,0,0,0
244 MV-SPIV Slc6a2 Glut,0,22,0,0,0,0,0,128,0,0,0,0,0,0,9,0,3,0,0,0,0,0,0,0
245 SPVI-SPVC Tlx3 Ebf3 Glut,0,57,0,0,1,0,0,1126,0,1,0,0,0,0,9,3,46,26,66,30,0,0,0,0
246 CU-ECU-SPVI Foxb1 Glut,0,121,0,0,1,0,4,836,1,9,0,0,0,0,2,0,53,18,42,0,0,0,0,0
247 MV-SPIV Phox2b Ebf3 Lbx1 Glut,0,0,0,0,0,0,0,366,0,58,0,0,0,0,1,0,0,2,7,0,0,0,0,0
248 MV-SPIV Zic4 Neurod2 Glut,0,21,0,0,0,0,0,437,0,6,0,1,0,0,10,7,0,1,2,1,0,0,0,0
249 NTS Aldh1a2 Glut,0,0,0,0,0,0,0,31,0,0,0,0,0,0,1,0,0,0,0,0,0,0,0,0
250 CBN Neurod2 Pvalb Glut,0,365,0,0,0,0,3,73,0,17,0,0,0,0,4,2,0,174,1,0,0,0,0,0
251 NTS Dbh Glut,0,53,0,0,1,0,4,530,0,482,0,0,0,0,81,9,29,18,5,6,0,0,0,0
252 DMX VII Tbx20 Chol,0,0,0,0,0,0,0,432,0,53,0,0,0,0,0,0,1,1,7,9,0,1,0,0
253 IO Fgl2 Glut,0,0,0,0,0,0,0,2134,0,0,0,0,0,0,0,0,0,0,32,89,0,180,0,0
254 VCO Mafa Meis2 Glut,0,609,0,0,0,0,0,1496,6,45,0,0,1,0,119,31,2,193,125,1,0,0,0,0
255 SPVO Mafa Meis2 Glut,0,0,0,0,0,0,0,246,0,61,0,0,0,0,0,0,0,1,30,0,0,0,0,0
256 SPVC Mafa Glut,0,14,0,0,0,1,5,1051,3,0,1,33,3,0,0,0,19,3,41,15,0,0,1,0
257 SPVC Ccdc172 Glut,0,31,0,0,0,0,0,159,1,0,0,9,0,0,0,0,6,21,26,10,0,0,0,0
258 SPVC Nmu Glut,0,8,0,0,0,0,1,125,0,0,0,3,0,0,0,0,5,3,5,10,0,0,0,0
259 MDRNd Bves Glut,0,0,0,0,0,0,2,42,0,0,0,0,0,0,0,0,0,0,0,0,0,0,0,0
260 MDRNv Crp Glut,0,0,0,0,0,0,0,27,1,0,0,0,0,0,0,0,0,0,2,0,0,0,0,0
261 HB Calcb Chol,0,0,0,0,0,0,100,670,2,241,0,0,0,0,0,0,0,0,45,3,0,3,2,0
262 Pineal Crx Glut,0,7,0,0,0,40,66,0,0,0,0,0,1,124,0,3,300,0,1,0,0,0,3,0
263 CS-RPO Meis2 Gaba,0,1,0,0,1,0,82,24,0,951,2,0,0,0,11,0,0,2,14,39,0,0,0,0
264 PRNc Otp Gly-Gaba,0,0,0,0,1,0,6,112,0,962,0,0,0,0,1,0,1,0,26,63,0,0,0,0
265 PB Sst Gly-Gaba,2,12,0,0,0,0,7,9,0,114,0,0,0,0,2,0,3,11,16,2,0,0,0,0
266 PRNc Prox1 Brs3 Gly-Gaba,0,0,0,0,0,0,0,38,0,78,0,0,0,0,0,0,0,0,5,2,0,0,0,0
267 CS-PRNr-PCG Tmem163 Otp Gaba,0,2,0,0,0,0,89,2,0,485,0,0,0,0,3,0,0,5,1,9,0,0,0,0
268 CS-PRNr-DR En1 Sox2 Gaba,1,1,0,0,0,0,479,0,0,394,0,0,0,0,0,0,0,39,7,30,0,1,1,0
269 LDT Fgf7 Gaba,2,27,0,0,0,0,29,0,0,48,0,0,0,0,4,0,0,0,0,0,0,0,0,0
270 LDT-DTN Gata3 Nfix Gaba,0,0,0,0,0,0,140,0,0,265,0,0,0,0,3,0,0,0,6,0,0,0,0,0
271 NI-RPO Gata3 Nr4a2 Gaba,0,0,0,0,0,0,16,34,0,311,0,0,0,0,27,0,0,0,11,5,0,0,0,0
272 LDT-PCG-CS Gata3 Lhx1 Gaba,0,3,0,0,1,0,156,0,0,398,0,0,0,0,3,0,2,6,2,1,0,0,0,0
273 PDTg-PCG Pax6 Gaba,1,16,0,0,0,0,101,34,0,395,1,1,0,0,32,0,0,1,2,2,0,0,0,0
274 PDTg Otp Shroom3 Gaba,0,4,0,0,0,0,0,1,0,50,0,0,0,0,13,0,0,0,0,0,0,0,0,0
275 PDTg Otp Olig3 Gaba,0,1,0,0,0,0,2,7,0,107,0,0,1,0,62,0,0,0,0,0,0,0,0,0
276 LDT-PCG St18 Gaba,0,2,0,0,0,0,50,5,0,242,0,0,0,0,10,0,0,1,0,0,0,0,0,0
277 DTN-LDT-IPN Otp Pax3 Gaba,0,72,0,0,18,0,1252,3,0,1174,4,2,0,0,48,0,91,1,11,0,1,0,0,0
278 NLL Gata3 Gly-Gaba,0,1,0,0,0,0,48,120,0,1159,1,1,0,0,0,0,0,12,163,51,0,1,0,0
279 PSV Pax2 Gly-Gaba,0,0,0,0,0,0,0,3,0,47,0,0,0,0,0,0,0,2,6,0,0,0,0,0
280 NLL-po Pax7 Gaba,0,0,0,0,0,0,1,0,0,15,0,0,0,0,0,0,0,0,16,0,0,0,0,0
281 POR Gata3 Gly-Gaba,0,0,0,0,0,0,0,22,1,284,0,0,0,0,0,0,0,1,26,0,0,0,0,0
282 POR Spp1 Gly-Gaba,0,1,0,0,0,0,0,7,0,46,0,0,0,0,0,0,0,3,3,8,0,0,0,0
283 PRP Otp Gly-Gaba,0,0,0,0,0,0,0,757,0,101,0,0,0,0,4,0,0,0,15,5,0,1,0,0
284 GRN-IRN-MDRNd Ikzf1 Gly-Gaba,0,0,0,0,0,0,0,44,0,1,0,0,0,0,0,0,0,0,0,0,0,0,0,0
285 MY Lhx1 Gly-Gaba,0,6,0,0,0,0,6,2165,0,799,0,0,0,0,0,0,1,12,74,29,0,4,0,0
286 PPY-PGRNl Vip Glyc-Gaba,0,1,0,0,0,0,0,297,0,1,0,0,0,0,0,0,0,0,9,8,0,1,0,0
287 MV-SPIV-PRP Dmbx1 Gly-Gaba,0,28,0,0,0,0,1,466,0,69,0,0,0,0,26,3,0,44,3,0,0,0,0,0
288 MDRN Hoxb5 Ebf2 Gly-Gaba,0,0,0,0,0,0,1,223,0,0,0,0,0,0,0,0,1,0,4,4,0,0,0,0
289 MDRNd Prox1 Pax6 Gly-Gaba,0,0,0,0,0,0,0,28,2,4,0,0,0,0,0,0,0,0,0,0,0,0,0,0
290 MY Prox1 Lmo7 Gly-Gaba,0,1,0,0,0,0,0,150,0,28,0,0,0,0,0,2,0,4,3,1,0,0,0,0
291 NTS-MDRNd Prox1 Zic1 Gly-Gaba,0,12,0,0,0,0,1,145,0,8,0,0,1,0,9,6,6,2,4,0,0,0,0,0
292 MV Nkx6-1 Gly-Gaba,0,6,0,0,0,0,0,465,0,13,0,0,0,0,28,10,0,1,3,0,0,0,0,0
293 PAS-MV Ebf2 Gly-Gaba,0,101,0,0,0,0,0,998,0,4,0,0,0,0,70,20,71,4,10,0,0,0,0,0
294 MV Pax6 Gly-Gaba,0,6,0,0,0,0,0,215,0,51,0,0,0,0,2,1,0,3,0,0,0,0,0,0
295 CBN Dmbx1 Gaba,0,1085,0,0,2,0,6,67,0,16,0,0,0,0,8,1,0,473,0,0,0,1,0,0
296 RPA Pax6 Hoxb5 Gly-Gaba,0,0,0,0,0,0,0,393,0,16,0,0,0,0,0,0,0,0,26,4,0,21,0,0
297 CU-ECU Pax2 Gly-Gaba,0,5,0,0,0,0,0,11,0,0,0,0,0,0,0,0,1,2,4,0,0,0,0,0
298 PRP Gata3 Slc6a5 Gly-Gaba,0,1,0,0,0,0,0,125,0,10,0,0,0,0,3,0,0,0,0,0,0,0,0,0
299 MARN-PPY Ngfr Gly-Gaba,0,0,0,0,0,0,0,133,0,22,0,0,0,0,0,0,0,0,0,2,0,2,0,0
300 PARN-MDRNd-NTS Gbx2 Gly-Gaba,0,19,0,0,0,0,0,1094,0,1,0,0,0,0,0,1,10,7,3,2,0,0,0,0
301 MV Nr4a2 Gly-Gaba,0,0,0,0,0,0,0,3,0,7,0,0,0,0,0,0,0,0,0,0,0,0,0,0
302 MV Xdh Gly-Gaba,0,0,0,0,0,0,0,11,0,51,0,0,0,0,0,0,0,0,0,0,0,0,0,0
303 IRN Dmbx1 Pax2 Gly-Gaba,0,0,0,0,0,0,0,395,0,1,0,0,0,0,0,0,0,0,0,0,0,0,0,0
304 NTS-PARN Neurod2 Gly-Gaba,0,29,0,0,0,0,2,937,0,14,0,0,0,0,69,4,39,3,5,2,0,0,0,0
305 SPVI-SPVC Sall3 Nfib Gly-Gaba,0,25,0,0,0,0,0,585,0,1,0,0,0,0,1,2,20,12,28,6,0,0,0,0
306 SPVI-SPVC Sall3 Lhx1 Gly-Gaba,0,44,0,0,0,0,1,946,0,0,0,0,0,0,0,0,28,10,44,5,0,0,0,0
307 RO-RPA Pkd2l1 Gaba,0,0,0,0,0,0,0,17,0,1,0,0,0,0,0,0,0,0,2,0,0,0,0,0
308 DCO Il22 Gly-Gaba,0,283,0,0,0,0,0,688,0,2,0,0,0,0,106,18,0,174,5,0,0,0,0,0
309 CB PLI Gly-Gaba,5,2448,0,0,0,0,10,56,0,4,0,0,0,0,13,6,5,351,2,0,0,0,0,0
310 CBX Golgi Gly-Gaba,2,743,0,0,0,0,1,27,0,6,0,0,0,0,4,4,3,117,1,0,0,0,0,0
311 CBX MLI Megf11 Gaba,350,78486,0,13,0,0,1543,99,1,100,0,0,0,1,387,276,154,2244,50,0,0,0,0,0
312 CBX MLI Cdh22 Gaba,94,19343,0,2,0,0,388,25,0,26,0,0,0,0,126,111,36,502,10,0,0,0,0,0
313 CBX Purkinje Gaba,12,5245,0,0,0,0,20,3,0,0,0,0,0,0,8,5,14,236,1,0,0,0,0,0
314 CB Granule Glut,395,329590,3,25,4,9,886,6592,14,1577,0,5,7,3,1580,859,266,58223,820,5,0,6,1,0
315 DCO UBC Glut,3,1506,1,2,1,2,26,1077,18,191,2,0,1,0,146,22,3,409,75,0,0,0,0,0
316 Bergmann NN,99,34067,0,1,0,2,267,34,17,4,1,1,0,0,164,148,60,1670,13,0,0,0,0,0
317 Astro-CB NN,1,2322,0,1,5,5,5,85,75,20,0,2,0,1,24,11,6,1272,25,0,1,1,0,0
318 Astro-NT NN,1124,7780,361,1512,33862,470,71327,37323,841,28669,14350,5698,29128,1121,1714,411,3079,5022,5937,1568,1436,4269,1934,8
319 Astro-TE NN,0,34,12355,80945,74,156267,551,13,39469,7,1838,46579,338,116,1,3568,1707,4,2581,1,477,22119,9296,3185
320 Astro-OLF NN,0,11,0,24,4,230,0,1,17298,0,4,15,3,0,0,12,4,3,1011,0,0,1,2,0
321 Astroependymal NN,63,90,0,89,11,42,217,87,42,3,6,16,176,64,89,56,84,2,16,0,4,8,54,0
322 Tanycyte NN,0,4,0,7,1530,7,3,0,18,0,3,5,5,1064,1,66,27,0,56,0,11,0,6,0
323 Ependymal NN,1448,1123,63,651,1746,0,1401,410,25,174,64,2254,667,3488,1104,6568,359,108,119,0,119,943,1320,0
324 Hypendymal NN,9,2,0,0,0,2,313,2,2,0,0,0,1,380,1,4,1,0,34,0,1,0,6,0
325 CHOR NN,0,2469,4,400,0,4,0,1185,0,0,7,1763,151,925,1982,13954,358,268,71,0,300,156,963,0
326 OPC NN,108,5223,5007,19398,6851,42783,13614,7945,16529,6356,4413,13752,7214,286,213,405,721,1951,2468,457,618,5966,3348,814
327 Oligo NN,109,27315,6058,33102,31125,77887,104751,97876,23979,68466,29396,60444,50159,1998,1240,3778,7310,31022,32408,5539,7631,108542,47195,9509
328 OEC NN,0,0,0,0,2,522,0,1,19554,0,0,0,0,2,0,4,0,0,21602,0,0,1,0,0
329 ABC NN,0,2010,26,1641,375,4643,626,394,1584,344,17,125,1,99,73,125,1583,226,1410,14,67,30,3,0
330 VLMC NN,103,8590,348,7930,1737,16568,6142,3227,7412,1957,797,2792,1904,520,480,1586,7451,1101,4805,80,695,831,711,49
331 Peri NN,88,6457,1609,8193,3207,25162,8465,5053,7839,3781,1721,7058,4652,129,210,352,482,1370,1582,241,248,2104,1115,419
332 SMC NN,30,3492,407,3840,1239,8268,4108,2282,3151,1617,738,2728,1484,40,108,104,2672,440,1437,121,204,530,259,30
333 Endo NN,512,39422,8812,54671,18347,174063,51455,34862,54552,24401,9739,44522,25084,820,1102,1460,4763,7456,10079,1520,1447,10412,5778,2248
334 Microglia NN,104,4705,5223,22530,5985,72681,12720,7869,22948,5404,5770,22465,7370,281,211,663,1054,1962,3317,434,520,6429,3074,1070
335 BAM NN,11,1262,158,1400,381,3077,1375,772,1680,495,253,951,455,122,89,313,986,207,937,19,115,240,177,27
336 Monocytes NN,0,8,0,2,2,13,7,3,6,1,1,1,3,1,0,2,0,3,2,0,0,1,0,0
337 DC NN,1,59,15,70,14,160,55,33,90,17,9,22,21,9,1,12,56,10,43,0,5,13,4,0
338 Lymphoid NN,1,392,47,312,83,987,331,235,498,147,52,239,113,28,23,85,129,67,246,4,23,73,45,13
