supertype,AQ,CB,CTXsp,HPF,HY,Isocortex,MB,MY,OLF,P,PAL,STR,TH,V3,V4,VL,brain-unassigned,cbf,cm,eps,fiber tracts-unassigned,lfbs,mfbs,scwm
0001 CLA-EPd-CTX Car3 Glut_1,0,0,2178,104,0,14516,0,0,1063,0,0,97,0,0,0,1,0,0,3,0,0,312,14,185
0002 CLA-EPd-CTX Car3 Glut_2,0,0,276,3,0,82,0,0,132,0,0,3,0,0,0,0,0,0,0,0,0,25,1,0
0003 IT EP-CLA Glut_1,0,0,3376,406,0,1110,0,0,750,0,0,84,0,0,0,5,2,0,2,0,0,262,145,6
0004 IT EP-CLA Glut_2,0,0,468,282,0,48,0,0,195,0,0,2,0,0,0,0,4,0,0,0,0,16,19,0
0005 IT EP-CLA Glut_3,0,0,305,1,0,4,0,0,194,0,0,1,0,0,0,0,0,0,0,0,0,4,1,0
0006 IT EP-CLA Glut_4,0,0,96,0,0,19,0,0,251,0,0,2,0,0,0,0,0,0,3,0,0,0,0,0
0007 L5/6 IT TPE-ENT Glut_1,0,0,6,247,0,47,0,0,20,0,0,0,0,0,0,0,0,0,0,0,0,1,0,0
0008 L5/6 IT TPE-ENT Glut_2,0,0,9,287,0,676,0,0,5,0,0,0,0,0,0,0,0,0,0,0,0,3,1,0
0009 L5/6 IT TPE-ENT Glut_3,0,0,1,11,0,25,0,0,0,0,0,0,0,0,0,0,0,0,0,0,0,3,0,0
0010 L5/6 IT TPE-ENT Glut_4,0,0,2,1253,0,30,0,0,16,0,0,0,0,0,0,0,0,0,0,0,0,1,1,0
0011 L5/6 IT TPE-ENT Glut_5,0,0,0,5,0,5,0,0,0,0,0,0,0,0,0,0,0,0,0,0,0,0,0,0
0013 L6 IT CTX Glut_1,0,0,114,54,0,4619,0,0,9,0,0,21,0,0,0,0,0,0,0,0,0,83,27,115
0014 L6 IT CTX Glut_2,0,0,75,10,0,15802,0,0,15,0,0,37,0,0,0,0,0,0,0,0,0,198,28,319
0015 L6 IT CTX Glut_3,0,0,6,1,0,3597,0,0,0,0,0,0,0,0,0,0,0,0,0,0,0,2,0,23
0016 L6 IT CTX Glut_4,0,0,12,12,0,1487,0,0,4,0,0,0,0,0,0,0,0,0,0,0,0,7,3,36
0017 L6 IT CTX Glut_5,0,0,9,2,0,2545,0,0,1,0,0,3,0,0,0,0,0,0,0,0,0,4,2,7
0018 L5 IT CTX Glut_1,0,0,3,0,0,5351,0,0,2,0,0,0,0,0,0,0,0,0,0,0,0,0,0,0
0019 L5 IT CTX Glut_2,0,0,0,21,0,9111,1,0,0,0,0,0,0,0,0,0,0,0,0,0,0,7,0,0
0020 L5 IT CTX Glut_3,0,0,0,0,0,9864,0,0,1,0,0,0,0,0,0,0,0,0,0,0,0,0,1,1
0021 L5 IT CTX Glut_4,0,0,0,2,0,2543,0,0,1,0,0,0,0,0,0,0,0,0,0,0,0,0,0,0
0022 L5 IT CTX Glut_5,0,0,0,0,0,49,0,0,0,0,0,0,0,0,0,0,0,0,0,0,0,0,0,0
0023 L4/5 IT CTX Glut_1,0,0,28,84,0,22413,0,0,36,0,0,1,0,0,0,0,0,0,0,0,0,18,0,0
0024 L4/5 IT CTX Glut_2,0,0,0,3,0,40884,0,0,3,0,0,1,0,0,0,0,0,0,0,0,0,0,0,0
0025 L4/5 IT CTX Glut_3,0,0,2,17,0,1745,0,0,5,0,0,0,0,0,0,0,0,0,0,0,0,3,0,0
0026 L4/5 IT CTX Glut_4,0,0,3,4,0,10134,0,0,1,0,0,2,0,0,0,0,0,0,0,0,0,1,0,0
0027 L4/5 IT CTX Glut_5,0,0,1,1,0,20841,2,0,2,0,0,0,0,0,0,0,0,0,1,0,0,1,0,1
0028 L4/5 IT CTX Glut_6,0,0,2,38,0,22866,1,0,5,0,0,4,0,0,0,0,0,0,0,0,0,1,0,0
0029 L2/3 IT CTX Glut_1,0,0,0,16,0,9759,0,0,34,0,0,0,0,0,0,0,0,0,0,0,0,4,0,0
0030 L2/3 IT CTX Glut_2,0,0,7,81,0,155505,28,0,171,0,0,1,0,0,0,0,0,1,0,0,0,26,10,14
0031 L2/3 IT CTX Glut_3,0,0,12,41,0,10860,0,0,31,0,0,0,0,0,0,0,0,0,0,0,0,0,0,0
0032 L2/3 IT CTX Glut_4,0,0,2,35,0,5535,0,0,71,0,0,1,0,0,0,0,0,0,0,0,0,1,2,2
0033 L2/3 IT ENT Glut_1,0,0,66,734,0,10,0,0,172,0,0,0,0,0,0,0,0,0,0,0,0,2,0,0
0034 L2/3 IT ENT Glut_2,0,0,0,406,0,1,0,0,14,0,0,0,0,0,0,0,0,0,0,0,0,0,0,0
0035 L2/3 IT ENT Glut_3,0,0,7,913,0,21,0,0,155,0,0,0,0,0,0,0,0,0,0,0,0,0,0,0
0036 L2/3 IT ENT Glut_4,0,0,1,9125,0,36,0,0,3,0,0,0,0,0,0,0,0,0,0,0,0,0,0,0
0037 L2/3 IT ENT Glut_5,0,0,1,2082,0,46,0,0,0,0,0,0,0,0,0,0,0,0,0,0,0,0,0,0
0038 L2/3 IT ENT Glut_6,0,0,0,352,0,1,0,0,20,0,0,0,0,0,0,0,0,0,0,0,0,0,0,0
0039 L2/3 IT PIR-ENTl Glut_1,0,0,36,362,0,51,0,0,6872,0,0,4,0,0,0,0,0,0,0,0,0,0,0,0
0040 L2/3 IT PIR-ENTl Glut_2,0,0,21,73,0,34,0,1,10453,0,1,134,0,0,0,0,0,0,1,0,0,5,0,0
0041 L2/3 IT PIR-ENTl Glut_3,0,0,8,70,0,74,0,0,4918,0,0,7,0,0,0,0,0,0,0,0,0,1,0,0
0042 L2/3 IT PIR-ENTl Glut_4,0,0,29,2934,0,64,0,0,10781,0,0,30,0,0,0,0,0,0,3,0,0,2,0,0
0043 L2/3 IT PIR-ENTl Glut_5,0,0,6,88,0,1,0,0,116,0,0,2,0,0,0,0,0,0,0,0,0,0,0,0
0044 L2/3 IT PIR-ENTl Glut_6,0,0,7,29,0,0,0,0,352,0,0,0,0,0,0,0,0,0,0,0,0,0,0,0
0045 L2/3 IT PIR-ENTl Glut_7,0,0,1004,9,0,21,0,0,1163,0,1,590,1,0,0,1,0,0,8,0,0,166,40,0
0046 IT AON-TT-DP Glut_1,0,0,2,2,0,185,0,0,3302,0,0,68,0,0,0,0,0,0,0,0,0,17,0,0
0047 IT AON-TT-DP Glut_2,0,0,11,1,0,2,0,0,4344,0,0,51,0,0,0,0,0,0,37,0,0,1,0,0
0048 IT AON-TT-DP Glut_3,0,0,0,0,0,1,0,0,5046,0,0,0,0,0,0,0,0,0,454,0,0,1,0,0
0049 IT AON-TT-DP Glut_4,0,0,19,0,0,1,0,0,967,0,0,8,0,0,0,0,0,0,10,0,0,0,0,0
0050 IT AON-TT-DP Glut_5,0,0,7,2,1,10,0,0,12947,0,0,4,0,0,0,0,0,0,916,0,0,1,0,0
0051 L2 IT ENT-po Glut_1,0,0,0,946,0,12,0,0,0,0,0,0,0,0,0,0,0,0,0,0,0,0,0,0
0052 L2 IT ENT-po Glut_2,0,0,0,757,0,0,0,0,0,0,0,0,0,0,0,0,0,0,0,0,0,0,0,0
0053 L2 IT ENT-po Glut_3,0,0,0,5,0,0,0,0,1,0,0,0,0,0,0,0,0,0,0,0,0,0,0,0
0054 L2 IT ENT-po Glut_4,0,0,0,2068,0,0,0,0,0,0,0,0,0,0,0,0,0,0,0,0,0,0,0,0
0055 MEA Slc17a7 Glut_1,0,0,763,25,0,0,0,0,26,0,0,985,0,0,0,12,17,0,0,0,17,0,40,0
0056 MEA Slc17a7 Glut_2,0,1,61,2,28,8,0,2,101,0,39,207,0,0,0,3,0,0,2,0,4,1,12,0
0057 MEA Slc17a7 Glut_3,0,0,196,15,0,0,0,0,357,0,0,999,0,0,0,0,11,0,11,0,26,0,0,0
0058 COAp Grxcr2 Glut_1,0,0,115,0,0,0,0,0,124,0,0,0,0,0,0,0,0,0,0,0,0,0,0,0
0059 COAp Grxcr2 Glut_2,0,0,222,30,0,4,0,0,4723,0,0,88,0,0,0,0,0,0,1,0,0,0,0,0
0060 LA-BLA-BMA-PA Glut_1,0,0,1779,51,0,0,0,0,93,0,0,11,0,0,0,4,4,0,0,0,13,1,37,0
0061 LA-BLA-BMA-PA Glut_2,0,0,2532,32,0,0,0,0,414,0,0,12,0,0,0,11,29,0,1,0,3,2,25,0
0062 LA-BLA-BMA-PA Glut_3,0,0,3311,4,0,3,0,0,13,0,0,736,0,0,0,11,0,0,0,0,0,97,119,0
0063 LA-BLA-BMA-PA Glut_4,0,0,1251,1,0,0,0,0,54,0,0,425,0,0,0,28,0,0,0,0,19,2,2,0
0064 LA-BLA-BMA-PA Glut_5,0,0,956,28,0,0,0,0,7,0,0,751,0,0,0,0,1,0,0,0,0,60,5,0
0065 LA-BLA-BMA-PA Glut_6,0,0,698,0,0,0,0,0,2,0,0,36,0,0,0,6,0,0,0,0,0,7,71,0
0066 ENTmv-PA-COAp Glut_1,0,0,262,261,0,0,0,0,84,0,0,0,0,0,0,0,0,0,0,0,0,0,0,0
0067 ENTmv-PA-COAp Glut_2,0,0,41,312,0,0,0,0,10,0,0,0,0,0,0,0,1,0,0,0,0,0,0,0
0068 ENTmv-PA-COAp Glut_3,0,0,60,165,0,0,0,0,115,0,0,0,0,0,0,0,0,0,0,0,0,0,0,0
0069 CA1-ProS Glut_1,0,0,3,28403,0,1,0,0,1,0,0,1,0,4,0,6,16,0,0,0,0,6,41,0
0070 CA1-ProS Glut_2,0,0,2,3125,0,0,0,0,0,0,0,0,0,0,0,0,0,0,0,0,0,1,0,0
0071 CA1-ProS Glut_3,0,0,0,690,0,0,0,0,0,0,0,0,0,0,0,0,0,0,0,0,0,4,1,0
0072 CA1-ProS Glut_4,0,0,3,3633,0,0,0,0,0,0,0,0,0,0,0,0,1,0,0,0,0,0,1,0
0073 CA1-ProS Glut_5,0,0,25,1450,0,0,0,0,0,0,0,0,0,0,0,0,8,0,0,0,0,0,27,0
0074 CA1-ProS Glut_6,0,0,0,1328,0,2,0,0,2,0,0,2,0,0,0,0,0,0,0,0,0,1,1,0
0075 CA3 Glut_1,0,0,10,2110,0,0,0,0,0,0,0,0,6,0,0,1,10,0,0,0,3,2,23,0
0076 CA3 Glut_2,0,0,139,1502,0,0,16,0,0,0,0,44,0,0,0,0,10,0,0,0,6,29,11,0
0077 CA3 Glut_3,0,0,35,3280,0,0,20,0,0,0,0,0,0,0,0,0,20,0,0,0,9,48,37,0
0078 CA3 Glut_4,0,0,0,9116,0,0,0,0,0,0,0,0,13,0,0,0,12,0,3,0,8,0,54,0
0079 CA3 Glut_5,0,0,1,1577,0,0,0,0,0,0,0,10,0,0,0,1,0,0,0,0,8,22,10,0
0080 L2 IT PPP-APr Glut_1,0,0,0,546,0,179,0,0,0,0,0,0,0,0,0,0,0,0,0,0,0,0,0,0
0081 L2 IT PPP-APr Glut_2,0,0,0,1034,0,4,0,0,0,0,0,0,0,0,0,0,1,0,0,0,0,0,0,0
0082 L2 IT PPP-APr Glut_3,0,0,1,635,0,1,0,0,0,0,0,0,0,0,0,0,2,0,0,0,0,0,0,0
0083 L2 IT PPP-APr Glut_4,0,0,0,385,0,21,0,0,0,0,0,0,0,0,0,0,0,0,0,0,0,0,0,0
0084 L2/3 IT PPP Glut_1,0,0,0,2296,0,13,0,0,0,0,0,0,0,0,0,0,0,0,0,0,0,0,0,0
0085 L2/3 IT PPP Glut_2,0,0,1,10717,0,270,0,0,1,0,0,0,0,0,0,0,0,0,1,0,0,1,2,1
0086 L2/3 IT PPP Glut_3,0,0,0,5066,0,533,0,0,1,0,0,0,0,0,0,0,0,0,0,0,0,0,0,0
0087 L2/3 IT RSP Glut_1,0,0,1,47,0,6373,99,0,0,0,0,0,0,0,0,0,0,0,0,0,0,1,1,0
0088 L2/3 IT RSP Glut_2,0,0,8,831,0,23620,60,0,1,0,0,0,0,0,0,0,2,0,0,0,0,148,4,0
0089 L4 RSP-ACA Glut_1,0,0,0,47,0,4304,0,0,1,0,0,0,0,0,0,0,0,0,0,0,0,7,1,0
0090 L5 ET CTX Glut_1,0,0,0,2,0,8101,0,0,5,0,0,0,0,0,0,0,0,0,0,0,0,0,0,0
0091 L5 ET CTX Glut_2,0,0,0,2,0,6879,0,0,278,0,0,0,0,0,0,0,0,0,0,0,0,7,1,0
0092 L5 ET CTX Glut_3,0,0,0,6,0,3739,0,0,2,0,0,0,0,0,0,0,0,0,0,0,0,2,0,1
0093 L5 ET CTX Glut_4,0,0,0,2,0,1696,0,0,0,0,0,0,0,0,0,0,0,0,0,0,0,0,0,0
0094 L5 ET CTX Glut_5,0,0,0,14,0,4475,0,0,78,0,0,0,0,0,0,0,0,0,0,0,0,1,0,0
0095 L5 ET CTX Glut_6,0,0,0,146,0,3988,0,0,1,0,0,0,0,0,0,0,1,0,0,0,0,18,1,0
0096 SUB-ProS Glut_1,0,0,0,4000,0,50,1,0,0,0,0,0,0,0,0,0,5,0,0,0,0,4,52,0
0097 SUB-ProS Glut_2,0,0,117,2780,0,0,0,0,0,0,0,0,0,0,0,0,6,0,0,0,0,29,61,0
0098 SUB-ProS Glut_3,0,0,0,1605,0,1,0,0,1,0,0,0,0,0,0,0,0,0,0,0,0,15,64,0
0099 L5 PPP Glut_1,0,0,0,599,0,24,0,0,0,0,0,0,0,0,0,0,0,0,0,0,0,4,0,1
0100 CA2-FC-IG Glut_1,0,0,0,1791,0,0,0,0,0,0,0,0,0,0,0,0,1,0,0,0,0,0,17,0
0101 CA2-FC-IG Glut_2,0,0,0,789,0,223,0,0,177,0,0,37,0,12,0,15,65,0,0,0,0,285,146,0
0102 NLOT Rho Glut_1,0,0,32,0,0,0,0,0,736,0,0,358,0,0,0,0,0,0,0,0,0,0,6,0
0103 L6b EPd Glut_1,0,0,15,0,0,1,0,0,10,0,0,3,0,0,0,0,0,0,1,0,0,2,0,0
0104 L6b EPd Glut_2,0,0,399,1,0,24,0,0,11,0,0,28,0,0,0,0,0,0,0,0,0,37,25,0
0105 L6b EPd Glut_3,0,0,828,22,0,26,0,0,66,0,0,34,0,0,0,0,0,0,0,0,0,53,47,0
0106 L6b/CT ENT Glut_1,0,0,112,3361,0,46,0,0,27,0,0,0,0,0,0,2,2,0,0,0,0,130,58,1
0107 L6b/CT ENT Glut_2,0,0,76,751,0,3,0,0,40,0,0,1,0,0,0,0,5,0,0,0,0,74,81,2
0108 L6b/CT ENT Glut_3,0,0,2,145,0,2,0,0,0,0,0,0,0,0,0,0,0,0,0,0,0,2,7,0
0109 L6b/CT ENT Glut_4,0,0,23,7610,0,228,0,0,8,0,0,1,0,0,0,0,0,0,0,0,0,154,43,3
0110 L6b CTX Glut_1,0,0,26,22,0,400,0,0,32,0,0,20,0,0,0,0,0,0,1,0,0,376,307,585
0111 L6b CTX Glut_2,0,0,38,42,0,873,0,0,3,0,0,69,0,0,0,4,0,0,0,0,0,1324,362,1661
0112 L6b CTX Glut_3,0,0,13,11,0,456,0,0,25,0,0,16,0,0,0,0,0,0,0,0,0,359,286,449
0113 L6b CTX Glut_4,0,0,2,32,0,423,0,0,6,0,0,0,0,0,0,0,0,0,0,0,0,43,73,92
0114 L6 CT CTX Glut_1,0,0,52,43,0,31626,1,0,29,0,0,3,0,0,0,0,0,0,0,0,0,87,189,546
0115 L6 CT CTX Glut_2,0,0,26,13,0,37701,0,0,20,0,0,9,0,0,0,0,0,0,0,0,0,174,543,836
0116 L6 CT CTX Glut_3,0,0,2,20,0,3944,0,0,2,1,0,0,0,0,0,0,0,0,0,0,0,26,364,19
0117 L6 CT CTX Glut_4,0,0,1,55,0,1883,0,0,2,0,0,1,0,0,0,0,0,0,0,0,0,12,70,6
0118 L6 CT CTX Glut_5,0,0,432,110,0,13800,0,0,786,0,0,159,0,0,0,5,2,0,0,0,0,506,401,370
0119 L6 CT CTX Glut_6,0,0,0,2,0,1034,0,0,1,0,0,1,0,0,0,0,0,0,0,0,0,5,14,20
0120 CT SUB Glut_1,0,78,8,1337,10,204,48,168,80,38,9,14,50,5,10,21,59,14,100,3,15,44,56,3
0121 CT SUB Glut_2,0,3,13,1358,1,46,3,0,29,0,1,6,0,1,3,9,6,3,2,0,0,16,38,1
0122 L5 NP CTX Glut_1,0,0,0,35,0,1293,0,0,2,0,0,0,0,0,0,0,0,0,0,0,0,2,11,0
0123 L5 NP CTX Glut_2,0,0,8,74,0,8199,0,0,311,1,0,3,1,0,0,0,0,0,0,0,0,27,5,3
0124 L5 NP CTX Glut_3,0,0,0,16,0,6547,0,0,11,0,0,1,0,0,0,0,0,0,0,0,0,2,1,0
0125 L5 NP CTX Glut_4,0,0,0,3,0,500,0,0,5,0,0,0,0,0,0,0,0,0,0,0,0,0,0,0
0126 L5 NP CTX Glut_5,0,0,0,2,0,163,0,0,1,0,0,0,0,0,0,0,0,0,0,0,0,0,0,0
0127 NP SUB Glut_1,0,0,14,657,0,2,0,0,0,0,0,0,0,0,0,0,9,0,0,0,0,51,83,0
0128 NP SUB Glut_2,0,0,0,3100,0,96,0,0,2,0,0,0,0,0,0,0,0,0,0,0,0,33,234,0
0129 NP PPP Glut_1,0,0,0,1019,0,25,0,0,1,0,0,0,0,0,0,0,0,0,0,0,0,6,0,1
0130 OB Eomes Ms4a15 Glut_1,0,0,0,0,0,23,0,0,5494,0,0,0,0,0,0,0,0,0,58,0,1,0,0,0
0131 OB Eomes Ms4a15 Glut_2,0,0,2,0,0,47,0,0,10256,0,0,0,0,0,0,0,0,0,312,0,0,0,0,0
0132 OB Eomes Ms4a15 Glut_3,0,0,1,7,0,52,0,0,2016,0,1,11,1,0,0,1,0,0,82,0,0,0,1,0
0133 OB Eomes Ms4a15 Glut_4,0,0,0,0,0,26,0,0,7151,0,0,1,0,0,0,0,0,0,114,0,0,0,0,0
0134 OB Eomes Ms4a15 Glut_5,0,0,0,0,0,25,0,0,1652,0,0,1,0,0,0,0,0,0,126,0,0,0,0,0
0135 HPF CR Glut_1,0,2,35,2729,8,190,5,0,230,0,6,83,19,10,1,4,126,0,14,0,8,1,3,0
0136 DG Glut_1,0,0,80,1209,22,1,0,0,0,0,0,137,0,0,0,1,52,0,2,0,82,70,28,0
0137 DG Glut_2,0,2,25,47319,6,20,3,0,16,1,1,27,15,54,0,1,48,2,7,0,15,26,11,1
0138 DG Glut_3,0,0,0,1014,0,1,0,0,0,0,0,1,0,3,0,0,6,0,0,0,0,0,1,0
0139 DG Glut_4,0,0,0,6992,0,0,0,0,0,0,0,3,0,0,0,0,8,0,0,0,6,17,21,0
0140 DG-PIR Ex IMN_1,0,0,12,13,0,1,0,0,18,0,0,14,0,0,0,28,2,0,0,0,0,112,11,2
0141 DG-PIR Ex IMN_2,0,0,0,2087,0,0,0,0,3,0,0,3,0,0,0,2,0,0,0,0,3,9,3,0
0142 DG-PIR Ex IMN_3,0,0,151,33,0,12,0,0,708,0,0,12,0,0,0,0,0,0,0,0,0,17,7,0
0143 OB Meis2 Thsd7b Gaba_1,0,0,4,0,0,27,0,0,9541,0,1,20,0,0,0,0,0,0,432,0,0,0,0,0
0144 OB Meis2 Thsd7b Gaba_2,0,0,1,0,0,9,0,0,1945,0,0,5,0,0,0,0,0,0,49,0,0,3,0,0
0145 OB Meis2 Thsd7b Gaba_3,0,0,0,0,0,148,0,0,789,0,0,1,0,0,0,0,0,0,0,0,0,0,0,0
0146 OB Meis2 Thsd7b Gaba_4,0,0,0,0,0,41,0,0,7486,0,0,0,0,0,0,0,0,0,236,0,0,0,0,0
0147 OB Meis2 Thsd7b Gaba_5,0,0,0,0,0,15,0,0,1831,0,0,5,0,0,0,0,0,0,29,0,0,0,0,0
0148 OB Trdn Gaba_1,0,0,0,0,0,4,0,0,8868,0,0,1,0,0,0,0,0,0,109,0,0,0,0,0
0149 OB Trdn Gaba_2,0,0,1,0,0,0,1,0,15979,0,0,2,0,0,0,0,0,0,161,0,0,0,0,0
0150 OB-in Frmd7 Gaba_1,0,0,1,1,0,77,0,0,47340,0,1,5,0,0,0,0,0,0,756,0,0,0,0,0
0151 OB-in Frmd7 Gaba_2,0,0,1,1,0,10,0,0,46073,0,1,43,0,0,0,0,0,0,495,0,0,3,0,0
0152 OB-in Frmd7 Gaba_3,0,0,4,0,0,5,0,0,10650,0,0,5,0,0,0,1,0,0,92,0,0,6,0,0
0153 OB-in Frmd7 Gaba_4,0,0,0,0,0,5,0,0,8793,0,0,5,0,0,0,0,0,0,100,0,0,0,0,0
0154 OB-in Frmd7 Gaba_5,0,0,0,0,0,23,0,0,7834,0,0,9,0,0,0,0,0,0,1465,0,0,0,0,0
0155 OB-in Frmd7 Gaba_6,0,0,0,0,0,1,0,0,569,0,0,0,0,0,0,0,0,0,8,0,0,0,0,0
0156 OB-in Frmd7 Gaba_7,0,0,0,0,0,0,0,0,1204,0,0,1,0,0,0,0,0,0,4,0,0,0,0,0
0157 OB-in Frmd7 Gaba_8,0,0,0,0,0,10,0,0,1049,0,0,0,0,0,0,0,0,0,26,0,0,0,0,0
0158 OB-out Frmd7 Gaba_1,0,0,8,1,0,211,0,1,34835,0,3,49,0,0,0,1,1,0,2407,0,0,19,11,1
0159 OB-out Frmd7 Gaba_2,0,0,0,0,0,24,0,0,5830,0,0,0,0,0,0,0,0,0,368,0,0,0,0,0
0160 OB-out Frmd7 Gaba_3,0,0,0,0,0,13,0,0,715,0,0,11,0,0,0,1,0,0,34,0,0,1,1,1
0161 OB-mi Frmd7 Gaba_1,0,0,0,0,0,30,0,0,4543,0,0,7,0,0,0,0,0,0,69,0,0,0,0,0
0162 OB Dopa-Gaba_1,0,0,7,0,0,103,0,0,15359,0,8,30,0,0,0,0,0,1,711,0,0,12,0,0
0163 OB Dopa-Gaba_2,0,0,0,0,0,5,0,0,40,0,0,2,0,0,0,0,0,0,0,0,0,1,0,0
0164 OB Dopa-Gaba_3,0,0,0,0,0,5,0,0,604,0,0,1,0,0,0,0,0,0,22,0,0,0,0,0
0165 OB Dopa-Gaba_4,0,0,0,0,0,3,0,0,130,0,0,0,0,0,0,0,0,0,11,0,0,0,0,0
0166 OB-STR-CTX Inh IMN_1,0,1,60,172,0,22,0,0,806,0,4,1518,0,0,0,871,13,0,181,0,0,1464,145,13
0167 OB-STR-CTX Inh IMN_2,0,0,0,3,0,4,0,0,5160,0,1,93,0,0,0,67,0,0,275,0,0,89,1,0
0168 OB-STR-CTX Inh IMN_3,0,0,0,9,0,1,0,0,188,0,0,238,0,0,0,149,0,0,43,0,2,376,23,3
0169 OB-STR-CTX Inh IMN_4,1,0,7,22,1,18,0,0,7567,0,5,1815,0,0,0,1211,1,0,783,1,0,1357,66,6
0170 OB-STR-CTX Inh IMN_5,0,0,0,0,0,5,0,0,398,0,0,58,0,0,0,28,0,0,14,0,0,6,0,0
0171 OB-STR-CTX Inh IMN_6,0,0,1,1,0,1,0,0,52,0,4,44,0,0,0,19,0,0,6,0,0,5,0,0
0172 OB-STR-CTX Inh IMN_7,0,0,2,8,0,0,0,0,3,0,0,6,0,0,0,3,4,0,2,0,0,29,3,0
0173 Vip Gaba_1,0,0,176,273,2,1665,3,0,96,0,6,47,1,1,0,3,3,0,1,0,3,24,31,0
0174 Vip Gaba_2,0,0,54,157,0,434,0,0,86,0,2,18,0,0,0,0,2,0,0,0,1,6,5,0
0175 Vip Gaba_3,0,0,131,139,1,717,0,1,218,0,0,37,0,0,0,0,1,0,0,0,0,2,3,0
0176 Vip Gaba_4,0,0,144,136,1,1222,0,0,116,0,9,27,0,0,0,3,2,0,2,0,1,24,14,11
0177 Vip Gaba_5,0,0,75,536,2,3611,2,0,176,0,5,27,0,0,0,0,0,0,2,0,0,31,21,6
0178 Vip Gaba_6,0,0,21,167,0,2508,1,0,162,1,1,16,0,0,0,0,0,0,0,0,0,2,2,4
0179 Vip Gaba_7,0,0,11,196,1,22,0,0,7,0,0,5,0,1,0,1,0,0,0,0,0,2,1,0
0180 Vip Gaba_8,0,0,8,31,0,216,0,0,10,0,0,2,0,0,0,0,0,0,0,0,0,2,0,4
0181 Vip Gaba_9,0,0,17,121,0,37,0,0,9,0,0,4,0,0,0,0,0,0,0,0,0,5,2,0
0182 Vip Gaba_10,0,0,1,4,0,1,0,0,3,0,0,2,0,0,0,1,0,0,0,0,0,0,1,0
0183 Vip Gaba_11,0,0,3,18,0,593,0,0,13,1,0,2,0,0,0,1,0,0,0,0,0,1,0,0
0184 Vip Gaba_12,0,0,4,43,0,1289,0,0,69,0,1,5,0,0,0,0,0,0,0,0,0,2,1,0
0185 Sncg Gaba_1,0,0,66,148,0,205,0,0,102,0,1,14,0,0,0,1,1,0,1,0,0,4,5,1
0186 Sncg Gaba_2,0,0,6,17,0,379,0,0,32,0,0,3,0,0,0,0,0,0,3,0,0,33,30,20
0187 Sncg Gaba_3,0,0,94,273,0,1124,0,0,171,0,1,17,1,0,0,0,1,0,3,0,0,10,17,6
0188 Sncg Gaba_4,0,0,70,341,0,471,0,0,179,0,0,18,0,0,0,1,2,0,5,0,0,39,27,10
0189 Sncg Gaba_5,0,0,26,250,0,64,1,0,22,0,0,1,0,0,0,1,1,0,1,0,2,32,43,9
0190 Sncg Gaba_6,0,0,39,113,0,669,0,0,113,0,0,8,0,0,0,0,0,0,4,0,0,26,13,14
0191 Sncg Gaba_7,0,0,2,1,0,50,0,0,8,0,0,2,0,0,0,0,0,0,0,0,0,2,0,3
0192 Sncg Gaba_8,0,0,7,20,0,142,0,0,23,0,0,4,0,0,0,0,0,0,0,0,0,1,1,0
0193 RHP-COA Ndnf Gaba_1,0,0,4,433,0,1,0,0,9,0,0,2,0,0,0,0,0,0,0,0,0,0,1,0
0194 RHP-COA Ndnf Gaba_2,0,0,30,5,1,5,0,0,112,0,4,23,0,0,0,0,1,0,0,0,0,0,0,0
0195 RHP-COA Ndnf Gaba_3,0,0,25,302,0,12,0,0,110,0,0,22,0,1,0,2,4,0,5,0,1,6,4,0
0196 RHP-COA Ndnf Gaba_4,0,0,2,99,0,1,0,0,0,0,0,0,0,0,0,0,0,0,0,0,0,1,3,0
0197 RHP-COA Ndnf Gaba_5,0,0,2,180,0,0,0,0,0,0,0,0,0,0,0,0,1,0,0,0,1,3,2,0
0198 RHP-COA Ndnf Gaba_6,0,0,14,381,0,5,0,0,5,0,0,6,0,0,0,1,3,0,1,0,2,19,36,0
0199 Lamp5 Gaba_1,0,0,405,1529,7,10375,15,0,1690,0,45,337,11,0,0,2,29,0,78,0,6,132,63,78
0200 Lamp5 Gaba_2,0,0,3,72,0,1144,0,0,41,0,2,2,0,0,0,0,0,0,1,0,0,3,1,0
0201 Lamp5 Gaba_3,0,0,2,26,0,696,0,0,17,0,0,3,0,0,0,0,0,0,1,0,0,1,0,0
0202 Lamp5 Gaba_4,0,0,6,13,0,403,0,0,25,0,1,4,0,0,0,0,0,0,0,0,0,1,0,0
0203 Lamp5 Lhx6 Gaba_1,0,0,357,2896,3,511,5,0,213,0,7,105,3,4,0,10,38,0,2,0,6,180,143,63
0204 Pvalb chandelier Gaba_1,0,0,328,730,0,1067,1,0,663,0,0,113,0,0,0,4,0,0,1,0,1,27,14,12
0205 Pvalb Gaba_1,0,0,33,181,0,1216,0,0,20,0,0,2,0,0,0,1,1,0,0,0,0,41,30,16
0206 Pvalb Gaba_2,0,0,337,737,2,87,0,0,268,0,1,94,0,0,0,6,4,0,0,0,2,13,45,0
0207 Pvalb Gaba_3,0,0,31,436,0,18720,1,0,158,0,1,7,0,0,0,0,2,0,3,0,0,19,10,12
0208 Pvalb Gaba_4,0,0,154,431,0,4121,0,0,137,0,0,15,0,0,0,0,1,0,2,0,0,89,50,78
0209 Pvalb Gaba_5,0,0,269,776,0,364,0,0,1930,0,3,28,0,0,0,2,3,0,38,0,1,17,2,0
0210 Pvalb Gaba_6,0,0,6,42,0,261,0,0,25,0,0,0,0,0,0,0,0,0,0,0,0,2,1,0
0211 Pvalb Gaba_7,0,0,51,50,0,89,0,0,19,0,0,3,0,0,0,0,0,0,0,0,0,19,6,6
0212 Pvalb Gaba_8,0,0,116,2114,1,6632,0,1,141,0,0,8,0,0,0,0,9,0,1,0,0,51,53,7
0213 Pvalb Gaba_9,0,0,3,35,0,44,0,0,1,0,0,0,0,0,0,0,0,0,0,0,0,1,7,0
0214 Sst Gaba_1,0,0,21,80,0,2347,1,0,18,0,0,0,0,0,0,0,0,0,1,0,0,33,16,16
0215 Sst Gaba_2,0,0,549,263,2,72,0,0,603,0,4,80,0,0,0,6,8,0,1,0,3,13,11,0
0216 Sst Gaba_3,0,0,42,1009,0,127,0,0,6,0,0,0,0,0,0,3,12,0,1,0,0,47,140,1
0217 Sst Gaba_4,0,0,22,194,0,4024,1,0,30,0,2,5,0,0,0,0,0,0,0,0,0,20,4,5
0218 Sst Gaba_5,0,0,54,39,0,749,0,0,47,0,1,2,0,0,0,0,1,0,1,0,0,9,5,9
0219 Sst Gaba_6,0,0,42,1145,0,11,1,0,3,0,1,8,5,0,0,0,11,0,6,0,8,42,52,0
0220 Sst Gaba_7,0,0,1,56,0,2550,0,0,1,0,0,0,0,0,0,0,0,0,0,0,0,3,1,0
0221 Sst Gaba_8,0,0,25,82,0,1951,2,0,27,0,2,2,0,0,0,0,0,0,0,0,0,2,1,0
0222 Sst Gaba_9,0,0,2,20,0,680,0,0,4,0,0,1,0,0,0,0,0,0,0,0,0,0,1,1
0223 Sst Gaba_10,0,0,19,102,0,3453,2,0,31,0,0,5,0,0,0,0,0,0,0,0,0,6,5,2
0224 Sst Gaba_11,0,0,15,50,0,899,0,0,27,0,0,3,0,0,0,1,0,0,0,0,0,5,6,1
0225 Sst Gaba_12,0,0,12,227,0,165,0,0,6,0,1,3,0,0,0,0,0,0,0,0,0,7,4,0
0226 Sst Gaba_13,0,0,178,179,0,941,0,0,124,0,0,8,0,0,0,0,0,0,0,0,0,17,7,12
0227 Sst Gaba_14,0,0,177,164,0,431,0,0,82,0,0,11,0,0,0,0,0,0,2,0,1,78,35,54
0228 Sst Gaba_15,0,0,3,321,1,142,0,0,6,0,1,1,0,0,0,0,0,0,0,0,0,0,0,0
0229 Sst Gaba_16,0,0,9,163,0,862,0,0,15,0,1,1,0,0,0,0,0,0,0,0,0,4,0,0
0230 Sst Gaba_17,0,0,228,17,1,33,0,0,54,0,8,92,0,0,0,1,1,0,1,0,2,11,7,0
0231 Sst Gaba_18,0,0,76,68,0,67,0,0,262,0,4,10,0,0,0,0,0,0,13,0,1,10,4,3
0232 Sst Gaba_19,0,0,23,468,0,15,1,0,56,0,0,2,0,0,0,0,1,0,0,0,0,10,16,0
0233 STR Prox1 Lhx6 Gaba_1,0,0,47,1,4,0,0,0,19,0,23,120,0,0,0,0,1,0,0,0,6,0,4,0
0234 STR Prox1 Lhx6 Gaba_2,0,0,47,1,1,12,0,0,14,0,68,2397,1,0,0,10,0,0,1,0,0,16,5,0
0235 STR Prox1 Lhx6 Gaba_3,0,0,3,0,0,0,0,0,0,0,2,6,0,0,0,0,0,0,0,0,0,0,0,0
0236 STR Lhx8 Gaba_1,0,0,2,0,74,1,1,0,8,0,129,1199,1,0,0,1,1,0,2,0,7,2,6,0
0237 STR Lhx8 Gaba_2,0,0,6,0,34,1,1,0,1,1,149,358,0,0,0,5,0,0,4,0,1,5,4,0
0238 Sst Chodl Gaba_1,0,0,3,0,24,0,0,0,0,0,68,83,0,0,0,1,0,0,1,0,0,0,1,0
0239 Sst Chodl Gaba_2,0,0,27,6,5,22,0,0,51,0,144,2014,0,0,0,7,1,0,1,0,0,26,6,2
0240 Sst Chodl Gaba_3,0,0,0,0,1,0,0,0,9,0,62,37,0,0,0,0,0,0,0,0,0,0,0,0
0241 Sst Chodl Gaba_4,0,0,137,113,2,1177,0,0,207,0,18,123,0,0,0,10,1,0,15,0,1,141,43,65
0242 Sst Chodl Gaba_5,0,0,21,1,12,8,0,0,36,0,66,69,0,0,0,1,0,0,1,0,0,2,1,0
0243 Sst Chodl Gaba_6,0,0,1,0,2,0,0,0,0,0,11,9,0,0,0,0,0,0,0,0,0,0,0,0
0244 NDB-SI-MA-STRv Lhx8 Gaba_1,0,0,1,0,108,3,0,0,6,0,177,60,0,0,0,0,4,0,4,0,2,0,0,0
0245 NDB-SI-MA-STRv Lhx8 Gaba_2,0,0,0,0,199,0,0,0,32,0,1629,325,0,0,0,0,7,0,0,0,3,0,3,0
0246 NDB-SI-MA-STRv Lhx8 Gaba_3,0,0,1,0,199,0,0,0,1,0,933,157,0,0,0,0,7,0,1,0,0,0,1,0
0247 NDB-SI-MA-STRv Lhx8 Gaba_4,0,0,0,0,160,0,1,0,0,1,1844,148,0,1,0,0,1,0,0,0,0,145,3,0
0248 NDB-SI-MA-STRv Lhx8 Gaba_5,0,0,0,0,125,0,0,0,0,0,194,53,0,0,0,0,2,0,0,0,0,1,1,0
0249 NDB-SI-MA-STRv Lhx8 Gaba_6,0,0,2,0,168,0,0,0,1,0,120,148,0,0,0,2,1,0,0,0,0,0,8,0
0250 NDB-SI-MA-STRv Lhx8 Gaba_7,0,0,0,0,65,0,0,0,0,0,84,101,0,0,0,0,0,0,0,0,0,0,1,0
0251 NDB-SI-MA-STRv Lhx8 Gaba_8,0,0,1,0,197,0,0,0,9,0,593,152,1,0,0,0,2,0,0,0,1,30,1,0
0252 NDB-SI-MA-STRv Lhx8 Gaba_9,0,0,0,1,21,0,0,0,0,0,120,136,0,0,0,0,0,0,0,0,0,1,1,0
0253 NDB-SI-MA-STRv Lhx8 Gaba_10,0,0,0,0,25,0,0,0,15,0,123,52,0,0,0,0,1,0,0,0,0,0,0,0
0254 NDB-SI-MA-STRv Lhx8 Gaba_11,0,0,0,0,2,0,0,0,7,0,82,38,0,0,0,0,0,0,0,0,0,0,0,0
0255 NDB-SI-MA-STRv Lhx8 Gaba_12,0,0,12,0,15,0,0,0,1,0,59,81,0,0,0,3,0,0,0,0,0,0,1,0
0256 NDB-SI-MA-STRv Lhx8 Gaba_13,0,0,0,0,2,0,0,0,1,0,11,10,0,0,0,0,0,0,0,0,0,0,0,0
0257 GPe-SI Sox6 Cyp26b1 Gaba_1,0,0,0,0,1,0,1,0,0,0,460,43,0,0,0,0,0,0,0,0,0,63,0,0
0258 GPe-SI Sox6 Cyp26b1 Gaba_2,0,0,0,0,26,0,0,0,3,0,254,89,0,0,0,0,0,0,0,1,0,19,0,0
0259 PAL-STR Gaba-Chol_1,0,0,0,0,179,0,1,1,1,1,787,143,1,0,0,1,9,0,1,2,5,38,1,0
0260 PAL-STR Gaba-Chol_2,0,0,2,0,29,0,0,0,17,0,259,1874,0,0,0,0,0,0,0,0,0,10,2,0
0261 PAL-STR Gaba-Chol_3,0,0,0,0,22,0,1,0,0,0,141,41,0,0,0,0,1,0,0,0,1,0,0,0
0262 OT D3 Folh1 Gaba_1,0,0,1,0,23,0,0,0,52,0,2277,9915,1,0,0,1,14,0,0,0,0,0,0,0
0263 OT D3 Folh1 Gaba_2,0,0,0,0,0,0,0,0,0,0,53,135,0,0,0,0,0,0,1,0,0,0,0,0
0264 OT D3 Folh1 Gaba_3,0,0,2,0,0,2,0,0,1436,0,88,3868,1,0,0,0,1,0,84,0,0,0,0,0
0265 STR D1 Gaba_1,0,0,0,0,38,0,0,0,9,0,521,2292,0,0,0,0,1,0,0,0,0,3,11,0
0266 STR D1 Gaba_2,0,0,1,0,0,0,0,0,0,0,3,178,0,0,0,0,0,0,0,0,0,0,0,0
0267 STR D1 Gaba_3,0,0,11,0,0,14,0,1,12,0,118,61886,0,0,0,55,0,0,11,0,0,250,16,4
0268 STR D1 Gaba_4,0,0,72,0,0,44,0,0,24,0,14,9603,0,0,0,10,0,0,1,0,0,384,1,8
0269 STR D1 Gaba_5,0,0,0,0,0,1,0,0,0,0,33,1033,0,0,0,0,0,0,0,0,0,17,6,0
0270 STR D1 Gaba_6,0,0,5,1,6,5,0,1,309,0,1037,20538,0,0,0,20,1,0,29,0,0,33,7,0
0271 STR D1 Gaba_7,0,1,38,6,0,0,0,0,0,0,23,2154,0,0,0,48,2,0,0,0,0,114,10,0
0272 STR D1 Gaba_8,0,0,1,0,2,0,0,0,18,0,215,3170,0,0,0,10,0,0,22,0,1,38,20,0
0273 STR D1 Gaba_9,0,0,0,0,1,1,0,0,31,0,9,5188,0,0,0,12,0,0,21,0,0,5,0,0
0274 STR D2 Gaba_1,0,0,34,2,1,0,0,0,0,0,33,3270,0,0,0,28,0,0,0,0,0,27,4,0
0275 STR D2 Gaba_2,0,0,23,2,20,11,2,0,153,1,1245,25705,0,0,0,63,0,0,49,0,0,105,22,0
0276 STR D2 Gaba_3,0,0,36,1,3,5,0,0,13,0,143,1330,0,0,0,8,1,0,5,0,1,29,21,0
0277 STR D2 Gaba_4,0,0,84,3,1,47,2,0,39,0,104,54010,0,0,0,42,0,0,12,0,1,567,11,9
0278 STR D2 Gaba_5,0,0,1,0,11,0,0,0,7,0,93,1357,0,0,0,6,0,0,12,0,0,16,4,0
0279 STR D2 Gaba_6,0,0,9,0,0,5,0,0,77,0,19,3129,0,0,0,7,0,0,12,0,0,36,1,2
0280 STR D2 Gaba_7,0,0,0,0,0,0,0,0,0,0,0,20,0,0,0,0,0,0,0,0,0,0,0,0
0281 STR D1 Sema5a Gaba_1,0,0,33,0,0,15,1,0,6,0,13,2370,0,0,0,6,0,0,3,0,0,59,0,1
0282 STR D1 Sema5a Gaba_2,0,0,4,0,0,1,0,0,114,0,52,3244,0,0,0,24,0,0,12,0,0,18,3,0
0283 STR D1 Sema5a Gaba_3,0,0,36,0,1,0,0,0,274,0,209,2263,0,0,0,0,0,0,1,0,0,7,3,0
0284 STR D1 Sema5a Gaba_4,0,0,84,0,2,10,0,0,73,0,135,2030,0,0,0,12,1,0,12,0,1,56,37,0
0285 STR-PAL Chst9 Gaba_1,0,0,101,0,27,63,0,0,328,0,409,2459,1,0,0,6,0,0,37,0,1,232,31,4
0286 STR-PAL Chst9 Gaba_2,0,0,1167,2,105,74,0,0,290,0,501,2387,9,0,0,15,8,0,41,0,36,214,203,2
0287 STR-PAL Chst9 Gaba_3,0,0,201,3,80,20,0,0,91,0,778,2796,2,0,0,34,3,0,42,0,8,94,82,1
0288 STR-PAL Chst9 Gaba_4,0,0,1357,9,50,6,0,0,69,0,377,3354,4,0,0,79,9,0,25,1,14,44,129,0
0289 STR-PAL Chst9 Gaba_5,0,0,301,0,7,2,1,0,53,0,6,399,1,0,0,2,0,0,2,0,0,6,10,0
0290 IA Mgp Gaba_1,0,0,53,1,1,0,0,0,40,0,9,21,0,0,0,0,0,0,1,0,0,0,3,0
0291 IA Mgp Gaba_2,0,0,108,0,0,0,0,0,10,0,1,45,0,0,0,0,0,0,0,0,0,1,0,0
0292 IA Mgp Gaba_3,0,0,71,0,1,9,0,0,15,0,0,53,0,0,0,0,0,0,0,0,0,4,4,0
0293 IA Mgp Gaba_4,0,0,6,0,0,2,0,0,265,0,0,4,0,0,0,0,0,0,3,0,0,1,0,0
0294 IA Mgp Gaba_5,0,0,20,0,0,0,0,0,5,0,7,38,0,0,0,0,0,0,0,0,0,2,1,0
0295 NDB-SI-ant Prdm12 Gaba_1,0,0,14,0,10,4,0,0,987,0,192,574,0,0,0,0,1,0,63,0,0,1,1,0
0296 NDB-SI-ant Prdm12 Gaba_2,0,0,0,0,0,1,0,0,8,0,10,34,0,0,0,0,0,0,0,0,0,0,1,0
0297 NDB-SI-ant Prdm12 Gaba_3,0,0,1,0,0,3,0,0,220,0,14,29,0,0,0,0,0,0,8,0,0,0,0,0
0298 NDB-SI-ant Prdm12 Gaba_4,0,0,0,0,0,0,0,0,9,0,0,2,0,0,0,0,0,0,0,0,0,0,0,0
0299 LSX Sall3 Pax6 Gaba_1,0,0,0,0,0,1,0,0,117,0,19,126,1,0,0,0,0,0,2,0,2,0,1,0
0300 LSX Sall3 Pax6 Gaba_2,0,0,0,0,2,0,1,0,5,0,53,383,0,0,0,0,1,0,0,0,1,0,22,0
0301 LSX Otx2 Gaba_1,0,0,0,0,2,0,0,0,0,0,21,328,0,1,1,8,0,0,0,0,0,0,2,0
0302 LSX Otx2 Gaba_2,0,0,0,0,2,0,0,0,0,0,49,341,3,0,1,11,0,0,0,0,0,0,5,0
0303 LSX Otx2 Gaba_3,0,0,0,0,8,0,0,0,0,0,41,555,0,10,1,1,0,0,0,0,0,0,5,0
0304 LSX Otx2 Gaba_4,0,0,0,0,0,0,0,0,0,0,3,94,0,0,0,1,0,0,0,0,0,0,0,0
0305 LSX Otx2 Gaba_5,0,0,0,0,2,0,0,0,9,0,10,167,0,0,0,0,0,0,0,0,0,0,0,0
0306 LSX Nkx2-1 Gaba_1,0,0,0,0,0,0,0,0,1,0,1,65,0,0,0,1,0,0,0,0,0,1,0,0
0307 LSX Nkx2-1 Gaba_2,0,0,0,0,0,0,0,0,2,0,3,492,0,0,0,10,1,0,0,0,0,0,0,0
0308 LSX Nkx2-1 Gaba_3,4,0,0,0,17,0,0,0,5,0,63,346,1,7,1,5,1,0,3,0,0,0,3,0
0309 LSX Nkx2-1 Gaba_4,0,0,0,0,2,0,0,0,2,0,15,414,0,0,0,0,0,0,0,0,0,0,0,0
0310 LSX Nkx2-1 Gaba_5,0,0,0,0,1,0,0,0,0,0,1,278,0,1,0,0,0,0,0,0,0,0,0,0
0311 LSX Nkx2-1 Gaba_6,0,0,0,0,0,0,0,0,0,0,3,124,0,1,0,2,0,0,0,0,0,0,0,0
0312 LSX Nkx2-1 Gaba_7,0,0,0,0,0,0,0,0,0,0,10,241,0,2,0,0,0,0,0,0,0,0,0,0
0313 LSX Nkx2-1 Gaba_8,0,0,0,0,1,0,0,0,4,0,1,104,0,0,0,0,0,0,0,0,0,1,0,0
0314 LSX Nkx2-1 Gaba_9,0,0,0,0,0,0,0,0,0,0,1,161,0,0,0,0,0,0,0,0,0,0,1,0
0315 LSX Nkx2-1 Gaba_10,0,0,0,0,0,0,0,0,1,0,5,167,0,0,0,0,2,0,0,0,0,3,5,0
0316 LSX Nkx2-1 Gaba_11,0,0,0,0,0,0,0,0,1,0,9,146,1,0,0,0,2,0,0,0,0,4,7,0
0317 LSX Prdm12 Slit2 Gaba_1,0,0,1,0,0,0,0,0,35,0,4,1196,0,0,0,6,0,0,0,0,0,4,0,0
0318 LSX Prdm12 Slit2 Gaba_2,0,0,0,0,0,0,0,0,3,0,3,648,0,0,0,0,0,0,0,0,0,0,0,0
0319 LSX Prdm12 Slit2 Gaba_3,0,0,0,0,0,0,0,0,17,0,15,582,0,0,0,2,0,0,0,0,0,8,1,0
0320 LSX Prdm12 Slit2 Gaba_4,0,0,0,0,0,1,0,0,67,0,0,98,0,0,0,0,0,0,0,0,0,2,0,0
0321 LSX Prdm12 Slit2 Gaba_5,0,0,0,0,0,0,0,0,7,0,11,369,0,0,0,10,0,0,0,0,0,4,0,0
0322 LSX Prdm12 Slit2 Gaba_6,0,0,0,0,0,0,0,0,0,0,53,54,0,0,0,0,1,0,0,0,0,0,21,0
0323 LSX Prdm12 Slit2 Gaba_7,0,0,0,0,0,0,0,0,2,0,4,49,0,0,0,0,0,0,0,0,0,0,0,0
0324 LSX Prdm12 Slit2 Gaba_8,0,0,0,0,0,0,0,0,0,0,68,282,0,2,0,10,0,0,0,0,0,0,28,0
0325 LSX Prdm12 Slit2 Gaba_9,0,0,0,0,0,0,0,0,0,0,12,69,0,0,0,0,1,0,0,0,0,0,9,0
0326 LSX Prdm12 Zeb2 Gaba_1,0,0,0,2,0,0,0,0,12,0,13,1904,0,0,0,37,15,0,0,0,0,120,59,0
0327 LSX Prdm12 Zeb2 Gaba_2,0,0,0,4,0,0,0,0,4,0,3,767,0,0,0,37,4,0,0,0,0,18,71,0
0328 LSX Prdm12 Zeb2 Gaba_3,0,0,0,0,0,1,0,0,9,0,4,292,0,0,0,15,0,0,0,0,0,12,0,0
0329 LSX Prdm12 Zeb2 Gaba_4,0,0,0,0,0,0,0,0,3,0,3,652,0,0,0,0,4,0,0,0,0,8,4,0
0330 LSX Prdm12 Zeb2 Gaba_5,0,0,0,0,0,0,0,0,0,0,4,203,0,0,0,1,0,0,0,0,0,1,0,0
0331 LSX Sall3 Lmo1 Gaba_1,0,0,0,0,0,0,0,0,0,0,3,67,0,0,0,1,0,0,0,0,0,0,1,0
0332 LSX Sall3 Lmo1 Gaba_2,0,0,0,1,0,0,0,0,0,0,5,278,0,0,0,5,0,0,0,0,0,0,0,0
0333 LSX Sall3 Lmo1 Gaba_3,0,0,0,13,0,0,0,0,31,0,25,428,0,0,0,0,43,0,0,0,0,18,70,0
0334 LSX Sall3 Lmo1 Gaba_4,0,0,0,0,0,0,0,0,0,0,0,8,0,0,0,0,0,0,0,0,0,0,0,0
0335 LSX Sall3 Lmo1 Gaba_5,0,0,0,0,0,0,0,0,0,0,9,85,0,0,0,0,0,0,0,0,0,0,5,0
0336 LSX Sall3 Lmo1 Gaba_6,0,0,0,3,0,1,0,0,12,0,80,335,0,1,0,0,13,0,0,0,0,2,57,0
0337 MEA-BST Sox6 Gaba_1,0,2,7,1,6,0,0,0,34,0,12,80,1,4,1,2,0,0,1,0,0,0,3,0
0338 MEA-BST Sox6 Gaba_2,1,1,1,2,17,0,1,0,101,0,24,171,1,1,1,3,2,0,3,0,0,0,3,0
0339 MEA-BST Sox6 Gaba_3,1,2,1,0,32,0,1,0,12,0,23,86,0,3,2,2,1,0,2,0,3,1,0,0
0340 MEA-BST Sox6 Gaba_4,1,0,6,0,4,0,0,0,50,0,5,57,0,1,2,1,4,0,1,0,0,1,2,0
0341 MEA-BST Sox6 Gaba_5,1,1,7,1,16,0,0,1,115,0,22,93,0,6,1,11,1,0,4,0,0,2,1,0
0342 MEA-BST Sox6 Gaba_6,0,1,19,0,8,0,1,0,23,0,10,189,0,0,0,3,1,0,1,0,0,1,4,0
0343 MEA-BST Sox6 Gaba_7,0,1,2,1,186,0,0,0,2,0,184,165,1,0,0,2,0,0,0,0,1,0,20,0
0344 MEA-BST Sox6 Gaba_8,0,1,1,0,5,0,0,0,1,0,6,59,0,0,0,1,0,0,0,0,1,0,1,0
0345 MEA-BST Sox6 Gaba_9,0,1,15,2,9,2,0,0,57,0,16,70,1,0,0,0,0,0,0,0,0,0,4,0
0346 MEA-BST Sox6 Gaba_10,0,1,10,0,25,0,0,0,7,0,29,35,2,0,0,1,0,0,0,0,0,2,5,0
0347 MEA-BST Lhx6 Sp9 Gaba_1,0,0,0,0,7,0,0,0,0,1,30,194,1,0,0,0,0,0,3,0,4,0,11,0
0348 MEA-BST Lhx6 Sp9 Gaba_2,0,0,0,0,23,0,0,0,0,0,22,14,0,0,0,0,0,0,0,0,4,0,6,0
0349 MEA-BST Lhx6 Sp9 Gaba_3,0,0,4,0,13,2,0,0,13,0,12,56,0,0,0,0,0,0,1,0,1,0,4,0
0350 MEA-BST Lhx6 Sp9 Gaba_4,0,0,6,0,5,0,0,0,12,0,12,147,0,0,0,0,0,0,1,0,1,0,3,0
0351 MEA-BST Lhx6 Sp9 Gaba_5,0,0,4,0,11,0,0,0,6,0,25,103,0,0,0,0,0,0,0,0,0,1,10,0
0352 MEA-BST Lhx6 Sp9 Gaba_6,0,0,0,0,4,1,0,0,0,0,57,93,2,1,0,2,0,0,0,0,2,0,8,0
0353 MEA-BST Lhx6 Sp9 Gaba_7,0,0,0,1,68,0,1,1,1,0,26,4,1,0,0,0,0,0,0,0,0,0,3,0
0354 MEA-BST Lhx6 Nr2e1 Gaba_1,0,0,3,0,1,0,0,0,3,0,4,79,0,0,0,0,0,0,0,0,2,0,2,0
0355 MEA-BST Lhx6 Nr2e1 Gaba_2,0,2,46,0,30,0,0,0,11,0,69,137,1,0,0,1,3,0,2,0,4,0,10,0
0356 MEA-BST Lhx6 Nr2e1 Gaba_3,0,0,14,0,0,0,0,0,6,0,1,14,0,0,0,0,0,0,0,0,0,0,2,0
0357 MEA-BST Lhx6 Nfib Gaba_1,0,0,4,1,115,0,0,0,4,0,117,88,1,0,0,2,2,0,3,0,25,0,17,0
0358 MEA-BST Lhx6 Nfib Gaba_2,0,0,10,2,16,0,0,0,9,0,205,225,1,1,0,1,3,0,35,0,9,0,40,0
0359 MEA-BST Lhx6 Nfib Gaba_3,0,0,8,1,2,0,0,0,2,0,35,347,0,3,0,3,2,0,25,0,19,1,1,0
0360 MEA-BST Lhx6 Nfib Gaba_4,0,0,0,0,86,0,0,0,0,0,15,4,0,2,0,1,0,0,0,0,2,0,3,0
0361 MEA-BST Lhx6 Nfib Gaba_5,0,0,0,0,196,0,0,0,2,0,37,3,4,0,0,0,1,0,4,0,3,0,13,0
0362 MEA-BST Lhx6 Nfib Gaba_6,0,0,10,9,35,0,0,0,15,0,47,160,1,0,0,0,0,0,2,0,3,0,8,0
0363 CEA-BST Gal Avp Gaba_1,0,0,0,0,15,0,0,0,0,0,50,58,0,0,0,0,0,0,0,0,2,0,8,0
0364 SI-MA-ACB Ebf1 Bnc2 Gaba_1,0,0,0,0,13,0,0,0,7,0,112,156,0,0,0,0,0,0,0,0,0,0,0,0
0365 SI-MA-ACB Ebf1 Bnc2 Gaba_2,0,10,1,0,9,0,0,0,6,0,72,106,0,0,0,0,0,0,0,0,0,0,0,0
0366 SI-MA-ACB Ebf1 Bnc2 Gaba_3,0,0,0,0,10,0,0,0,4,0,30,23,0,0,0,0,0,0,0,0,0,0,0,0
0367 CEA-BST Six3 Cyp26b1 Gaba_1,0,0,0,0,3,0,0,0,0,0,92,78,0,0,0,0,0,0,1,0,0,2,7,0
0368 CEA-BST Six3 Cyp26b1 Gaba_2,0,0,5,1,0,0,0,0,0,0,149,839,0,0,0,3,0,0,0,0,5,5,6,0
0369 CEA-BST Six3 Cyp26b1 Gaba_3,0,0,0,0,0,0,0,0,0,0,37,74,0,0,0,0,0,0,0,0,1,0,4,0
0370 CEA-BST Six3 Cyp26b1 Gaba_4,0,0,0,0,0,0,0,0,0,0,19,291,0,0,0,0,0,0,0,0,0,1,2,0
0371 CEA-BST Six3 Cyp26b1 Gaba_5,0,0,14,0,0,0,0,0,1,0,21,935,0,0,0,33,0,0,0,0,1,4,1,0
0372 CEA-BST Six3 Cyp26b1 Gaba_6,0,0,0,0,0,0,0,0,0,0,3,42,0,0,0,0,0,0,0,0,0,2,0,0
0373 CEA-AAA-BST Six3 Sp9 Gaba_1,0,1,17,0,46,0,0,0,20,0,62,105,0,0,0,0,0,0,1,0,0,0,5,0
0374 CEA-AAA-BST Six3 Sp9 Gaba_2,0,0,44,0,22,3,0,0,18,0,87,443,0,0,0,0,0,0,1,0,0,0,4,0
0375 CEA-AAA-BST Six3 Sp9 Gaba_3,0,1,1,0,6,0,0,0,1,0,47,35,0,0,0,0,0,0,1,0,1,0,1,0
0376 CEA-AAA-BST Six3 Sp9 Gaba_4,0,0,40,0,1,0,0,0,33,0,6,102,0,0,0,0,0,0,0,0,0,0,0,0
0377 CEA-AAA-BST Six3 Sp9 Gaba_5,0,0,6,0,0,0,0,0,1,0,0,0,0,0,0,0,0,0,0,0,0,0,0,0
0378 CEA-AAA-BST Six3 Sp9 Gaba_6,0,0,11,0,1,0,0,0,13,0,25,111,0,0,0,0,0,0,0,0,0,0,2,0
0379 CEA-AAA-BST Six3 Sp9 Gaba_7,0,0,0,0,1,0,0,0,0,0,18,14,0,0,0,1,0,0,0,0,0,0,1,0
0380 CEA-AAA-BST Six3 Sp9 Gaba_8,0,0,36,0,0,10,0,0,33,0,1,51,0,0,0,0,0,0,0,0,0,1,1,0
0381 ACB-BST-FS D1 Gaba_1,0,0,0,0,12,0,0,0,0,0,123,17,0,0,0,0,0,0,2,0,0,0,3,0
0382 ACB-BST-FS D1 Gaba_2,0,0,4,0,23,0,0,0,6,0,233,315,0,0,0,0,0,0,2,0,0,0,5,0
0383 ACB-BST-FS D1 Gaba_3,0,0,1,0,53,0,0,0,0,0,441,120,0,0,0,0,0,0,6,0,0,0,6,0
0384 CEA-BST Ebf1 Pdyn Gaba_1,4,0,2,1,58,0,1,1,0,0,557,973,3,5,4,10,1,0,5,0,2,42,28,0
0385 CEA-BST Ebf1 Pdyn Gaba_2,0,0,0,0,1,0,0,0,0,0,23,142,0,1,0,0,0,0,0,0,0,0,0,0
0386 CEA-BST Ebf1 Pdyn Gaba_3,0,0,0,0,1,0,0,0,0,0,186,722,0,0,1,3,0,0,1,0,0,9,8,0
0387 CEA-BST Ebf1 Pdyn Gaba_4,0,0,0,0,1,0,0,0,0,0,21,69,1,0,0,0,0,0,0,0,0,1,2,0
0388 CEA-BST Ebf1 Pdyn Gaba_5,0,0,0,0,0,0,0,0,0,0,9,52,0,0,0,1,0,0,0,0,0,2,0,0
0389 CEA-BST Ebf1 Pdyn Gaba_6,0,0,0,0,0,0,0,1,0,0,16,91,0,1,0,0,0,0,1,0,1,3,6,0
0390 CEA-BST Ebf1 Pdyn Gaba_7,0,0,0,0,0,0,0,0,1,0,6,21,0,1,0,0,0,0,0,0,0,0,1,0
0391 CEA-BST Ebf1 Pdyn Gaba_8,0,0,0,0,0,0,0,0,0,0,13,30,0,0,0,1,0,0,0,0,0,2,0,0
0392 CEA-BST Rai14 Pdyn Crh Gaba_1,0,0,0,0,2,0,0,0,0,0,49,33,0,0,0,0,0,0,0,0,2,8,4,0
0393 CEA-BST Rai14 Pdyn Crh Gaba_2,0,0,1,0,32,0,0,0,0,0,166,48,0,0,0,3,0,0,2,0,1,1,0,0
0394 BST-SI-AAA Six3 Slc22a3 Gaba_1,0,0,0,0,97,0,0,0,1,0,46,28,0,0,0,0,1,0,0,0,0,0,1,0
0395 BST-SI-AAA Six3 Slc22a3 Gaba_2,0,0,0,0,67,0,0,0,0,0,45,26,0,0,0,0,0,0,1,0,0,0,0,0
0396 SI-MPO-LPO Lhx8 Gaba_1,0,0,1,0,230,0,0,0,5,0,541,146,0,0,0,0,0,0,1,0,0,7,1,0
0397 SI-MPO-LPO Lhx8 Gaba_2,0,0,0,0,532,0,0,0,0,0,61,47,0,3,0,0,1,0,2,0,4,0,0,0
0398 SI-MPO-LPO Lhx8 Gaba_3,0,0,0,0,260,0,0,0,0,0,8,19,0,4,0,0,1,0,3,0,5,0,4,0
0399 SI-MPO-LPO Lhx8 Gaba_4,0,0,0,0,175,0,0,0,0,0,25,16,0,3,0,0,0,0,2,0,2,0,0,0
0400 SI-MPO-LPO Lhx8 Gaba_5,0,0,0,0,101,0,0,0,0,0,46,30,0,0,0,0,0,0,0,0,0,2,0,0
0401 SI-MPO-LPO Lhx8 Gaba_6,0,0,0,0,16,0,0,0,0,0,0,0,0,0,0,0,0,0,0,0,0,0,0,0
0402 MPO-ADP Lhx8 Gaba_1,0,0,0,0,112,0,1,0,0,0,15,0,0,3,0,0,0,0,0,0,0,0,2,0
0403 MPO-ADP Lhx8 Gaba_2,0,0,0,0,357,0,0,0,0,0,6,31,0,1,0,0,0,0,1,0,3,0,0,0
0404 MPO-ADP Lhx8 Gaba_3,0,0,0,0,506,0,5,1,0,0,87,4,0,15,0,0,1,0,10,0,6,0,11,0
0405 MPO-ADP Lhx8 Gaba_4,0,0,0,0,485,0,0,0,0,1,179,33,0,1,0,1,2,1,4,0,4,0,2,0
0406 MPO-ADP Lhx8 Gaba_5,0,0,0,0,145,0,1,0,0,1,40,23,1,2,0,0,0,1,3,0,4,0,3,0
0407 MPN-MPO-LPO Lhx6 Zfhx3 Gaba_1,0,0,0,0,112,0,0,0,0,0,46,25,2,0,0,0,0,0,0,0,2,0,6,0
0408 MPN-MPO-LPO Lhx6 Zfhx3 Gaba_2,0,0,0,0,45,0,0,0,0,0,4,0,0,0,0,0,0,0,0,0,0,0,0,0
0409 BST Tac2 Gaba_1,0,0,0,0,345,0,0,0,0,1,156,20,0,0,0,0,0,0,0,1,1,0,5,0
0410 BST Tac2 Gaba_2,0,0,0,0,26,0,0,0,0,0,70,3,0,2,0,0,0,0,0,0,0,0,0,0
0411 PVR Six3 Sox3 Gaba_1,0,0,0,0,306,0,0,0,0,0,22,26,0,20,0,0,5,0,21,0,9,0,0,0
0412 PVR Six3 Sox3 Gaba_2,0,0,0,0,180,0,0,0,0,0,0,1,0,1,0,0,3,0,31,0,16,0,0,0
0413 PVR Six3 Sox3 Gaba_3,0,0,0,0,58,0,0,0,0,0,2,0,0,0,0,0,0,0,12,0,7,0,0,0
0414 PVR Six3 Sox3 Gaba_4,0,0,0,0,285,0,0,0,0,0,71,86,2,2,0,0,3,0,3,0,0,0,2,0
0415 PVR Six3 Sox3 Gaba_5,0,0,0,0,28,0,0,0,0,0,27,61,0,0,0,0,7,0,3,0,1,0,0,0
0416 PVR Six3 Sox3 Gaba_6,0,0,0,0,71,0,0,0,0,0,16,36,0,1,0,0,0,0,7,0,2,0,1,0
0417 PVR Six3 Sox3 Gaba_7,0,0,0,0,41,0,0,0,0,0,3,4,0,4,0,0,2,0,4,0,4,0,1,0
0418 PVR Six3 Sox3 Gaba_8,0,0,0,0,105,0,0,0,0,0,10,6,1,40,0,3,0,0,1,0,7,0,10,0
0419 PVR Six3 Sox3 Gaba_9,0,0,0,0,176,0,0,0,0,0,4,3,1,8,0,0,0,0,3,0,6,0,2,0
0420 BST-MPN Six3 Nrgn Gaba_1,0,0,0,0,88,0,0,0,0,0,1,0,0,0,0,0,0,0,0,0,0,0,0,0
0421 BST-MPN Six3 Nrgn Gaba_2,0,0,0,0,79,0,0,0,0,0,0,5,0,0,0,0,1,0,0,0,0,0,0,0
0422 BST-MPN Six3 Nrgn Gaba_3,0,0,0,0,417,0,0,0,0,0,2,1,0,0,0,0,0,0,0,0,0,0,2,0
0423 BST-MPN Six3 Nrgn Gaba_4,0,0,0,0,239,0,0,0,0,0,29,10,0,0,0,0,3,0,3,0,1,0,2,0
0424 BST-MPN Six3 Nrgn Gaba_5,0,0,0,0,60,0,0,0,14,0,119,232,0,0,0,0,13,0,6,0,1,0,0,0
0425 BST-MPN Six3 Nrgn Gaba_6,0,0,2,0,124,0,0,0,0,0,41,73,2,0,0,1,0,0,2,0,6,0,11,0
0426 BST-MPN Six3 Nrgn Gaba_7,0,0,0,0,28,0,0,0,0,0,0,0,0,0,0,0,0,0,1,0,0,0,0,0
0427 ARH-PVi Six6 Dopa-Gaba_1,0,0,0,0,96,0,0,0,0,1,1,0,0,1,0,0,0,0,0,0,0,0,0,0
0428 ARH-PVi Six6 Dopa-Gaba_2,0,0,0,0,56,0,0,0,0,0,0,0,1,0,0,0,0,0,0,0,2,0,0,0
0429 TMv-PMv Tbx3 Hist-Gaba_1,0,0,0,0,431,0,1,0,2,0,0,0,0,0,0,0,8,0,0,0,2,0,9,0
0430 TMv-PMv Tbx3 Hist-Gaba_2,0,0,0,0,78,0,0,0,1,0,0,0,0,0,0,0,0,0,0,0,0,0,1,0
0431 RT-ZI Gnb3 Gaba_1,0,1,0,2,255,0,3,0,0,0,31,7,255,2,0,2,0,0,1,0,1,2,11,0
0432 RT-ZI Gnb3 Gaba_2,4,1,0,1,106,0,2,1,0,1,15,2,521,7,2,8,0,1,1,0,0,7,9,0
0433 RT-ZI Gnb3 Gaba_3,1,0,0,0,25,0,0,0,0,0,42,1,943,2,1,2,0,0,0,0,9,18,28,0
0434 RT-ZI Gnb3 Gaba_4,0,3,0,2,48,0,9,0,1,0,78,2,118,1,0,2,0,0,1,8,14,122,1,0
0435 RT-ZI Gnb3 Gaba_5,0,0,0,0,42,0,4,0,0,0,46,2,2866,4,0,2,4,0,6,0,95,331,37,0
0436 SCH Six6 Cdc14a Gaba_1,0,0,0,0,767,1,0,1,0,0,0,1,0,2,0,0,1,0,31,0,17,0,0,0
0437 SCH Six6 Cdc14a Gaba_2,0,0,0,0,735,1,0,3,0,0,0,0,0,0,0,0,2,0,90,0,66,0,1,0
0438 SCH Six6 Cdc14a Gaba_3,0,0,0,0,385,0,0,0,0,1,0,1,0,0,0,0,0,0,26,0,24,0,0,0
0439 DMH Prdm13 Gaba_1,0,0,1,0,126,1,0,0,8,0,0,2,0,1,0,0,0,0,2,0,0,0,0,0
0440 DMH Prdm13 Gaba_2,0,1,0,0,15,1,0,1,17,0,1,3,0,0,0,0,0,0,0,0,0,0,0,0
0441 PVHd Gsc Gaba_1,0,0,0,0,16,0,0,0,0,0,0,0,1,0,0,0,0,0,0,0,0,0,0,0
0442 PVHd-SBPV Six3 Prox1 Gaba_1,0,0,0,1,164,1,1,0,4,1,0,1,5,0,0,0,0,0,0,0,0,0,2,0
0443 PVHd-SBPV Six3 Prox1 Gaba_2,0,0,0,0,53,0,0,0,18,0,2,5,1,0,0,0,0,0,0,0,0,0,0,0
0444 PVHd-SBPV Six3 Prox1 Gaba_3,0,0,0,0,84,1,0,0,9,0,0,0,1,0,0,0,0,0,0,0,0,0,0,0
0445 PVHd-SBPV Six3 Prox1 Gaba_4,0,0,0,0,20,0,0,0,6,0,1,2,0,0,0,0,0,0,2,0,0,0,1,0
0446 AHN-SBPV-PVHd Pdrm12 Gaba_1,0,0,0,0,248,0,0,0,0,0,0,0,1,0,0,0,0,0,5,0,1,0,0,0
0447 AHN-SBPV-PVHd Pdrm12 Gaba_2,0,0,0,0,287,0,0,0,0,0,0,0,0,0,0,0,0,0,0,0,0,0,9,0
0448 AHN-SBPV-PVHd Pdrm12 Gaba_3,0,0,0,0,257,0,0,0,0,0,0,0,0,0,0,0,0,0,0,0,0,0,2,0
0449 AHN-SBPV-PVHd Pdrm12 Gaba_4,0,0,0,0,199,0,0,0,0,0,0,0,0,0,0,0,0,0,0,0,0,0,0,0
0450 AHN-SBPV-PVHd Pdrm12 Gaba_5,0,0,0,0,84,0,0,0,0,0,0,1,0,0,0,0,0,0,0,0,0,0,0,0
0451 AHN-SBPV-PVHd Pdrm12 Gaba_6,0,0,0,0,193,0,0,0,0,0,0,1,0,0,0,0,0,0,0,0,0,0,3,0
0452 AHN-SBPV-PVHd Pdrm12 Gaba_7,0,0,0,0,118,0,0,0,0,0,0,0,0,0,0,0,0,0,4,0,1,0,2,0
0453 SBPV-PVa Six6 Satb2 Gaba_1,0,0,0,0,163,0,0,0,0,0,0,0,0,0,0,0,0,0,0,0,1,0,0,0
0454 SBPV-PVa Six6 Satb2 Gaba_2,0,0,0,0,174,0,0,0,0,0,0,0,0,4,0,0,0,0,0,0,1,0,0,0
0455 SBPV-PVa Six6 Satb2 Gaba_3,0,0,0,0,322,0,0,0,0,0,0,0,0,13,0,0,0,0,1,0,4,0,0,0
0456 AHN Onecut3 Gaba_1,0,0,0,0,563,1,0,0,2,0,1,2,0,0,0,0,0,0,10,0,9,0,1,0
0457 AHN Onecut3 Gaba_2,0,0,0,0,322,0,0,0,0,1,1,1,0,0,0,0,0,0,0,0,1,0,3,0
0458 AHN Onecut3 Gaba_3,0,0,0,0,435,0,1,1,0,0,4,2,1,0,0,0,0,0,17,0,7,0,6,0
0459 ZI Pax6 Gaba_1,0,0,0,0,468,0,19,1,1,1,11,0,101,0,0,1,0,0,0,13,2,1,38,0
0460 ZI Pax6 Gaba_2,0,0,0,0,249,0,1,2,0,1,0,0,13,0,0,0,0,0,0,7,0,0,0,0
0461 ZI Pax6 Gaba_3,0,0,0,1,222,0,53,3,0,2,63,0,76,0,0,0,0,0,2,1,17,21,1,0
0462 ZI Pax6 Gaba_4,0,0,0,0,771,0,202,2,0,0,0,0,51,0,0,0,0,0,0,29,15,36,4,0
0463 ZI Pax6 Gaba_5,0,0,0,0,50,0,1,0,0,0,0,0,8,0,0,0,0,0,0,0,0,0,0,0
0464 ZI Pax6 Gaba_6,0,0,0,0,206,0,101,1,0,0,1,0,15,0,0,0,0,0,0,1,10,6,12,0
0465 ZI Pax6 Gaba_7,0,0,0,0,329,0,25,2,0,0,0,1,267,0,0,0,1,0,0,5,31,26,1,0
0466 ZI Pax6 Gaba_8,0,0,0,1,286,2,15,8,3,3,1,1,115,1,0,0,0,0,1,0,4,4,4,0
0467 ZI Pax6 Gaba_9,0,0,0,0,25,0,0,0,0,0,0,0,32,0,0,0,0,0,0,0,0,2,0,0
0468 ZI Pax6 Gaba_10,0,0,0,0,14,0,0,0,0,0,0,0,0,0,0,0,0,0,0,0,0,0,0,0
0469 ZI Pax6 Gaba_11,0,0,0,0,234,0,32,0,0,0,1,0,89,0,0,0,0,0,0,0,3,4,4,0
0470 DMH-LHA Gsx1 Gaba_1,0,0,0,0,282,0,0,0,0,0,0,0,1,1,0,0,1,0,0,0,0,0,1,0
0471 DMH-LHA Gsx1 Gaba_2,0,0,0,1,518,0,1,0,0,1,13,1,0,0,0,0,0,0,0,6,5,4,25,0
0472 DMH-LHA Gsx1 Gaba_3,0,0,0,0,267,0,0,0,0,0,0,0,0,0,0,0,0,0,0,0,0,0,0,0
0473 DMH-LHA Gsx1 Gaba_4,0,0,0,0,345,0,0,0,0,0,0,0,1,0,0,0,0,0,0,0,0,0,3,0
0474 PVHd-DMH Lhx6 Gaba_1,0,0,0,0,188,0,6,0,0,1,0,0,0,3,0,0,0,0,0,1,0,0,8,0
0475 PVHd-DMH Lhx6 Gaba_2,0,0,0,0,118,0,2,0,0,1,0,0,9,1,0,0,0,0,0,2,2,0,1,0
0476 PVHd-DMH Lhx6 Gaba_3,0,0,0,0,189,0,2,0,0,0,2,0,10,1,0,0,0,0,0,0,1,0,0,0
0477 PVHd-DMH Lhx6 Gaba_4,0,0,0,0,70,0,1,0,0,0,1,0,0,4,0,0,0,0,0,0,0,1,0,0
0478 TU-ARH Otp Six6 Gaba_1,2,0,0,0,990,0,0,0,0,0,0,0,0,55,1,1,1,0,0,0,0,0,1,0
0479 TU-ARH Otp Six6 Gaba_2,1,0,0,1,548,0,1,0,0,0,3,1,2,4,0,3,3,0,0,0,2,0,4,0
0480 TU-ARH Otp Six6 Gaba_3,0,0,0,1,813,0,1,0,0,0,1,1,0,2,2,2,11,0,1,0,11,1,8,0
0481 TMd-DMH Foxd2 Gaba_1,0,0,3,0,220,0,1,0,28,0,2,1,0,2,0,1,1,0,2,0,0,0,0,0
0482 PVpo-VMPO-MPN Hmx2 Gaba_1,0,0,0,0,956,0,0,0,0,0,14,1,0,7,0,0,13,0,152,0,56,0,1,0
0483 PVpo-VMPO-MPN Hmx2 Gaba_2,0,0,0,0,1122,0,0,0,0,0,72,3,0,1,0,0,1,0,39,0,18,0,0,0
0484 PVpo-VMPO-MPN Hmx2 Gaba_3,0,0,0,0,350,0,0,0,0,0,5,2,0,16,0,0,3,0,13,0,6,0,0,0
0485 PVpo-VMPO-MPN Hmx2 Gaba_4,0,0,0,0,84,0,0,0,0,0,0,0,0,2,0,0,2,0,7,0,0,0,0,0
0486 PVpo-VMPO-MPN Hmx2 Gaba_5,0,0,0,0,328,0,0,0,0,0,3,0,0,28,0,0,11,0,16,0,9,0,0,0
0487 DMH Hmx2 Gaba_1,0,2,0,0,614,0,1,0,0,1,1,0,1,0,0,0,0,0,0,0,0,0,13,0
0488 DMH Hmx2 Gaba_2,0,0,0,0,191,0,0,0,0,0,0,0,2,0,0,0,0,0,4,0,9,0,3,0
0489 DMH Hmx2 Gaba_3,0,0,0,0,259,0,0,0,0,0,1,0,1,0,0,0,0,0,0,0,0,0,1,0
0490 DMH Hmx2 Gaba_4,0,0,0,0,108,0,0,0,0,0,0,0,1,0,0,0,0,0,0,0,0,0,1,0
0491 DMH Hmx2 Gaba_5,0,0,0,0,226,0,0,0,0,0,0,0,0,0,0,0,0,0,0,0,0,0,17,0
0492 DMH Hmx2 Gaba_6,0,1,0,0,230,0,0,0,0,0,0,0,0,0,0,0,0,0,0,0,1,0,0,0
0493 ARH-PVp Tbx3 Gaba_1,0,0,0,0,203,0,0,0,0,0,0,0,0,8,0,0,2,0,0,0,0,0,0,0
0494 ARH-PVp Tbx3 Gaba_2,0,0,0,0,20,0,0,0,0,0,0,0,0,2,0,0,0,0,0,0,0,0,0,0
0495 ARH-PVp Tbx3 Gaba_3,0,0,0,0,291,0,0,0,0,0,1,0,0,3,0,0,0,0,0,0,0,0,0,0
0496 LGv-ZI Otx2 Gaba_1,0,0,0,0,3,0,0,1,0,0,0,0,82,1,0,1,1,0,0,0,3,3,4,0
0497 LGv-ZI Otx2 Gaba_2,0,0,0,0,1,0,1,0,0,0,0,0,127,0,0,0,0,0,1,0,3,8,0,0
0498 LGv-ZI Otx2 Gaba_3,0,0,0,7,0,0,1,0,0,0,2,8,41,0,0,0,0,0,1,0,11,0,5,0
0499 LGv-ZI Otx2 Gaba_4,0,0,0,0,24,0,5,0,0,0,1,3,67,1,0,0,1,0,0,0,2,9,2,0
0500 LGv-ZI Otx2 Gaba_5,0,0,0,6,67,0,21,0,0,2,4,5,160,2,0,2,2,0,1,0,41,17,8,0
0501 BST-po Iigp1 Glut_1,0,0,0,0,8,1,0,0,6,0,149,6,193,2,0,28,29,0,0,0,1,0,28,0
0502 TRS-BAC Sln Glut_1,0,0,0,11,29,0,0,0,3,0,2690,1206,21,256,0,1,98,0,2,0,18,0,725,0
0503 TRS-BAC Sln Glut_2,0,0,0,0,105,0,0,0,0,0,467,18,72,6,0,0,2,0,4,0,81,0,325,0
0504 GPi Tbr1 Cngb3 Gaba-Glut_1,0,0,1,0,57,0,2,0,2,0,89,0,0,0,0,0,0,0,0,5,2,14,0,0
0505 MEA-COA-BMA Ccdc42 Glut_1,0,7,520,8,14,35,13,11,114,5,1,269,4,5,6,12,11,1,7,0,0,2,3,0
0506 MEA-COA-BMA Ccdc42 Glut_2,0,3,34,36,5,95,10,5,179,2,1,22,6,3,1,3,4,1,7,0,1,1,0,0
0507 MEA-COA-BMA Ccdc42 Glut_3,1,15,397,5,83,43,29,22,338,14,51,2201,8,7,9,37,19,5,17,1,3,1,16,0
0508 MEA-COA-BMA Ccdc42 Glut_4,0,3,28,3,2,12,13,4,175,1,2,91,0,1,1,4,3,1,2,0,0,0,1,0
0509 COAa-PAA-MEA Barhl2 Glut_1,0,3,90,6,4,1,3,1,323,11,8,86,0,0,0,0,0,0,2,0,0,5,7,2
0510 COAa-PAA-MEA Barhl2 Glut_2,0,0,82,1,1,4,0,0,154,1,0,41,0,0,0,0,0,0,1,0,0,2,4,0
0511 COAa-PAA-MEA Barhl2 Glut_3,0,0,5,0,1,2,0,0,291,1,1,229,0,0,0,0,6,0,3,0,0,1,0,0
0512 COAa-PAA-MEA Barhl2 Glut_4,0,0,305,37,0,18,0,0,366,7,1,99,0,0,0,4,1,0,7,1,0,1,10,0
0513 COAa-PAA-MEA Barhl2 Glut_5,0,0,141,0,0,0,0,1,115,1,0,20,0,0,0,0,0,0,0,0,0,0,0,0
0514 COAa-PAA-MEA Barhl2 Glut_6,0,0,214,43,1,13,0,0,778,3,0,24,0,0,0,0,0,0,0,0,0,3,2,0
0515 COAa-PAA-MEA Barhl2 Glut_7,0,0,10,0,54,0,2,1,41,3,39,162,1,0,0,0,1,0,1,0,0,0,4,0
0516 COAa-PAA-MEA Barhl2 Glut_8,0,0,5,0,6,0,0,0,30,0,3,35,1,0,0,0,0,0,1,0,0,0,1,0
0517 COAa-PAA-MEA Barhl2 Glut_9,0,0,13,0,0,0,0,0,6,0,0,4,0,0,0,0,0,0,1,0,0,0,2,0
0518 MS-SF Bsx Glut_1,0,0,1,1,124,14,1,0,34,0,419,799,0,9,0,4,14,0,3,0,6,12,34,0
0519 AVPV-MEPO-SFO Tbr1 Glut_1,0,0,0,0,168,0,0,0,1,1,27,16,0,3,0,0,8,0,8,0,9,0,5,0
0520 AVPV-MEPO-SFO Tbr1 Glut_2,0,0,0,0,597,0,0,0,0,1,2,5,0,61,0,0,9,0,27,0,13,0,2,0
0521 AVPV-MEPO-SFO Tbr1 Glut_3,0,0,0,0,171,0,0,0,1,0,30,24,0,87,0,7,5,0,26,0,9,0,15,0
0522 AVPV-MEPO-SFO Tbr1 Glut_4,0,0,0,0,423,0,0,0,0,1,4,4,0,20,0,0,3,0,17,0,8,0,3,0
0523 AVPV-MEPO-SFO Tbr1 Glut_5,0,0,0,0,69,0,0,0,7,0,19,16,0,2,0,0,1,0,5,0,1,0,0,0
0524 LHA Barhl2 Glut_1,0,0,0,0,401,0,0,0,2,0,29,4,7,0,0,0,0,0,6,5,1,0,7,0
0525 LHA Barhl2 Glut_2,0,0,0,0,301,0,0,0,1,0,8,5,67,1,0,0,0,0,3,0,5,0,44,0
0526 LHA Barhl2 Glut_3,0,0,0,0,28,0,0,0,0,0,2,0,0,0,0,0,0,0,1,0,0,0,0,0
0527 ADP-MPO Trp73 Glut_1,0,0,0,0,256,0,0,0,0,0,23,39,4,2,0,0,0,0,5,0,2,0,2,0
0528 ADP-MPO Trp73 Glut_2,0,0,0,0,246,3,0,0,47,0,90,46,1,0,0,0,2,0,2,0,3,1,0,0
0529 ADP-MPO Trp73 Glut_3,0,0,0,0,292,0,0,0,5,0,58,5,7,0,0,0,0,0,1,2,2,0,18,0
0530 SI-MA-LPO-LHA Skor1 Glut_1,0,0,0,0,310,0,0,0,2,0,154,19,0,0,0,0,2,0,0,0,0,0,0,0
0531 SI-MA-LPO-LHA Skor1 Glut_2,0,0,6,0,84,0,1,0,21,0,239,117,0,0,0,0,0,0,0,0,1,0,1,0
0532 SI-MA-LPO-LHA Skor1 Glut_3,0,0,1,0,230,0,0,0,1,0,86,9,2,0,0,1,0,0,0,0,1,0,11,0
0533 SI-MA-LPO-LHA Skor1 Glut_4,0,0,0,0,27,0,0,0,0,0,177,48,0,0,0,0,0,0,0,0,0,0,0,0
0534 SI-MA-LPO-LHA Skor1 Glut_5,0,0,0,0,145,0,0,0,1,0,190,39,1,0,0,0,0,0,0,0,2,0,1,0
0535 SI-MA-LPO-LHA Skor1 Glut_6,0,0,4,0,111,0,0,0,19,0,108,125,0,0,0,0,3,0,0,0,0,0,4,0
0536 SI-MA-LPO-LHA Skor1 Glut_7,0,0,0,0,66,0,0,0,2,0,133,49,0,0,0,0,0,0,0,0,0,0,1,0
0537 SI-MA-LPO-LHA Skor1 Glut_8,0,0,0,0,84,0,0,0,5,0,170,110,0,0,0,0,0,0,0,0,0,0,1,0
0538 MEA Otp Foxp2 Glut_1,0,0,6,0,16,0,0,0,74,0,12,318,0,0,0,1,0,0,0,0,0,0,0,0
0539 MEA-BST Otp Zic2 Glut_1,0,0,1,0,58,0,0,0,0,0,48,27,1,1,0,1,1,0,1,0,4,0,3,0
0540 MEA-BST Otp Zic2 Glut_2,0,0,0,0,1,0,0,0,0,0,34,63,1,0,0,1,2,0,1,0,3,0,6,0
0541 MEA-BST Otp Zic2 Glut_3,0,0,0,1,1,1,0,0,0,0,4,7,0,0,0,0,0,0,0,0,0,0,0,0
0542 LHA-MEA Otp Glut_1,0,0,0,0,77,0,0,0,2,0,17,46,0,0,0,1,0,0,0,0,0,0,2,0
0543 LHA-MEA Otp Glut_2,0,0,0,0,1,0,0,0,0,0,3,20,0,0,0,0,0,0,0,0,0,0,0,0
0544 DMH Nkx2-4 Glut_1,0,1,0,0,243,0,0,0,0,0,0,1,0,0,0,0,0,0,0,0,0,0,0,0
0545 DMH Nkx2-4 Glut_2,0,1,0,0,390,0,0,0,0,0,0,0,0,0,0,0,0,0,0,0,0,0,0,0
0546 MPN-MPO-PVpo Hmx2 Glut_1,0,0,0,0,288,0,0,0,0,0,6,1,0,3,0,0,0,0,10,0,6,0,0,0
0547 MPN-MPO-PVpo Hmx2 Glut_2,0,0,0,0,187,0,0,0,0,0,3,1,0,1,0,0,1,0,5,0,3,0,0,0
0548 MPN-MPO-PVpo Hmx2 Glut_3,0,0,0,0,214,0,0,0,0,0,0,1,0,3,0,0,1,0,9,0,6,0,0,0
0549 MPN-MPO-PVpo Hmx2 Glut_4,0,0,0,0,225,0,0,0,0,0,21,0,0,0,0,0,0,0,1,0,0,0,0,0
0550 MPN-MPO-PVpo Hmx2 Glut_5,0,0,0,0,33,0,0,0,0,0,0,0,0,3,0,0,1,0,9,0,0,0,0,0
0551 MPN-MPO-PVpo Hmx2 Glut_6,0,0,0,0,92,0,0,0,0,0,0,0,0,1,0,0,0,0,1,0,1,0,0,0
0552 DMH Hmx2 Glut_1,0,0,0,0,356,0,0,0,3,0,1,2,0,0,0,0,0,0,0,1,0,0,7,0
0553 DMH Hmx2 Glut_2,0,0,0,0,54,0,0,0,1,0,0,0,0,0,0,0,0,0,0,0,0,0,0,0
0554 ARH-PVp Tbx3 Glut_1,0,0,0,0,66,0,0,0,1,0,0,1,0,1,0,0,0,0,0,0,0,0,0,0
0555 ARH-PVp Tbx3 Glut_2,0,0,0,0,109,0,0,0,1,0,0,2,0,1,0,1,0,0,0,0,0,0,0,0
0556 ARH-PVp Tbx3 Glut_3,0,0,0,1,321,0,0,0,7,0,0,0,0,2,0,1,3,0,1,0,0,0,0,0
0557 ARH-PVp Tbx3 Glut_4,0,0,0,0,44,0,0,0,1,0,0,0,0,0,0,0,0,0,0,0,0,0,0,0
0558 ARH-PVp Tbx3 Glut_5,0,0,0,0,65,0,0,0,0,0,0,0,0,0,0,0,4,0,0,0,0,0,1,0
0559 DMH-LHA Vgll2 Glut_1,0,0,0,0,3,0,0,0,0,0,0,0,0,0,0,0,0,0,0,0,0,0,0,0
0560 DMH-LHA Vgll2 Glut_2,0,0,0,0,315,0,0,0,0,1,5,0,0,0,0,0,0,0,0,5,0,0,10,0
0561 DMH-LHA Vgll2 Glut_3,0,0,0,0,77,0,0,0,0,0,0,0,0,0,0,0,0,0,0,0,2,0,0,0
0562 DMH-LHA Vgll2 Glut_4,0,0,0,0,115,0,0,0,0,0,0,0,1,2,1,0,0,0,0,0,0,0,1,0
0563 VMH Fezf1 Glut_1,0,0,0,0,205,0,0,0,0,0,0,0,0,0,0,0,0,0,0,0,0,0,0,0
0564 VMH Fezf1 Glut_2,0,0,0,0,386,0,0,0,0,0,0,0,1,0,0,0,0,0,1,0,1,0,1,0
0565 VMH Fezf1 Glut_3,0,0,0,0,280,1,0,0,0,0,0,0,0,0,0,1,0,0,0,0,0,0,0,0
0566 VMH Nr5a1 Glut_1,0,0,0,0,303,0,0,0,0,1,0,0,0,2,0,0,0,0,13,0,26,0,5,0
0567 VMH Nr5a1 Glut_2,0,0,0,0,544,1,0,0,0,0,0,1,0,0,0,0,1,0,13,0,31,0,3,0
0568 VMH Nr5a1 Glut_3,0,0,0,0,2518,0,0,0,1,2,0,2,0,0,0,0,3,0,0,0,0,0,1,0
0569 VMH Nr5a1 Glut_4,0,0,0,0,515,0,0,0,0,0,0,0,0,0,0,0,1,0,1,0,0,0,0,0
0570 VMH Nr5a1 Glut_5,0,0,0,0,397,0,0,0,0,1,0,0,0,0,0,0,0,0,0,0,1,0,0,0
0571 VMH Nr5a1 Glut_6,0,0,0,0,33,0,0,0,0,0,0,0,0,0,0,0,0,0,0,0,0,0,0,0
0572 LHA Pmch Glut_1,0,0,0,0,192,0,1,0,0,0,6,0,2,0,0,0,0,0,0,6,8,1,3,0
0573 LHA Pmch Glut_2,0,0,0,0,146,0,0,0,0,0,0,0,0,0,0,0,0,0,0,0,0,0,33,0
0574 LHA-AHN-PVH Otp Trh Glut_1,0,0,0,0,281,0,0,0,0,0,11,1,0,1,0,0,0,0,21,0,10,0,4,0
0575 LHA-AHN-PVH Otp Trh Glut_2,0,0,0,0,407,0,0,0,0,3,18,10,5,2,0,1,0,0,1,1,2,0,3,0
0576 LHA-AHN-PVH Otp Trh Glut_3,0,0,0,0,424,0,0,0,0,0,3,1,0,0,0,0,3,0,29,0,17,0,3,0
0577 LHA-AHN-PVH Otp Trh Glut_4,0,0,0,0,309,0,0,0,0,0,15,0,1,1,0,0,0,0,0,0,2,0,0,0
0578 LHA-AHN-PVH Otp Trh Glut_5,0,0,0,0,144,0,0,0,1,0,1,0,0,7,0,0,1,0,32,0,11,0,0,0
0579 AHN-RCH-LHA Otp Fezf1 Glut_1,0,0,0,0,401,0,0,0,0,0,38,2,5,0,0,0,0,0,0,0,2,0,55,0
0580 AHN-RCH-LHA Otp Fezf1 Glut_2,0,0,0,0,1261,0,0,0,0,0,2,2,3,0,0,0,0,0,53,0,23,0,2,0
0581 AHN-RCH-LHA Otp Fezf1 Glut_3,0,0,0,0,239,0,0,0,1,0,0,2,2,0,0,0,0,0,0,0,2,0,2,0
0582 AHN-RCH-LHA Otp Fezf1 Glut_4,0,0,0,0,225,0,0,0,0,0,0,0,0,0,0,0,0,0,0,0,1,0,0,0
0583 AHN-RCH-LHA Otp Fezf1 Glut_5,0,0,0,0,206,0,0,0,0,0,0,0,0,1,0,0,0,0,5,0,4,0,0,0
0584 AHN-RCH-LHA Otp Fezf1 Glut_6,0,0,0,0,436,0,1,0,2,0,3,0,0,1,0,0,0,0,7,1,10,0,6,0
0585 PVH-SO-PVa Otp Glut_1,0,0,0,0,256,0,0,0,0,0,0,0,3,1,0,0,0,0,0,0,1,0,1,0
0586 PVH-SO-PVa Otp Glut_2,0,0,0,0,369,0,0,0,0,0,1,0,4,0,0,0,0,0,0,0,0,0,0,0
0587 PVH-SO-PVa Otp Glut_3,0,0,0,0,416,0,0,0,0,0,0,0,28,0,0,0,1,0,2,0,0,0,2,0
0588 PVH-SO-PVa Otp Glut_4,0,0,0,0,909,0,1,0,0,0,20,13,25,7,0,0,24,0,318,0,219,0,5,0
0589 PVH-SO-PVa Otp Glut_5,0,0,0,0,309,0,0,0,0,0,0,0,5,11,0,0,0,0,1,0,0,0,0,0
0590 PVH-SO-PVa Otp Glut_6,0,0,0,0,91,0,0,0,0,0,10,4,3,0,0,0,0,0,1,0,0,0,6,0
0591 PH-ant-LHA Otp Bsx Glut_1,0,0,0,0,311,0,1,1,0,0,0,0,3,1,0,0,0,0,0,0,0,0,9,0
0592 PH-ant-LHA Otp Bsx Glut_2,0,0,0,0,184,0,2,0,0,0,0,0,3,0,0,0,0,0,0,0,0,0,4,0
0593 PH-ant-LHA Otp Bsx Glut_3,0,0,0,0,235,0,0,0,0,2,0,0,5,0,0,0,2,0,0,0,1,0,11,0
0594 PH-ant-LHA Otp Bsx Glut_4,0,0,0,0,373,0,0,0,0,0,0,0,1,0,0,0,0,0,0,1,1,0,7,0
0595 PH-ant-LHA Otp Bsx Glut_5,0,0,0,0,384,0,0,0,0,0,0,0,11,0,0,0,0,0,0,1,0,0,7,0
0596 PH-ant-LHA Otp Bsx Glut_6,0,0,0,0,56,0,0,0,0,0,0,0,1,0,0,0,0,0,0,0,0,0,0,0
0597 PH-ant-LHA Otp Bsx Glut_7,0,0,0,0,241,0,0,0,0,0,1,0,4,1,0,0,0,0,0,3,1,0,0,0
0598 STN-PSTN Pitx2 Glut_1,0,0,0,0,392,0,19,0,0,0,9,0,0,0,0,0,0,0,2,11,6,3,5,0
0599 STN-PSTN Pitx2 Glut_2,0,0,1,0,117,0,5,0,0,0,4,0,0,0,0,0,0,0,0,6,3,1,0,0
0600 STN-PSTN Pitx2 Glut_3,0,0,0,0,231,0,12,0,0,0,2,0,0,0,0,0,0,0,0,12,8,1,0,0
0601 STN-PSTN Pitx2 Glut_4,0,0,0,0,218,0,0,0,0,0,0,0,0,0,0,0,0,0,0,6,5,0,0,0
0602 STN-PSTN Pitx2 Glut_5,0,1,0,0,949,0,85,0,0,1,162,1,1,0,0,0,0,0,0,41,294,131,0,0
0603 STN-PSTN Pitx2 Glut_6,0,0,0,0,73,0,2,0,0,0,0,0,0,0,0,0,0,0,0,1,0,1,2,0
0604 STN-PSTN Pitx2 Glut_7,0,0,0,0,85,0,10,0,0,0,0,0,1,0,0,0,1,1,0,0,0,0,19,0
0605 PMv-TMv Pitx2 Glut_1,0,0,0,0,262,0,1,0,1,0,0,0,0,3,0,0,0,0,0,0,0,0,0,0
0606 PMv-TMv Pitx2 Glut_2,0,0,0,0,131,0,0,0,1,0,0,0,0,0,0,0,0,0,0,0,2,0,4,0
0607 PMv-TMv Pitx2 Glut_3,0,0,0,0,413,0,1,1,0,0,0,0,0,4,0,0,2,0,0,0,1,0,0,0
0608 PH-an Pitx2 Glut_1,0,0,0,0,87,0,0,0,1,0,0,0,1,13,0,0,0,0,0,0,0,0,1,0
0609 PH-an Pitx2 Glut_2,0,0,0,0,105,0,0,0,0,0,0,0,2,2,0,0,0,0,0,0,0,0,1,0
0610 PH Pitx2 Glut_1,0,0,0,0,49,0,1,0,0,0,0,0,1,7,0,0,1,0,0,0,0,0,0,0
0611 PH Pitx2 Glut_2,0,0,0,0,473,0,217,2,1,7,1,2,82,6,0,0,3,0,2,2,0,0,25,0
0612 PH-LHA Foxb1 Glut_1,0,0,0,0,142,0,48,0,1,0,0,0,2,0,0,0,0,0,1,0,1,0,8,0
0613 PH-LHA Foxb1 Glut_2,0,0,0,0,62,0,8,0,1,0,0,1,0,0,0,0,0,0,2,0,8,0,1,0
0614 PH-LHA Foxb1 Glut_3,0,0,0,0,217,0,20,1,8,0,1,1,0,0,0,0,0,0,2,0,16,0,6,0
0615 PH-LHA Foxb1 Glut_4,0,0,0,0,61,0,19,0,1,0,0,0,0,0,0,0,0,0,0,0,0,0,0,0
0616 PH-LHA Foxb1 Glut_5,0,0,0,0,41,0,2,0,1,0,0,0,0,0,0,0,0,0,0,0,0,0,0,0
0617 PH-LHA Foxb1 Glut_6,0,0,0,0,349,0,1,0,2,0,0,0,0,0,0,0,3,0,0,0,0,0,2,0
0618 PH-LHA Foxb1 Glut_7,0,0,0,0,51,0,0,0,0,0,0,0,0,0,0,0,0,0,0,0,0,0,2,0
0619 PMd-LHA Foxb1 Glut_1,0,0,0,0,37,0,0,0,0,1,0,0,0,0,0,0,0,0,0,0,0,0,0,0
0620 PMd-LHA Foxb1 Glut_2,0,0,0,0,866,0,1,4,0,1,0,0,0,1,0,0,0,0,0,0,5,0,21,0
0621 PMd-LHA Foxb1 Glut_3,0,0,0,0,73,0,1,3,0,1,0,0,0,0,0,0,0,0,0,0,0,0,4,0
0622 PH-SUM Foxa1 Glut_1,0,0,0,0,64,0,24,0,0,0,0,0,4,0,0,0,0,0,0,0,0,0,5,0
0623 PH-SUM Foxa1 Glut_2,0,0,0,0,99,0,9,0,0,0,0,0,0,1,0,0,0,0,0,0,0,0,5,0
0624 PH-SUM Foxa1 Glut_3,0,1,0,0,143,0,29,0,0,1,0,0,11,8,0,0,0,0,0,0,0,0,1,0
0625 PH-SUM Foxa1 Glut_4,0,0,0,0,40,0,20,0,0,0,0,0,0,0,0,0,0,0,0,0,0,0,3,0
0626 PH-SUM Foxa1 Glut_5,0,0,0,0,599,0,75,0,5,0,0,0,0,2,0,0,0,0,1,4,0,0,54,0
0627 PH-SUM Foxa1 Glut_6,0,0,0,0,298,0,4,0,0,0,0,0,0,9,0,0,0,0,0,0,0,0,8,0
0628 HY Gnrh1 Glut_1,0,0,0,0,21,2,0,0,8,0,20,18,0,2,0,0,0,0,13,0,4,1,1,0
0629 MM-ant Foxb1 Glut_1,0,0,0,0,2016,0,1,0,0,1,0,0,0,103,0,0,1,0,0,0,0,0,41,0
0630 MM Foxb1 Glut_1,0,0,0,0,1698,0,0,0,0,0,0,0,0,0,0,0,55,0,0,0,0,0,29,0
0631 MM Foxb1 Glut_2,0,0,0,0,1766,1,3,1,0,4,0,0,0,1,0,0,59,0,0,0,0,0,5,0
0632 MH Tac2 Glut_1,0,0,0,0,0,0,6,0,0,0,0,0,1352,204,0,239,0,0,0,0,0,0,13,0
0633 MH Tac2 Glut_2,0,0,0,2,0,0,0,0,0,0,0,0,1656,252,0,396,36,0,1,0,0,0,63,0
0634 MH Tac2 Glut_3,0,0,0,2,0,0,2,0,0,0,0,0,1291,63,0,77,5,0,0,0,0,0,24,0
0635 MH Tac2 Glut_4,0,0,0,0,0,0,0,0,0,0,0,0,36,1,0,2,2,0,0,0,0,0,1,0
0636 MH Tac2 Glut_5,0,0,0,24,0,0,0,0,0,0,0,0,387,0,0,0,35,0,0,0,0,0,83,0
0637 LH Pou4f1 Sox1 Glut_1,0,0,0,0,0,0,0,0,0,0,0,0,355,1,0,1,2,0,0,0,0,0,47,0
0638 LH Pou4f1 Sox1 Glut_2,0,0,0,0,0,0,0,0,0,0,0,0,310,0,0,0,2,0,0,0,0,0,48,0
0639 LH Pou4f1 Sox1 Glut_3,0,0,0,2,0,0,0,0,0,0,0,0,329,0,0,1,3,0,0,0,0,0,54,0
0640 LH Pou4f1 Sox1 Glut_4,0,0,0,1,0,0,5,0,0,0,0,0,299,0,0,2,4,0,0,0,0,0,48,0
0641 AD Serpinb7 Glut_1,0,0,0,0,0,0,0,0,0,0,0,0,864,9,0,0,67,0,0,0,0,0,48,0
0642 AV Col27a1 Glut_1,0,0,0,0,0,0,1,0,0,0,0,0,1039,11,0,1,22,0,0,0,0,0,40,0
0643 PVT-PT Ntrk1 Glut_1,0,0,0,0,7,0,1,0,0,0,0,0,48,4,0,0,0,0,0,0,1,0,0,0
0644 PVT-PT Ntrk1 Glut_2,0,0,0,0,25,0,4,0,0,0,0,0,1594,46,0,0,1,0,0,0,2,0,12,0
0645 PVT-PT Ntrk1 Glut_3,0,0,0,0,125,0,1,0,0,0,0,0,1029,111,0,0,27,0,0,0,16,0,26,0
0646 PVT-PT Ntrk1 Glut_4,0,0,0,0,6,0,0,0,0,0,0,0,184,2,0,0,0,0,0,0,0,0,0,0
0647 PVT-PT Ntrk1 Glut_5,0,0,0,0,5,0,0,0,0,0,0,0,233,5,0,0,2,0,0,0,1,0,1,0
0648 PVT-PT Ntrk1 Glut_6,0,0,0,0,9,0,0,0,0,0,0,0,106,4,0,0,1,0,0,0,1,0,6,0
0649 CM-IAD-CL-PCN Sema5b Glut_1,0,0,0,0,0,0,1,0,0,0,0,0,402,0,0,0,0,0,0,0,0,0,8,0
0650 CM-IAD-CL-PCN Sema5b Glut_2,0,0,0,0,0,0,0,0,0,0,0,0,343,0,0,0,1,0,0,0,0,0,7,0
0651 CM-IAD-CL-PCN Sema5b Glut_3,0,0,0,0,0,0,0,0,0,0,0,0,52,0,0,0,0,0,0,0,0,0,0,0
0652 CM-IAD-CL-PCN Sema5b Glut_4,0,0,0,0,0,0,0,0,0,0,0,0,478,0,0,0,0,0,0,0,0,0,2,0
0653 CM-IAD-CL-PCN Sema5b Glut_5,0,0,0,0,0,0,0,0,0,0,0,0,22,0,0,0,0,0,0,0,0,0,0,0
0654 TH Prkcd Grin2c Glut_1,0,0,0,1,77,0,1,0,0,0,0,0,5644,0,0,0,3,0,19,0,7,113,5,0
0655 TH Prkcd Grin2c Glut_2,0,0,0,105,19,0,2,0,0,0,1,0,3051,0,0,0,27,0,115,0,156,73,54,0
0656 TH Prkcd Grin2c Glut_3,0,0,0,60,20,0,16,0,0,0,1,0,1955,0,0,1,85,0,24,0,13,17,3,0
0657 TH Prkcd Grin2c Glut_4,0,0,0,3,7,0,3,0,0,0,0,0,520,0,0,0,4,0,12,0,9,1,31,0
0658 TH Prkcd Grin2c Glut_5,0,0,0,27,1,0,0,0,0,0,0,0,2178,0,0,0,28,0,2,0,3,3,14,0
0659 TH Prkcd Grin2c Glut_6,0,0,0,34,15,0,21,0,0,0,0,0,3022,0,0,0,10,0,27,0,4,16,5,0
0660 TH Prkcd Grin2c Glut_7,0,0,0,9,1,0,4,0,0,0,0,0,319,0,0,0,3,0,2,0,3,0,0,0
0661 TH Prkcd Grin2c Glut_8,0,0,0,5,1,0,2,0,0,0,0,0,234,0,0,0,2,0,0,0,0,5,0,0
0662 TH Prkcd Grin2c Glut_9,0,0,0,5,2,0,1,0,0,0,1,0,843,2,0,3,4,0,1,0,1,1,5,0
0663 TH Prkcd Grin2c Glut_10,0,0,0,0,0,0,0,0,0,0,0,0,1104,0,0,0,1,0,0,0,0,1,3,0
0664 TH Prkcd Grin2c Glut_11,0,0,0,2,3,0,6,0,0,0,0,0,348,0,0,0,2,0,4,0,0,3,3,0
0665 TH Prkcd Grin2c Glut_12,0,0,0,0,1,0,0,0,0,0,0,0,182,0,0,0,0,0,0,0,0,0,1,0
0666 TH Prkcd Grin2c Glut_13,0,0,0,3,13,0,0,0,0,0,0,0,2129,0,0,0,2,0,0,0,0,15,14,0
0667 TH Prkcd Grin2c Glut_14,0,0,0,3,0,0,0,0,0,0,0,0,95,0,0,0,1,0,0,0,0,2,1,0
0668 RE-Xi Nox4 Glut_1,0,0,0,0,1,0,5,0,0,0,0,0,158,0,0,0,0,0,0,0,0,0,0,0
0669 RE-Xi Nox4 Glut_2,0,0,0,0,23,0,2,0,2,0,0,0,247,0,0,0,0,0,0,0,0,0,12,0
0670 RE-Xi Nox4 Glut_3,0,0,0,1,29,0,5,0,3,0,0,0,500,0,0,0,0,0,0,0,0,0,0,0
0671 RE-Xi Nox4 Glut_4,0,0,0,0,1,0,1,0,0,0,0,0,15,0,0,0,0,0,0,0,0,0,0,0
0672 MG-POL-SGN Nts Glut_1,0,0,0,0,0,0,10,0,0,0,0,0,40,0,0,1,0,0,0,0,0,0,0,0
0673 MG-POL-SGN Nts Glut_2,0,0,0,0,0,0,3,0,1,0,0,0,6,0,0,0,1,0,0,0,0,0,0,0
0674 PF Fzd5 Glut_1,0,0,0,0,20,0,148,0,1,0,0,0,1093,0,0,0,0,0,6,0,0,0,56,0
0675 PF Fzd5 Glut_2,0,0,0,0,0,0,228,1,0,0,0,0,1926,1,0,0,0,0,1,0,0,0,42,0
0676 PRC-PAG Pax6 Glut_1,0,0,0,0,0,0,121,0,0,1,0,0,0,0,0,0,0,0,13,0,0,0,0,0
0677 PRC-PAG Pax6 Glut_2,0,0,0,2,0,0,167,0,0,0,1,0,28,1,0,1,7,0,18,0,0,0,4,0
0678 PRC-PAG Pax6 Glut_3,0,0,0,0,0,0,88,0,0,1,0,0,0,0,1,0,0,1,1,2,0,0,0,0
0679 PRC-PAG Pax6 Glut_4,0,0,0,0,0,0,28,0,0,0,0,0,0,0,0,0,0,0,1,0,0,0,1,0
0680 PRC-PAG Pax6 Glut_5,0,0,0,0,0,0,38,0,0,0,0,0,0,0,0,0,0,0,0,0,0,0,0,0
0681 MB-ant-ve Dmrta2 Glut_1,0,0,0,0,19,0,411,2,0,2,1,0,37,0,0,0,0,2,16,20,0,0,13,0
0682 RN Spp1 Glut_1,0,0,0,0,0,0,265,6,0,3,0,0,0,0,0,0,0,1,2,41,0,0,2,0
0683 MRN-PAG Nkx6-1 Glut_1,0,0,0,0,0,0,35,0,0,1,0,0,0,0,0,0,0,1,0,2,0,0,0,0
0684 MRN-PAG Nkx6-1 Glut_2,0,0,0,0,0,0,19,0,0,1,0,0,0,0,0,0,0,0,0,0,0,0,0,0
0685 IF-RL-CLI-PAG Foxa1 Glut_1,0,0,0,0,49,0,197,0,0,4,0,0,0,0,0,0,1,0,0,25,0,0,22,0
0686 IF-RL-CLI-PAG Foxa1 Glut_2,0,0,0,0,2,0,35,0,0,1,0,0,0,1,0,0,0,0,0,2,0,0,1,0
0687 IF-RL-CLI-PAG Foxa1 Glut_3,0,0,0,0,4,0,90,1,1,4,0,2,0,0,0,0,0,0,0,2,0,0,2,0
0688 IF-RL-CLI-PAG Foxa1 Glut_4,2,0,0,0,0,0,92,0,0,0,0,0,0,0,0,0,0,3,1,29,0,0,1,0
0689 IF-RL-CLI-PAG Foxa1 Glut_5,0,0,0,0,8,0,42,1,0,11,0,0,3,0,0,0,0,0,2,0,0,0,1,0
0690 PAG-SC Neurod2 Meis2 Glut_1,0,0,0,0,0,0,375,1,0,0,0,0,0,0,0,0,0,0,8,0,0,0,0,0
0691 PAG-SC Neurod2 Meis2 Glut_2,0,0,0,0,0,0,102,0,0,1,0,0,0,0,0,0,0,0,1,0,0,0,0,0
0692 PAG-SC Neurod2 Meis2 Glut_3,0,0,0,0,0,0,1,0,0,0,0,0,0,0,0,0,0,0,0,0,0,0,0,0
0693 PAG-SC Neurod2 Meis2 Glut_4,3,0,0,0,0,0,307,0,0,0,0,0,0,0,0,0,0,0,2,0,0,0,0,0
0694 PAG Pou4f3 Glut_1,4,0,0,0,0,0,407,0,0,0,0,0,0,0,0,0,0,0,0,0,0,0,0,0
0695 PAG Pou4f3 Glut_2,0,0,0,0,0,0,448,0,0,0,0,0,0,0,0,0,0,0,2,0,0,0,0,0
0696 PAG Pou4f3 Glut_3,0,0,0,0,0,0,11,0,0,0,0,0,0,0,0,0,0,0,0,0,0,0,0,0
0697 CUN Evx2 Lhx2 Glut_1,1,11,0,0,0,0,120,0,0,1,0,0,0,0,0,0,0,0,0,0,0,0,0,0
0698 CUN Evx2 Lhx2 Glut_2,0,5,0,0,0,0,286,0,0,1,0,0,0,0,0,0,0,0,2,0,0,0,0,0
0699 CUN Evx2 Lhx2 Glut_3,0,0,0,0,0,0,163,0,0,0,0,0,0,0,0,0,0,0,3,0,0,0,0,0
0700 CUN Evx2 Lhx2 Glut_4,1,11,0,0,0,0,139,0,0,1,0,0,0,0,0,0,0,0,0,0,0,0,0,0
0701 CUN Evx2 Lhx2 Glut_5,0,1,0,0,0,0,104,0,0,1,0,0,0,0,0,0,0,0,0,0,0,0,0,0
0702 APN C1ql2 Glut_1,0,0,0,0,0,0,1640,1,0,0,0,1,83,0,0,0,22,0,22,0,0,0,0,0
0703 APN C1ql4 Glut_1,0,0,0,0,0,1,1043,0,0,0,0,0,27,0,0,0,3,0,9,0,0,0,0,0
0704 PAG-MRN Pou3f1 Glut_1,3,0,0,0,0,0,548,0,0,11,0,0,0,0,0,0,0,11,1,2,0,0,0,0
0705 PAG-MRN Pou3f1 Glut_2,0,0,0,0,0,0,26,0,0,0,0,0,0,0,0,0,0,0,0,0,0,0,0,0
0706 PAG-MRN Pou3f1 Glut_3,0,0,0,0,0,0,7,0,0,0,0,0,0,0,0,0,0,0,0,0,0,0,0,0
0707 PAG-MRN Pou3f1 Glut_4,0,0,0,0,0,0,157,0,1,0,0,0,0,0,0,0,0,0,0,0,0,0,0,0
0708 PAG-MRN Pou3f1 Glut_5,0,0,0,0,0,0,142,0,0,2,0,0,0,0,0,0,0,0,0,1,0,0,0,0
0709 PAG-MRN Pou3f1 Glut_6,0,0,0,0,0,0,129,0,0,0,0,0,1,0,0,0,0,0,0,0,0,0,0,0
0710 MRN Pou3f1 C1ql4 Glut_1,0,0,0,0,0,0,35,0,0,1,0,0,1,0,0,0,0,1,1,0,0,0,0,0
0711 MRN Pou3f1 C1ql4 Glut_2,0,0,0,0,0,0,40,0,0,0,0,0,0,0,0,0,0,0,2,0,0,0,0,0
0712 MRN Pou3f1 C1ql4 Glut_3,0,0,0,0,0,0,16,0,0,0,0,0,0,0,0,0,0,0,0,0,0,0,0,0
0713 PRC-PAG Tcf7l2 Irx2 Glut_1,0,0,0,0,3,0,300,0,11,0,2,0,74,1,0,0,3,0,5,0,0,0,3,0
0714 PRC-PAG Tcf7l2 Irx2 Glut_2,0,0,0,0,39,0,138,0,1,0,6,1,54,2,0,0,1,0,11,0,0,0,0,0
0715 PRC-PAG Tcf7l2 Irx2 Glut_3,0,0,0,0,0,0,135,1,4,0,1,0,0,0,0,0,2,0,3,0,0,0,0,0
0716 PRC-PAG Tcf7l2 Irx2 Glut_4,0,0,0,0,1,0,4,0,1,0,1,0,0,0,0,0,0,0,0,0,0,0,0,0
0717 PRC-PAG Tcf7l2 Irx2 Glut_5,0,0,0,0,0,0,42,0,2,0,0,0,6,0,0,0,1,0,2,0,0,0,0,0
0718 SPA-SPFm-SPFp-POL-PIL-PoT Sp9 Glut_1,0,2,0,2,1,0,247,0,0,1,0,0,103,0,0,0,14,0,26,0,5,4,6,0
0719 SPA-SPFm-SPFp-POL-PIL-PoT Sp9 Glut_2,0,0,0,0,3,0,177,0,0,0,0,0,76,0,0,0,0,0,1,0,0,1,2,0
0720 SPA-SPFm-SPFp-POL-PIL-PoT Sp9 Glut_3,0,0,0,0,59,0,84,0,0,0,9,1,289,16,0,1,2,0,1,0,3,0,32,0
0721 SPA-SPFm-SPFp-POL-PIL-PoT Sp9 Glut_4,0,0,0,3,6,0,421,0,0,1,0,0,264,0,0,0,6,0,22,0,0,27,0,0
0722 SPA-SPFm-SPFp-POL-PIL-PoT Sp9 Glut_5,0,0,0,0,24,0,220,0,0,0,0,0,238,0,0,0,0,0,5,0,0,1,2,0
0723 SPA-SPFm-SPFp-POL-PIL-PoT Sp9 Glut_6,0,0,0,1,50,0,105,0,0,0,2,0,138,7,0,0,0,0,1,0,1,2,4,0
0724 SPA-SPFm-SPFp-POL-PIL-PoT Sp9 Glut_7,0,0,0,0,8,0,281,0,0,0,1,1,350,0,0,0,3,0,31,0,0,6,0,0
0725 SPA-SPFm-SPFp-POL-PIL-PoT Sp9 Glut_8,0,0,0,22,4,0,284,0,0,0,1,0,123,0,0,0,8,0,1,0,0,29,0,0
0726 SPA-SPFm-SPFp-POL-PIL-PoT Sp9 Glut_9,0,0,0,0,35,0,2,0,0,1,0,0,34,0,0,0,0,0,0,0,0,0,0,0
0727 SPA-SPFm-SPFp-POL-PIL-PoT Sp9 Glut_10,0,0,0,0,2,0,149,0,0,0,0,0,15,1,0,0,0,0,2,0,0,0,2,0
0728 SPA-SPFm-SPFp-POL-PIL-PoT Sp9 Glut_11,0,0,0,2,0,0,12,0,0,0,0,0,14,0,0,0,1,0,1,0,0,0,1,0
0729 SPA-SPFm-SPFp-POL-PIL-PoT Sp9 Glut_12,0,3,0,0,40,0,16,1,0,0,1,0,37,0,0,0,0,0,3,0,4,2,0,0
0730 PAG-SC Pou4f1 Zic1 Glut_1,5,0,0,0,1,0,739,0,0,0,0,0,0,0,0,0,0,0,27,0,0,0,0,0
0731 PAG-SC Pou4f1 Zic1 Glut_2,0,0,0,0,0,0,745,0,0,0,0,0,0,0,0,0,0,0,10,0,0,0,0,0
0732 PAG-SC Pou4f1 Zic1 Glut_3,1,0,0,0,0,0,122,0,0,0,0,0,0,0,0,0,2,0,6,0,0,0,0,0
0733 PAG-MRN Tfap2b Glut_1,4,19,0,0,1,0,568,0,0,5,0,0,1,0,3,0,1,1,1,0,0,1,0,0
0734 PAG-MRN Tfap2b Glut_2,0,0,0,0,0,0,57,0,0,0,0,0,0,0,0,0,0,0,0,0,0,0,0,0
0735 PAG Pou4f1 Bnc2 Glut_1,0,0,0,0,0,0,319,0,0,0,0,0,0,0,0,0,0,0,1,0,0,0,0,0
0736 PAG Pou4f1 Bnc2 Glut_2,1,1,0,0,0,0,321,0,0,0,0,0,0,0,0,0,0,0,1,0,0,0,0,0
0737 PAG Pou4f1 Ebf2 Glut_1,16,1,0,0,0,0,163,0,0,0,0,0,0,0,0,0,0,0,0,0,0,0,0,0
0738 PAG Pou4f1 Ebf2 Glut_2,1,0,0,0,0,0,384,0,0,1,0,0,0,0,0,0,0,0,0,0,0,0,0,0
0739 PAG Pou4f1 Ebf2 Glut_3,2,0,0,0,0,0,305,0,0,0,0,0,0,0,0,0,0,0,0,0,0,0,0,0
0740 PAG Pou4f1 Ebf2 Glut_4,9,0,0,0,0,0,255,0,0,0,0,0,0,0,0,0,0,0,0,0,0,0,0,0
0741 PAG Pou4f1 Ebf2 Glut_5,3,0,0,0,0,0,287,0,0,0,0,0,0,0,0,0,0,0,1,0,0,0,0,0
0742 PAG Pou4f1 Ebf2 Glut_6,2,0,0,0,0,0,130,0,0,0,0,0,0,0,0,0,0,0,0,0,0,0,0,0
0743 PAG Pou4f1 Ebf2 Glut_7,0,0,0,0,0,0,57,0,0,0,0,0,0,0,0,0,0,0,1,0,0,0,0,0
0744 PAG Pou4f1 Ebf2 Glut_8,0,0,0,0,0,0,50,0,0,0,0,0,0,0,0,0,0,0,0,0,0,0,0,0
0745 PAG Pou4f2 Glut_1,3,0,0,0,0,0,1043,0,0,0,0,0,0,0,0,0,0,0,16,0,0,0,0,0
0746 PAG Pou4f2 Glut_2,1,0,0,0,0,0,260,0,0,0,0,0,0,0,0,0,0,0,2,0,0,0,0,0
0747 PAG Pou4f2 Glut_3,2,0,0,0,0,0,260,0,0,0,0,0,0,0,0,0,0,0,1,0,0,0,0,0
0748 PAG Pou4f2 Glut_4,0,0,0,0,0,0,340,0,0,0,0,0,0,0,0,0,0,0,1,0,0,0,0,0
0749 PAG Pou4f2 Glut_5,0,0,0,0,0,0,337,0,0,0,0,0,0,0,0,0,0,0,2,0,0,0,0,0
0750 PAG Pou4f2 Mesi2 Glut_1,2,0,0,0,0,0,103,0,0,0,0,0,0,0,0,0,0,0,0,0,0,0,0,0
0751 PAG Pou4f2 Mesi2 Glut_2,4,0,0,0,0,0,351,0,0,0,0,0,0,0,0,0,0,0,0,0,0,0,0,0
0752 PAG Pou4f2 Mesi2 Glut_3,0,0,0,0,0,0,189,0,0,0,0,0,0,0,0,0,0,0,0,0,0,0,0,0
0753 PAG Pou4f2 Mesi2 Glut_4,0,0,0,0,0,0,104,0,0,0,0,0,0,0,0,0,0,0,0,0,0,0,0,0
0754 PAG Pou4f2 Mesi2 Glut_5,6,0,0,0,0,0,86,0,0,0,0,0,0,0,0,0,0,0,0,0,0,0,0,0
0755 PAG Pou4f2 Mesi2 Glut_6,8,0,0,0,0,0,232,0,0,0,0,0,0,0,0,0,0,0,1,0,0,0,0,0
0756 SC Bnc2 Glut_1,0,0,0,0,0,0,166,0,0,0,0,0,0,0,0,0,0,0,0,0,0,0,0,0
0757 SC Bnc2 Glut_2,0,0,0,0,0,0,223,0,0,0,0,0,0,0,0,0,0,0,2,0,0,0,0,0
0758 SC Bnc2 Glut_3,0,0,0,0,0,0,711,0,0,0,0,0,0,0,0,0,3,0,0,0,0,0,0,0
0759 SC Bnc2 Glut_4,0,0,0,0,0,0,89,0,0,0,0,0,0,0,0,0,0,0,0,0,0,0,0,0
0760 SCig Foxb1 Glut_1,0,0,0,0,0,0,1010,1,0,0,0,0,0,0,0,0,0,0,3,0,0,0,0,0
0761 SCig Foxb1 Glut_2,0,1,0,0,0,0,887,0,1,0,0,0,1,0,0,0,0,0,2,0,0,0,0,0
0762 SCig Foxb1 Glut_3,0,0,0,0,0,0,380,0,1,0,1,1,1,0,0,0,1,0,2,0,0,0,0,0
0763 SCig Foxb1 Glut_4,0,0,0,0,0,0,288,0,0,0,0,0,0,0,0,0,0,0,4,0,0,0,0,0
0764 SCig-an-PPT Foxb1 Glut_1,0,0,0,3,0,2,1718,0,1,0,0,0,1,2,0,0,42,0,9,0,0,0,1,0
0765 SCig Foxb1 Otx2 Glut_1,0,0,0,0,0,0,93,0,0,0,0,0,1,0,0,0,0,0,0,0,0,0,0,0
0766 SCdg-PAG Tfap2b Glut_1,0,0,0,0,0,0,628,0,0,0,0,0,0,0,0,0,0,0,27,0,0,0,0,0
0767 SCiw Pitx2 Glut_1,0,0,0,0,0,0,589,0,0,1,0,0,0,0,0,0,0,0,5,0,0,0,0,0
0768 SCiw Pitx2 Glut_2,0,0,0,0,0,0,976,0,0,0,0,0,0,0,0,0,0,0,4,0,0,0,0,0
0769 SCiw Pitx2 Glut_3,0,0,0,0,0,0,1387,0,0,0,0,0,0,0,0,0,0,0,0,0,0,0,0,0
0770 IC Tfap2d Maf Glut_1,3,344,0,0,0,0,11246,0,0,1,0,0,0,0,0,0,0,0,2,0,0,1,0,0
0771 IC Tfap2d Maf Glut_2,47,234,0,2,0,0,2602,0,0,1,0,0,0,0,0,0,6,0,70,0,0,0,0,0
0772 IC Tfap2d Maf Glut_3,16,364,0,0,0,0,10883,0,0,0,0,0,0,0,0,0,8,0,20,0,0,0,0,0
0773 IC Tfap2d Maf Glut_4,3,20,0,2,0,0,1097,0,0,1,0,1,2,0,0,0,4,0,25,0,0,1,0,0
0774 IC Tfap2d Maf Glut_5,0,2,0,0,0,0,421,0,0,0,0,0,0,0,0,0,0,0,1,0,0,0,0,0
0775 IC Tfap2d Maf Glut_6,0,42,0,0,0,0,2174,0,2,0,0,0,0,0,0,0,1,0,5,0,0,0,0,0
0776 CUN-PPN Evx2 Meis2 Glut_1,0,2,0,0,0,0,460,0,0,17,0,0,0,0,0,0,0,1,8,0,0,0,0,0
0777 CUN-PPN Evx2 Meis2 Glut_2,0,3,0,0,0,0,78,0,0,39,0,0,0,0,0,0,0,2,10,0,0,0,0,0
0778 CUN-PPN Evx2 Meis2 Glut_3,0,7,0,0,0,0,298,3,0,292,1,1,0,0,3,0,0,35,2,3,0,0,0,0
0779 CUN-PPN Evx2 Meis2 Glut_4,0,6,0,0,0,0,232,0,0,58,1,1,0,0,0,0,2,42,2,1,0,0,0,0
0780 CUN-PPN Evx2 Meis2 Glut_5,0,0,0,0,0,0,311,0,0,6,0,0,0,0,0,0,0,0,21,0,0,0,0,0
0781 PBG Mtnr1a Glut-Chol_1,0,0,0,0,0,0,366,0,0,0,0,1,0,0,0,0,66,0,32,0,0,0,0,0
0782 PAG Tcf24 Glut_1,0,0,0,0,18,0,25,0,0,0,1,0,10,0,0,0,0,0,0,0,0,0,1,0
0783 SCig Tfap2b Chrnb3 Glut_1,0,0,0,0,0,0,892,0,0,0,0,0,0,0,0,0,0,0,2,0,0,0,0,0
0784 SCop Pou4f2 Neurod2 Glut_1,0,0,0,0,0,0,435,0,0,0,0,0,0,0,0,0,0,0,1,0,0,0,0,0
0785 SCsg Pde5a Glut_1,0,1,0,9,0,39,1321,0,0,0,0,0,0,0,0,0,14,0,0,0,0,0,0,0
0786 SCsg Pde5a Glut_2,0,0,0,4,0,6,941,0,0,0,0,0,0,0,0,0,6,0,0,0,0,0,0,0
0787 SCsg Pde5a Glut_3,0,0,0,5,0,13,1673,0,0,0,1,0,0,0,0,0,12,0,0,0,0,0,0,0
0788 SCop Sln Glut_1,0,0,0,0,0,0,843,0,0,0,0,0,0,0,0,0,0,0,0,0,0,0,0,0
0789 PAG Ucn Glut_1,0,0,0,0,1,0,152,0,0,0,0,0,0,0,0,0,0,0,0,6,0,0,10,0
0790 ND-INC Foxd2 Glut_1,0,0,0,0,51,0,763,0,0,2,0,0,19,0,0,0,0,0,6,8,0,0,66,0
0791 PAG-MRN Rln3 Gaba_1,0,0,0,0,1,0,113,0,0,0,0,0,0,0,0,0,1,0,4,0,0,1,0,0
0792 PPN-CUN-PCG Otp En1 Gaba_1,0,0,0,0,0,0,49,0,0,51,0,0,0,0,0,0,0,3,1,2,0,0,0,0
0793 PPN-CUN-PCG Otp En1 Gaba_2,0,0,0,0,0,0,347,0,0,43,0,0,0,0,0,0,0,0,25,12,0,0,1,0
0794 PPN-CUN-PCG Otp En1 Gaba_3,0,14,0,0,0,0,171,0,0,140,1,0,0,0,0,0,0,24,18,0,0,0,0,0
0795 MRN-PPN-CUN Pax8 Gaba_1,0,1,0,0,0,0,190,0,0,40,0,0,0,0,0,0,0,21,1,4,0,0,0,0
0796 MRN-PPN-CUN Pax8 Gaba_2,0,33,0,0,0,0,100,0,0,11,0,0,0,0,1,0,0,2,0,0,0,0,0,0
0797 MRN-PPN-CUN Pax8 Gaba_3,0,0,0,0,0,0,22,0,0,10,0,0,0,0,0,0,0,2,0,0,0,0,0,0
0798 MRN-VTN-PPN Pax5 Cdh23 Gaba_1,4,1,0,0,0,0,352,0,0,36,0,0,0,0,0,0,0,26,2,0,0,0,0,0
0799 MRN-VTN-PPN Pax5 Cdh23 Gaba_2,1,0,0,0,1,0,251,0,0,60,0,0,0,0,0,0,0,13,2,20,0,0,1,0
0800 SNr-VTA Pax5 Npas1 Gaba_1,0,0,0,0,1,0,508,0,0,20,0,0,0,0,0,0,8,1,37,17,0,106,4,0
0801 SNr-VTA Pax5 Npas1 Gaba_2,0,0,0,0,0,0,135,0,0,0,0,0,0,0,0,0,0,0,3,1,0,2,0,0
0802 PAG-PPN Pax5 Sox21 Gaba_1,9,5,0,0,0,0,186,0,0,13,0,0,0,0,0,0,0,0,2,0,0,0,0,0
0803 PAG-PPN Pax5 Sox21 Gaba_2,1,9,0,0,0,0,190,0,0,11,0,0,0,0,1,0,0,0,0,2,0,0,0,0
0804 PAG-PPN Pax5 Sox21 Gaba_3,9,1,0,0,0,0,269,0,0,12,0,0,0,0,1,0,0,1,8,12,0,1,1,0
0805 PAG-PPN Pax5 Sox21 Gaba_4,4,0,0,0,0,0,234,0,0,26,0,0,0,0,0,0,0,9,4,8,0,0,0,0
0806 SNr Six3 Gaba_1,0,0,0,2,1,0,454,0,0,2,0,0,0,0,0,0,1,2,6,1,1,46,1,0
0807 IC Six3 En2 Gaba_1,3,67,0,0,0,0,2650,1,0,1,0,0,0,0,0,0,4,0,24,0,0,0,0,0
0808 IC Six3 En2 Gaba_2,6,13,0,0,0,0,235,0,0,1,0,0,0,0,0,0,5,0,9,0,0,0,0,0
0809 IC Six3 En2 Gaba_3,0,5,0,0,0,0,306,0,0,0,0,0,0,0,0,0,3,0,9,0,0,0,0,0
0810 IC Six3 En2 Gaba_4,0,14,0,0,0,0,693,0,0,2,0,0,0,0,0,0,4,0,44,0,0,0,0,0
0811 IC Six3 En2 Gaba_5,0,2,0,0,0,0,534,0,0,3,0,0,0,0,0,0,0,0,5,0,0,0,0,0
0812 IC Six3 En2 Gaba_6,1,16,0,0,0,0,171,0,0,2,0,0,0,0,0,0,0,0,4,0,0,0,0,0
0813 IC Six3 En2 Gaba_7,0,0,0,0,0,0,36,0,0,0,0,0,1,0,0,0,0,0,2,0,0,0,0,0
0814 PAG-MRN-RN Foxa2 Gaba_1,1,0,0,0,1,0,207,1,0,5,0,1,0,0,0,0,0,5,3,10,0,12,2,0
0815 PAG-MRN-RN Foxa2 Gaba_2,0,0,0,0,0,0,230,0,0,0,0,0,0,0,0,0,0,0,0,0,0,0,0,0
0816 PAG-MRN-RN Foxa2 Gaba_3,0,0,0,0,0,0,193,0,0,1,0,0,0,0,0,0,0,5,1,11,0,0,1,0
0817 PAG-MRN-RN Foxa2 Gaba_4,1,0,0,0,0,0,186,0,0,5,0,0,0,0,0,0,0,4,0,6,0,1,1,0
0818 PAG-ND-PCG Onecut1 Gaba_1,0,0,0,0,2,0,221,26,0,5,0,0,0,0,0,0,0,8,5,1,0,0,2,0
0819 PAG-ND-PCG Onecut1 Gaba_2,0,0,0,0,0,0,18,1,0,101,0,0,0,0,0,0,0,0,3,0,0,0,0,0
0820 PAG-ND-PCG Onecut1 Gaba_3,0,14,0,0,0,0,3,1,0,108,0,0,0,0,27,0,0,1,0,0,0,0,0,0
0821 PAG-ND-PCG Onecut1 Gaba_4,0,0,0,0,0,0,102,0,0,1,0,0,0,0,0,0,1,0,1,0,0,0,0,0
0822 PAG-ND-PCG Onecut1 Gaba_5,0,0,0,0,0,0,6,17,0,103,0,0,0,0,0,0,1,1,14,6,0,0,0,0
0823 PAG-RN Nkx2-2 Otx1 Gaba_1,0,0,0,0,0,0,222,0,0,1,0,0,0,0,0,0,0,1,6,2,0,0,2,0
0824 PAG-RN Nkx2-2 Otx1 Gaba_2,1,0,0,0,0,0,251,0,0,2,0,0,0,0,0,0,0,0,1,0,0,0,0,0
0825 PAG-RN Nkx2-2 Otx1 Gaba_3,16,26,0,0,0,0,404,0,0,9,0,1,0,0,0,0,0,2,2,2,0,0,0,0
0826 PAG-RN Nkx2-2 Otx1 Gaba_4,0,0,0,0,0,0,68,0,0,0,0,0,0,0,0,0,0,0,0,0,0,0,0,0
0827 PAG-RN Nkx2-2 Otx1 Gaba_5,0,0,0,0,0,0,72,0,0,1,0,0,0,0,0,0,0,0,0,0,0,0,0,0
0828 PAG-RN Nkx2-2 Otx1 Gaba_6,2,0,0,0,0,0,37,0,0,0,0,0,0,0,0,0,0,0,0,0,0,0,0,0
0829 PRT Tcf7l2 Gaba_1,0,0,0,0,8,0,772,0,0,5,0,0,11,0,0,0,0,0,14,0,0,0,0,0
0830 PRT Tcf7l2 Gaba_2,0,0,0,0,0,0,199,0,0,0,0,0,4,0,0,0,11,0,5,0,0,0,0,0
0831 PRT Tcf7l2 Gaba_3,0,0,0,5,1,0,982,0,0,0,0,0,52,6,0,0,20,0,5,0,0,0,0,0
0832 PRT Tcf7l2 Gaba_4,0,0,0,1,0,0,506,0,0,3,0,0,1,3,0,0,23,0,8,0,0,0,0,0
0833 PRT Tcf7l2 Gaba_5,0,0,0,0,0,0,210,0,0,0,0,0,1,0,0,0,0,0,0,0,0,0,0,0
0834 LGv-SPFp-SPFm Nkx2-2 Tcf7l2 Gaba_1,0,0,0,9,17,1,170,0,0,0,0,1,72,0,0,0,0,0,0,0,1,1,0,0
0835 LGv-SPFp-SPFm Nkx2-2 Tcf7l2 Gaba_2,0,0,0,41,3,0,25,0,1,0,0,0,133,0,0,0,22,0,5,0,57,9,28,0
0836 LGv-SPFp-SPFm Nkx2-2 Tcf7l2 Gaba_3,0,0,0,7,2,0,20,0,0,0,0,1,109,1,0,0,12,0,0,0,0,5,4,0
0837 LGv-SPFp-SPFm Nkx2-2 Tcf7l2 Gaba_4,0,0,0,3,1,0,9,0,0,0,0,0,108,0,0,2,4,0,0,0,10,4,2,0
0838 LGv-SPFp-SPFm Nkx2-2 Tcf7l2 Gaba_5,0,0,0,4,0,1,9,0,0,0,0,0,90,0,0,0,11,0,0,0,8,1,1,0
0839 LGv-SPFp-SPFm Nkx2-2 Tcf7l2 Gaba_6,0,0,0,0,20,0,15,0,0,0,0,0,44,0,0,0,0,0,0,0,0,0,0,0
0840 LGv-SPFp-SPFm Nkx2-2 Tcf7l2 Gaba_7,0,0,0,0,0,0,5,0,0,0,0,0,59,0,0,0,0,0,1,0,0,1,0,0
0841 SC Otx2 Gcnt4 Gaba_1,0,0,0,0,0,2,105,0,0,0,0,0,0,0,0,0,7,0,0,0,0,0,0,0
0842 SC Otx2 Gcnt4 Gaba_2,0,0,0,1,0,0,463,0,0,0,0,0,0,0,0,0,3,0,0,0,0,0,0,0
0843 SC-PAG Lef1 Emx2 Gaba_1,0,0,0,0,0,0,643,0,0,0,0,0,0,0,0,0,1,0,1,0,0,0,0,0
0844 SC-PAG Lef1 Emx2 Gaba_2,1,1,0,0,0,0,1113,0,0,0,0,0,1,0,0,0,0,0,14,0,0,0,0,0
0845 SC-PAG Lef1 Emx2 Gaba_3,0,0,0,0,0,0,140,0,0,0,0,0,0,0,0,0,2,0,2,0,0,0,0,0
0846 SC-PAG Lef1 Emx2 Gaba_4,0,3,0,0,0,0,1009,0,0,0,0,0,0,0,0,0,0,1,2,0,0,0,0,0
0847 SC-PAG Lef1 Emx2 Gaba_5,0,0,0,0,0,0,193,0,0,0,0,0,0,0,0,0,0,0,0,0,0,0,0,0
0848 SCm-PAG Cdh23 Gaba_1,3,1,0,0,0,0,218,0,0,0,0,0,0,0,0,0,1,0,4,0,0,0,0,0
0849 SCm-PAG Cdh23 Gaba_2,0,0,0,0,0,0,233,0,0,0,0,0,0,0,0,0,1,0,15,0,0,0,0,0
0850 SCm-PAG Cdh23 Gaba_3,5,0,0,0,0,0,190,0,0,1,0,0,0,1,0,0,2,0,12,0,0,0,0,0
0851 SCm-PAG Cdh23 Gaba_4,1,0,0,0,0,0,18,0,0,0,0,0,0,0,0,0,0,0,0,0,0,0,0,0
0852 SCs Dmbx1 Gaba_1,0,0,0,5,0,9,2284,0,0,0,0,0,0,0,0,0,4,0,0,0,0,0,0,0
0853 SCs Dmbx1 Gaba_2,0,0,0,3,0,9,1978,1,0,0,0,0,0,0,0,0,7,0,4,0,1,0,0,0
0854 SCs Dmbx1 Gaba_3,0,0,0,0,0,0,398,0,0,0,0,0,0,0,0,0,1,0,2,0,0,0,0,0
0855 SCs Dmbx1 Gaba_4,0,0,0,1,0,0,1300,0,0,0,0,0,0,0,0,0,8,0,18,0,0,0,0,0
0856 SCs Dmbx1 Gaba_5,0,0,0,0,0,0,87,0,0,0,0,0,0,0,0,0,0,0,0,0,0,0,0,0
0857 SC Lef1 Otx2 Gaba_1,0,0,0,0,0,15,1522,0,0,1,0,0,0,0,0,0,4,0,2,0,0,0,0,0
0858 SC Lef1 Otx2 Gaba_2,0,0,0,0,0,0,4,0,0,0,0,0,0,0,0,0,0,0,0,0,0,0,0,0
0859 SCs Pax7 Nfia Gaba_1,1,0,0,0,0,0,186,0,1,1,0,0,0,0,0,0,0,0,1,0,0,0,0,0
0860 SCs Pax7 Nfia Gaba_2,0,0,0,0,0,1,1326,0,0,0,0,0,0,0,0,0,2,0,0,0,0,0,0,0
0861 SCs Pax7 Nfia Gaba_3,0,0,0,0,0,0,857,0,0,0,0,0,0,0,0,0,0,0,1,0,0,0,0,0
0862 SCs Pax7 Nfia Gaba_4,0,0,0,0,0,0,48,0,0,0,0,0,0,0,0,0,0,0,0,0,0,0,0,0
0863 SCs Pax7 Nfia Gaba_5,0,0,0,0,0,0,55,0,0,0,0,0,0,0,0,0,1,0,1,0,0,0,0,0
0864 PRT Mecom Gaba_1,0,0,0,3,0,0,62,0,0,0,0,0,0,0,0,0,14,0,7,0,0,0,0,0
0865 PRT Mecom Gaba_2,0,0,0,0,0,0,17,0,0,0,0,0,0,0,0,0,0,0,0,0,0,0,0,0
0866 PRT Mecom Gaba_3,0,0,0,0,0,0,59,0,0,0,0,0,2,0,0,0,3,0,2,0,0,0,0,0
0867 SC Tnnt1 Gli3 Gaba_1,0,1,0,0,0,0,444,0,0,0,0,0,0,0,0,0,0,0,1,0,0,0,0,0
0868 SC Tnnt1 Gli3 Gaba_2,0,0,0,2,0,5,903,0,0,0,0,0,0,0,0,0,7,0,4,0,0,0,0,0
0869 SCs Lef1 Gli3 Gaba_1,0,0,0,0,0,0,344,2,0,0,1,0,0,0,0,0,0,0,0,0,0,0,0,0
0870 SCs Lef1 Gli3 Gaba_2,0,0,0,0,1,0,392,6,0,0,0,0,0,0,0,0,2,0,0,0,0,0,0,0
0871 SCs Lef1 Gli3 Gaba_3,0,0,0,0,0,0,163,3,0,1,0,0,0,0,0,0,0,0,0,0,0,0,0,0
0872 SCsg Gabrr2 Gaba_1,0,0,0,18,7,1,491,0,0,2,3,0,156,0,0,0,48,0,34,0,13,16,4,0
0873 SCsg Gabrr2 Gaba_2,0,1,0,5,0,8,1112,0,0,0,0,0,0,0,0,0,11,0,1,0,0,0,0,0
0874 SCsg Gabrr2 Gaba_3,0,0,0,2,1,8,875,0,0,0,0,0,1,0,0,0,4,0,0,0,0,0,0,0
0875 SCsg Gabrr2 Gaba_4,1,2,0,6,0,4,848,0,0,0,0,0,0,0,0,0,7,0,4,0,3,2,0,0
0876 SCsg Gabrr2 Gaba_5,0,1,0,1,0,0,252,0,0,0,0,0,0,0,0,0,5,0,0,0,0,0,0,0
0877 IPN Otp Crisp1 Gaba_1,0,0,0,0,0,0,190,0,0,6,0,0,0,0,0,0,0,0,0,0,0,0,0,0
0878 IPN Otp Crisp1 Gaba_2,0,0,0,0,3,0,615,0,0,45,0,0,0,0,0,0,37,0,0,0,0,0,0,0
0879 IPN Otp Crisp1 Gaba_3,0,0,0,0,0,0,8,0,0,0,0,0,0,0,0,0,0,0,0,0,0,0,0,0
0880 SNc-VTA-RAmb Foxa1 Dopa_1,1,0,0,0,30,0,368,0,0,1,0,0,0,2,0,0,0,8,4,44,0,0,7,0
0881 SNc-VTA-RAmb Foxa1 Dopa_2,0,0,0,0,0,0,240,0,0,8,0,0,0,0,0,0,3,8,11,29,0,2,8,0
0882 SNc-VTA-RAmb Foxa1 Dopa_3,0,0,0,0,7,0,450,0,0,14,0,0,0,0,0,0,0,2,24,12,0,13,2,0
0883 SNc-VTA-RAmb Foxa1 Dopa_4,73,0,0,0,5,0,395,0,0,4,0,0,0,1,0,0,0,18,1,8,0,0,0,0
0884 SNc-VTA-RAmb Foxa1 Dopa_5,1,0,0,0,3,0,219,0,0,1,0,0,0,0,0,0,0,8,7,18,0,0,0,0
0885 SNc-VTA-RAmb Foxa1 Dopa_6,0,0,0,0,10,0,160,0,0,6,0,0,0,0,0,0,0,0,17,5,0,0,7,0
0886 SNc-VTA-RAmb Foxa1 Dopa_7,0,0,0,0,1,0,38,0,0,6,0,0,0,0,0,0,0,1,2,2,0,0,0,0
0887 SNc-VTA-RAmb Foxa1 Dopa_8,0,0,0,0,8,0,108,1,0,0,0,0,1,0,0,0,0,0,3,14,0,0,3,0
0888 MB-MY Tph2 Glut-Sero_1,43,1,0,0,1,0,527,1,0,502,0,0,0,0,1,0,0,11,33,0,0,1,0,0
0889 MB-MY Tph2 Glut-Sero_2,5,2,0,0,2,0,142,15,0,370,0,0,0,0,12,0,1,6,2,0,0,0,0,0
0890 MB-MY Tph2 Glut-Sero_3,15,0,0,0,0,0,98,1,0,21,0,0,0,0,0,0,0,6,0,0,0,0,0,0
0891 MB-MY Tph2 Glut-Sero_4,2,0,0,0,0,0,135,325,0,426,0,0,0,0,0,0,0,14,96,27,0,6,0,0
0892 MB-MY Tph2 Glut-Sero_5,0,0,0,0,0,0,0,311,0,57,0,2,0,0,1,0,0,1,49,11,0,14,0,0
0893 MB-MY Tph2 Glut-Sero_6,0,4,0,0,0,0,10,0,0,141,0,0,0,0,3,0,0,0,0,0,0,0,0,0
0894 MB-MY Tph2 Glut-Sero_7,0,0,0,0,0,0,7,2,0,70,0,0,0,0,3,0,0,0,0,0,0,0,0,0
0895 PB Lmx1a Glut_1,0,11,0,0,0,0,16,5,0,352,0,0,0,0,1,0,4,76,0,0,0,0,0,0
0896 PB Lmx1a Glut_2,0,3,0,0,0,0,1,0,0,22,0,0,0,0,0,0,0,6,0,0,0,0,0,0
0897 PB Lmx1a Glut_3,0,45,0,0,0,0,8,1,0,170,0,0,0,0,2,0,3,40,4,0,0,0,0,0
0898 PB Lmx1a Glut_4,0,79,0,0,0,0,0,0,0,248,0,0,0,0,0,0,0,88,0,0,0,0,0,0
0899 PB Lmx1a Glut_5,0,5,0,0,0,0,1,3,0,162,0,0,0,0,0,0,0,49,1,1,0,0,0,0
0900 PB Lmx1a Glut_6,0,4,0,0,0,0,0,0,0,77,0,0,0,0,1,0,4,17,0,0,0,0,0,0
0901 PB Lmx1a Glut_7,0,0,0,0,0,0,1,1,0,38,0,0,0,0,0,0,0,3,0,1,0,0,0,0
0902 PSV Lmx1a Trpv6 Glut_1,0,2,0,0,0,0,1,9,1,74,0,0,0,0,0,0,0,6,3,0,0,0,0,0
0903 PB-SUT Tlx3 Lhx2 Glut_1,0,0,0,0,0,0,5,0,0,12,0,0,0,0,0,0,0,0,0,0,0,0,0,0
0904 PB Pax5 Glut_1,0,7,0,0,0,0,67,0,0,113,0,0,0,0,2,0,6,11,2,0,0,0,0,0
0905 PB Pax5 Glut_2,0,0,0,0,0,0,0,5,0,46,0,0,0,0,0,0,0,9,0,1,0,0,0,0
0906 LDT-PCG Vsx2 Lhx4 Glut_1,0,1,0,0,0,0,146,0,0,210,0,0,1,0,0,0,0,16,0,1,0,0,0,0
0907 LDT-PCG Vsx2 Lhx4 Glut_2,0,13,0,0,0,0,9,4,0,165,0,0,0,0,30,0,0,0,0,0,0,0,0,0
0908 LDT-PCG Vsx2 Lhx4 Glut_3,0,5,0,0,0,0,1,6,0,124,1,0,0,0,31,0,0,0,0,0,0,0,0,0
0909 LDT-PCG Vsx2 Lhx4 Glut_4,3,0,0,0,0,0,131,0,0,35,0,1,0,0,0,0,0,0,0,0,0,0,0,0
0910 LDT-PCG Vsx2 Lhx4 Glut_5,0,0,0,0,0,0,1,66,0,229,0,0,0,0,1,0,0,0,20,17,0,0,0,0
0911 LDT-PCG Vsx2 Lhx4 Glut_6,3,7,0,0,1,0,33,3,0,209,0,0,0,0,11,0,0,0,0,0,0,0,0,0
0912 LDT-PCG Vsx2 Lhx4 Glut_7,0,5,0,0,0,0,57,0,0,183,0,0,0,0,2,0,0,8,0,0,0,0,0,0
0913 LDT-PCG Vsx2 Lhx4 Glut_8,0,0,0,0,1,0,121,1,0,34,0,0,0,0,0,0,0,23,0,5,0,0,0,0
0914 PB Evx2 Glut_1,0,7,0,0,0,0,55,5,0,83,0,0,0,0,4,0,0,6,33,1,0,0,0,0
0915 PB Evx2 Glut_2,0,22,0,0,0,0,171,2,1,180,0,2,0,0,1,0,1,19,30,0,0,0,0,0
0916 PB Evx2 Glut_3,0,29,0,0,0,0,178,0,0,208,0,2,0,0,2,0,1,67,1,1,0,0,0,0
0917 PB Evx2 Glut_4,0,46,0,0,0,0,11,0,0,253,0,1,0,0,0,0,4,81,1,0,0,0,0,0
0918 PB Evx2 Glut_5,0,6,0,0,0,0,13,0,0,123,1,0,0,0,0,0,1,6,0,0,0,0,0,0
0919 PB Evx2 Glut_6,0,7,0,0,0,0,17,0,0,131,2,0,0,0,0,0,1,26,0,0,0,0,0,0
0920 PB Evx2 Glut_7,1,1,0,0,0,0,11,0,0,76,1,0,0,0,0,0,0,1,12,1,0,0,0,0
0921 PB Evx2 Glut_8,0,0,0,0,0,1,107,2,0,87,0,0,0,0,0,0,0,42,1,0,0,0,0,0
0922 PB Evx2 Glut_9,0,4,0,0,0,0,85,3,0,71,1,0,0,0,0,0,5,11,18,3,0,0,0,0
0923 B-PB Nr4a2 Glut_1,0,1,0,0,0,0,2,3,0,81,0,0,0,0,8,0,0,1,1,0,0,0,0,0
0924 B-PB Nr4a2 Glut_2,0,0,0,0,0,0,0,0,0,2,0,0,0,0,0,0,1,0,1,0,0,0,0,0
0925 PCG-PRNr Vsx2 Nkx6-1 Glut_1,0,0,0,0,0,0,2,0,0,81,0,0,0,0,0,0,0,0,0,14,0,0,0,0
0926 PCG-PRNr Vsx2 Nkx6-1 Glut_2,0,0,0,0,0,0,166,6,0,504,0,0,0,0,1,0,0,3,1,11,0,0,0,0
0927 PCG-PRNr Vsx2 Nkx6-1 Glut_3,0,12,0,0,0,0,16,0,0,146,0,0,0,0,5,0,0,1,0,1,0,0,0,0
0928 PCG-PRNr Vsx2 Nkx6-1 Glut_4,0,0,0,0,0,0,0,3,0,73,0,0,0,0,0,0,0,1,0,0,0,0,0,0
0929 PCG-PRNr Vsx2 Nkx6-1 Glut_5,0,0,0,0,0,0,0,61,0,21,1,0,0,0,0,0,0,0,3,2,0,0,0,0
0930 PCG-PRNr Vsx2 Nkx6-1 Glut_6,0,0,0,0,0,0,24,0,0,7,0,0,0,0,0,0,0,3,0,3,0,0,0,0
0931 PRNc-NI-SG-RPO Vsx2 Nr4a2 Glut_1,0,0,0,0,0,0,0,12,0,85,0,0,0,0,0,0,0,0,5,1,0,0,0,0
0932 PRNc-NI-SG-RPO Vsx2 Nr4a2 Glut_2,0,0,0,0,0,0,0,47,0,189,0,0,0,0,2,0,0,0,26,2,0,0,0,0
0933 PRNc-NI-SG-RPO Vsx2 Nr4a2 Glut_3,0,0,0,0,0,0,0,6,0,157,0,0,1,0,0,0,0,0,3,11,0,0,0,0
0934 PRNc-NI-SG-RPO Vsx2 Nr4a2 Glut_4,0,0,0,0,0,0,0,38,0,44,0,0,0,0,0,0,0,0,11,0,0,0,0,0
0935 PRNc-PARN Tlx1 Glut_1,0,0,0,0,4,0,0,6,0,47,0,0,0,0,0,0,0,0,1,0,0,0,0,0
0936 PRNc-PARN Tlx1 Glut_2,0,0,0,0,0,0,1,1,0,27,0,0,0,0,0,0,0,1,0,0,0,0,0,0
0937 PRNc-PARN Tlx1 Glut_3,0,0,0,0,1,0,0,12,0,0,0,0,0,0,0,0,0,0,0,0,0,0,0,0
0938 PB-PSV Phox2b Glut_1,0,1,0,0,0,0,0,15,0,55,0,0,0,0,0,0,0,13,0,1,0,0,0,0
0939 PSV Pvalb Lhx2 Glut_1,0,34,0,0,0,0,1,82,0,2808,0,0,0,0,0,0,0,107,300,13,0,0,0,0
0940 PSV Pvalb Lhx2 Glut_2,0,0,0,0,0,0,0,4,0,46,0,0,0,0,0,0,0,2,1,0,0,0,0,0
0941 PSV Pvalb Lhx2 Glut_3,0,0,0,0,0,0,0,4,0,110,0,0,0,0,0,0,0,1,21,0,0,0,0,0
0942 PSV Pvalb Lhx2 Glut_4,0,0,0,0,0,0,0,1,0,14,0,0,0,0,0,0,0,0,0,0,0,0,0,0
0943 PB-NTS Phox2b Ebf3 Lmx1b Glut_1,0,1,0,0,1,0,15,2,0,421,0,0,0,0,1,0,4,22,1,0,0,0,0,0
0944 PB-NTS Phox2b Ebf3 Lmx1b Glut_2,0,1,0,0,0,0,0,252,0,25,0,0,0,0,1,0,1,2,10,0,0,0,0,0
0945 PRNr Otp Nfib Glut_1,0,0,0,0,0,0,0,5,0,115,0,0,0,0,0,0,0,0,0,1,0,0,0,0
0946 IPN-LDT Vsx2 Nkx6-1 Glut_1,0,1,0,0,1,0,282,1,0,3,0,0,0,0,0,0,25,0,5,1,0,0,1,0
0947 IPN-LDT Vsx2 Nkx6-1 Glut_2,0,2,0,0,0,0,118,1,0,14,0,1,0,0,0,0,0,6,0,0,0,0,0,0
0948 LDT Vsx2 Nkx6-1 Nfib Glut_1,6,1,0,0,0,0,148,0,0,12,0,0,0,0,0,0,0,2,0,1,0,0,0,0
0949 LDT Vsx2 Nkx6-1 Nfib Glut_2,0,0,0,0,0,0,16,0,1,0,0,0,0,0,0,0,0,0,0,0,0,0,0,0
0950 NLL-SOC Spp1 Glut_1,0,0,0,0,0,0,0,19,0,287,0,0,0,0,1,0,0,3,11,5,0,0,0,0
0951 NLL-SOC Spp1 Glut_2,0,3,0,0,0,0,2,5,2,287,0,0,1,0,2,0,0,25,56,0,0,0,0,0
0952 MEV Ppp1r1c Glut_1,0,7,0,0,0,0,27,2,0,21,0,0,0,0,0,0,1,2,1,0,0,0,0,0
0953 PG-TRN-LRN Fat2 Glut_1,0,250,1,0,0,0,19,1687,0,10058,0,0,0,0,61,35,169,176,483,87,0,142,0,0
0954 IRN Vip Glut_1,0,0,0,0,0,0,0,42,0,1,0,0,0,0,0,0,0,0,1,0,0,0,0,0
0955 PRP-NI-PRNc-GRN Otp Glut_1,0,0,0,0,0,0,0,41,0,0,0,0,0,0,0,0,0,0,1,0,0,0,0,0
0956 PRP-NI-PRNc-GRN Otp Glut_2,0,1,0,0,0,0,1,163,0,183,0,0,0,0,0,0,0,0,16,4,0,0,0,0
0957 PRP-NI-PRNc-GRN Otp Glut_3,0,0,0,0,0,0,1,17,0,157,1,0,0,0,0,0,0,0,3,3,0,0,0,0
0958 PRP-NI-PRNc-GRN Otp Glut_4,0,0,0,0,0,0,1,13,0,144,0,0,0,0,0,0,0,0,4,2,0,0,0,0
0959 NTS Phox2b Glut_1,0,1,0,0,0,0,1,438,0,1,0,0,0,0,0,0,1,0,1,0,0,0,0,0
0960 NTS Phox2b Glut_2,0,0,0,0,0,0,0,155,0,0,0,0,0,0,0,0,2,0,1,1,0,0,0,0
0961 NTS Phox2b Glut_3,0,0,0,0,0,0,0,164,0,0,0,0,0,0,0,0,10,0,0,0,0,0,0,0
0962 NTS Phox2b Glut_4,0,0,0,0,0,0,0,139,0,0,0,0,0,0,2,0,14,0,0,0,0,0,0,0
0963 NTS Phox2b Glut_5,0,0,0,0,0,0,0,260,0,0,0,0,0,0,0,0,5,0,2,0,0,0,0,0
0964 NTS Phox2b Glut_6,0,0,0,0,0,0,0,180,0,1,0,0,0,0,0,0,2,0,0,0,0,0,0,0
0965 NTS Phox2b Glut_7,0,0,0,0,0,0,0,178,0,0,0,0,0,0,0,0,0,0,1,0,0,0,0,0
0966 NTS Phox2b Glut_8,0,0,0,0,0,0,0,63,0,1,0,0,0,0,1,0,1,0,0,0,0,0,0,0
0967 NTS Phox2b Glut_9,0,0,0,0,0,0,0,185,0,21,0,0,0,0,0,0,0,1,4,0,0,0,0,0
0968 NTS Phox2b Glut_10,0,0,0,0,0,0,1,178,0,8,0,0,0,0,0,0,0,0,5,0,0,0,0,0
0969 MARN-GRN Pyy Glut_1,0,0,0,0,0,0,0,44,0,0,0,0,0,0,0,0,0,0,0,4,0,2,0,0
0970 MDRNv Lhx4 Qrfprl Glut_1,0,0,0,0,0,0,0,11,0,0,0,0,0,0,0,0,0,0,0,0,0,0,0,0
0971 NTS Mbnl3 Glut_1,0,0,0,0,0,0,0,34,0,0,0,0,0,0,0,0,0,0,0,0,0,0,0,0
0972 PGRNd Dmbx1 Glut_1,0,0,0,0,0,0,0,120,0,1,0,0,0,0,0,0,0,0,5,0,0,0,0,0
0973 PGRN-PARN-MDRN Hoxb5 Glut_1,0,0,0,0,0,0,1,510,0,2,0,0,0,0,0,0,0,0,4,1,0,0,0,0
0974 PGRN-PARN-MDRN Hoxb5 Glut_2,0,0,0,0,0,0,10,315,0,11,0,0,0,0,0,0,0,0,0,5,0,0,0,0
0975 PGRN-PARN-MDRN Hoxb5 Glut_3,0,0,0,0,0,0,0,162,0,48,0,0,0,0,0,0,0,0,2,4,0,0,0,0
0976 PGRN-PARN-MDRN Hoxb5 Glut_4,0,0,0,0,0,0,0,235,0,2,0,0,0,0,0,0,0,0,0,0,0,0,0,0
0977 PGRN-PARN-MDRN Hoxb5 Glut_5,0,2,0,0,0,0,0,287,0,5,0,0,0,0,0,0,0,7,9,7,0,0,0,0
0978 PGRN-PARN-MDRN Hoxb5 Glut_6,0,0,0,0,0,0,0,104,0,15,0,0,0,0,0,0,0,4,5,1,0,0,0,0
0979 PGRN-PARN-MDRN Hoxb5 Glut_7,0,0,0,0,1,0,0,435,0,57,0,0,0,0,0,0,0,2,6,12,0,0,0,0
0980 MV-SPIV Slc6a2 Glut_1,0,22,0,0,0,0,0,128,0,0,0,0,0,0,9,0,3,0,0,0,0,0,0,0
0981 SPVI-SPVC Tlx3 Ebf3 Glut_1,0,20,0,0,0,0,0,154,0,1,0,0,0,0,1,0,28,3,8,5,0,0,0,0
0982 SPVI-SPVC Tlx3 Ebf3 Glut_2,0,1,0,0,0,0,0,165,0,0,0,0,0,0,1,0,0,0,7,0,0,0,0,0
0983 SPVI-SPVC Tlx3 Ebf3 Glut_3,0,8,0,0,1,0,0,121,0,0,0,0,0,0,0,0,1,10,13,14,0,0,0,0
0984 SPVI-SPVC Tlx3 Ebf3 Glut_4,0,5,0,0,0,0,0,381,0,0,0,0,0,0,0,0,2,3,17,0,0,0,0,0
0985 SPVI-SPVC Tlx3 Ebf3 Glut_5,0,0,0,0,0,0,0,59,0,0,0,0,0,0,0,0,0,0,0,0,0,0,0,0
0986 SPVI-SPVC Tlx3 Ebf3 Glut_6,0,5,0,0,0,0,0,98,0,0,0,0,0,0,0,0,1,7,9,10,0,0,0,0
0987 SPVI-SPVC Tlx3 Ebf3 Glut_7,0,18,0,0,0,0,0,148,0,0,0,0,0,0,7,3,14,3,12,1,0,0,0,0
0988 CU-ECU-SPVI Foxb1 Glut_1,0,54,0,0,1,0,2,436,0,7,0,0,0,0,2,0,17,7,25,0,0,0,0,0
0989 CU-ECU-SPVI Foxb1 Glut_2,0,67,0,0,0,0,2,356,1,2,0,0,0,0,0,0,35,11,17,0,0,0,0,0
0990 CU-ECU-SPVI Foxb1 Glut_3,0,0,0,0,0,0,0,33,0,0,0,0,0,0,0,0,1,0,0,0,0,0,0,0
0991 CU-ECU-SPVI Foxb1 Glut_4,0,0,0,0,0,0,0,11,0,0,0,0,0,0,0,0,0,0,0,0,0,0,0,0
0992 MV-SPIV Phox2b Ebf3 Lbx1 Glut_1,0,0,0,0,0,0,0,251,0,27,0,0,0,0,0,0,0,1,3,0,0,0,0,0
0993 MV-SPIV Phox2b Ebf3 Lbx1 Glut_2,0,0,0,0,0,0,0,15,0,24,0,0,0,0,0,0,0,1,1,0,0,0,0,0
0994 MV-SPIV Phox2b Ebf3 Lbx1 Glut_3,0,0,0,0,0,0,0,37,0,7,0,0,0,0,1,0,0,0,1,0,0,0,0,0
0995 MV-SPIV Phox2b Ebf3 Lbx1 Glut_4,0,0,0,0,0,0,0,19,0,0,0,0,0,0,0,0,0,0,2,0,0,0,0,0
0996 MV-SPIV Phox2b Ebf3 Lbx1 Glut_5,0,0,0,0,0,0,0,44,0,0,0,0,0,0,0,0,0,0,0,0,0,0,0,0
0997 MV-SPIV Zic4 Neurod2 Glut_1,0,9,0,0,0,0,0,117,0,0,0,0,0,0,0,1,0,0,0,0,0,0,0,0
0998 MV-SPIV Zic4 Neurod2 Glut_2,0,3,0,0,0,0,0,46,0,0,0,0,0,0,1,0,0,0,0,0,0,0,0,0
0999 MV-SPIV Zic4 Neurod2 Glut_3,0,9,0,0,0,0,0,199,0,5,0,0,0,0,7,5,0,0,2,0,0,0,0,0
1000 MV-SPIV Zic4 Neurod2 Glut_4,0,0,0,0,0,0,0,64,0,1,0,1,0,0,2,1,0,0,0,1,0,0,0,0
1001 MV-SPIV Zic4 Neurod2 Glut_5,0,0,0,0,0,0,0,11,0,0,0,0,0,0,0,0,0,1,0,0,0,0,0,0
1002 NTS Aldh1a2 Glut_1,0,0,0,0,0,0,0,31,0,0,0,0,0,0,1,0,0,0,0,0,0,0,0,0
1003 CBN Neurod2 Pvalb Glut_1,0,365,0,0,0,0,3,73,0,17,0,0,0,0,4,2,0,174,1,0,0,0,0,0
1004 NTS Dbh Glut_1,0,42,0,0,0,0,0,36,0,0,0,0,0,0,40,0,7,0,0,0,0,0,0,0
1005 NTS Dbh Glut_2,0,0,0,0,1,0,1,281,0,3,0,0,0,0,4,1,1,0,1,1,0,0,0,0
1006 NTS Dbh Glut_3,0,6,0,0,0,0,0,80,0,2,0,0,0,0,16,8,15,0,0,0,0,0,0,0
1007 NTS Dbh Glut_4,0,4,0,0,0,0,3,102,0,477,0,0,0,0,19,0,3,18,4,4,0,0,0,0
1008 NTS Dbh Glut_5,0,1,0,0,0,0,0,5,0,0,0,0,0,0,2,0,2,0,0,1,0,0,0,0
1009 NTS Dbh Glut_6,0,0,0,0,0,0,0,26,0,0,0,0,0,0,0,0,1,0,0,0,0,0,0,0
1010 DMX VII Tbx20 Chol_1,0,0,0,0,0,0,0,428,0,5,0,0,0,0,0,0,1,0,4,3,0,1,0,0
1011 DMX VII Tbx20 Chol_2,0,0,0,0,0,0,0,4,0,48,0,0,0,0,0,0,0,1,3,6,0,0,0,0
1012 IO Fgl2 Glut_1,0,0,0,0,0,0,0,2134,0,0,0,0,0,0,0,0,0,0,32,89,0,180,0,0
1013 VCO Mafa Meis2 Glut_1,0,171,0,0,0,0,0,402,4,10,0,0,0,0,27,16,0,65,39,0,0,0,0,0
1014 VCO Mafa Meis2 Glut_2,0,167,0,0,0,0,0,433,0,6,0,0,0,0,45,11,2,26,42,1,0,0,0,0
1015 VCO Mafa Meis2 Glut_3,0,247,0,0,0,0,0,567,2,22,0,0,0,0,36,4,0,86,44,0,0,0,0,0
1016 VCO Mafa Meis2 Glut_4,0,24,0,0,0,0,0,94,0,7,0,0,1,0,11,0,0,16,0,0,0,0,0,0
1017 SPVO Mafa Meis2 Glut_1,0,0,0,0,0,0,0,246,0,61,0,0,0,0,0,0,0,1,30,0,0,0,0,0
1018 SPVC Mafa Glut_1,0,2,0,0,0,0,0,106,0,0,0,5,0,0,0,0,0,3,6,8,0,0,0,0
1019 SPVC Mafa Glut_2,0,12,0,0,0,1,5,945,3,0,1,28,3,0,0,0,19,0,35,7,0,0,1,0
1020 SPVC Ccdc172 Glut_1,0,31,0,0,0,0,0,159,1,0,0,9,0,0,0,0,6,21,26,10,0,0,0,0
1021 SPVC Nmu Glut_1,0,3,0,0,0,0,1,71,0,0,0,2,0,0,0,0,2,3,5,9,0,0,0,0
1022 SPVC Nmu Glut_2,0,5,0,0,0,0,0,54,0,0,0,1,0,0,0,0,3,0,0,1,0,0,0,0
1023 MDRNd Bves Glut_1,0,0,0,0,0,0,2,42,0,0,0,0,0,0,0,0,0,0,0,0,0,0,0,0
1024 MDRNv Crp Glut_1,0,0,0,0,0,0,0,27,1,0,0,0,0,0,0,0,0,0,2,0,0,0,0,0
1025 HB Calcb Chol_1,0,0,0,0,0,0,1,4,0,42,0,0,0,0,0,0,0,0,1,0,0,1,0,0
1026 HB Calcb Chol_2,0,0,0,0,0,0,92,22,2,5,0,0,0,0,0,0,0,0,39,0,0,0,2,0
1027 HB Calcb Chol_3,0,0,0,0,0,0,2,33,0,92,0,0,0,0,0,0,0,0,0,0,0,2,0,0
1028 HB Calcb Chol_4,0,0,0,0,0,0,5,493,0,96,0,0,0,0,0,0,0,0,4,3,0,0,0,0
1029 HB Calcb Chol_5,0,0,0,0,0,0,0,118,0,6,0,0,0,0,0,0,0,0,1,0,0,0,0,0
1030 Pineal Crx Glut_1,0,7,0,0,0,40,66,0,0,0,0,0,1,124,0,3,300,0,1,0,0,0,3,0
1031 CS-RPO Meis2 Gaba_1,0,0,0,0,0,0,11,3,0,268,1,0,0,0,0,0,0,1,2,6,0,0,0,0
1032 CS-RPO Meis2 Gaba_2,0,0,0,0,0,0,25,0,0,169,0,0,0,0,0,0,0,0,0,13,0,0,0,0
1033 CS-RPO Meis2 Gaba_3,0,1,0,0,1,0,28,8,0,187,0,0,0,0,6,0,0,0,3,3,0,0,0,0
1034 CS-RPO Meis2 Gaba_4,0,0,0,0,0,0,17,3,0,178,1,0,0,0,3,0,0,1,0,3,0,0,0,0
1035 CS-RPO Meis2 Gaba_5,0,0,0,0,0,0,1,10,0,149,0,0,0,0,2,0,0,0,9,14,0,0,0,0
1036 PRNc Otp Gly-Gaba_1,0,0,0,0,0,0,1,29,0,207,0,0,0,0,0,0,0,0,7,7,0,0,0,0
1037 PRNc Otp Gly-Gaba_2,0,0,0,0,0,0,2,14,0,177,0,0,0,0,0,0,0,0,8,15,0,0,0,0
1038 PRNc Otp Gly-Gaba_3,0,0,0,0,1,0,0,29,0,197,0,0,0,0,0,0,0,0,4,35,0,0,0,0
1039 PRNc Otp Gly-Gaba_4,0,0,0,0,0,0,1,40,0,199,0,0,0,0,1,0,1,0,7,4,0,0,0,0
1040 PRNc Otp Gly-Gaba_5,0,0,0,0,0,0,2,0,0,182,0,0,0,0,0,0,0,0,0,2,0,0,0,0
1041 PB Sst Gly-Gaba_1,2,12,0,0,0,0,7,0,0,78,0,0,0,0,2,0,3,10,0,0,0,0,0,0
1042 PB Sst Gly-Gaba_2,0,0,0,0,0,0,0,9,0,36,0,0,0,0,0,0,0,1,16,2,0,0,0,0
1043 PRNc Prox1 Brs3 Gly-Gaba_1,0,0,0,0,0,0,0,38,0,78,0,0,0,0,0,0,0,0,5,2,0,0,0,0
1044 CS-PRNr-PCG Tmem163 Otp Gaba_1,0,2,0,0,0,0,64,2,0,405,0,0,0,0,0,0,0,3,1,7,0,0,0,0
1045 CS-PRNr-PCG Tmem163 Otp Gaba_2,0,0,0,0,0,0,25,0,0,78,0,0,0,0,0,0,0,2,0,2,0,0,0,0
1046 CS-PRNr-PCG Tmem163 Otp Gaba_3,0,0,0,0,0,0,0,0,0,2,0,0,0,0,3,0,0,0,0,0,0,0,0,0
1047 CS-PRNr-DR En1 Sox2 Gaba_1,1,1,0,0,0,0,174,0,0,107,0,0,0,0,0,0,0,17,4,6,0,0,1,0
1048 CS-PRNr-DR En1 Sox2 Gaba_2,0,0,0,0,0,0,305,0,0,287,0,0,0,0,0,0,0,22,3,24,0,1,0,0
1049 LDT Fgf7 Gaba_1,2,27,0,0,0,0,29,0,0,48,0,0,0,0,4,0,0,0,0,0,0,0,0,0
1050 LDT-DTN Gata3 Nfix Gaba_1,0,0,0,0,0,0,121,0,0,148,0,0,0,0,2,0,0,0,6,0,0,0,0,0
1051 LDT-DTN Gata3 Nfix Gaba_2,0,0,0,0,0,0,19,0,0,117,0,0,0,0,1,0,0,0,0,0,0,0,0,0
1052 NI-RPO Gata3 Nr4a2 Gaba_1,0,0,0,0,0,0,6,7,0,108,0,0,0,0,7,0,0,0,5,3,0,0,0,0
1053 NI-RPO Gata3 Nr4a2 Gaba_2,0,0,0,0,0,0,1,18,0,99,0,0,0,0,14,0,0,0,2,0,0,0,0,0
1054 NI-RPO Gata3 Nr4a2 Gaba_3,0,0,0,0,0,0,2,0,0,7,0,0,0,0,0,0,0,0,0,0,0,0,0,0
1055 NI-RPO Gata3 Nr4a2 Gaba_4,0,0,0,0,0,0,7,9,0,97,0,0,0,0,6,0,0,0,4,2,0,0,0,0
1056 LDT-PCG-CS Gata3 Lhx1 Gaba_1,0,3,0,0,0,0,53,0,0,137,0,0,0,0,0,0,0,1,0,0,0,0,0,0
1057 LDT-PCG-CS Gata3 Lhx1 Gaba_2,0,0,0,0,0,0,8,0,0,60,0,0,0,0,3,0,0,0,0,0,0,0,0,0
1058 LDT-PCG-CS Gata3 Lhx1 Gaba_3,0,0,0,0,1,0,72,0,0,118,0,0,0,0,0,0,2,2,1,1,0,0,0,0
1059 LDT-PCG-CS Gata3 Lhx1 Gaba_4,0,0,0,0,0,0,19,0,0,46,0,0,0,0,0,0,0,3,1,0,0,0,0,0
1060 LDT-PCG-CS Gata3 Lhx1 Gaba_5,0,0,0,0,0,0,4,0,0,37,0,0,0,0,0,0,0,0,0,0,0,0,0,0
1061 PDTg-PCG Pax6 Gaba_1,1,16,0,0,0,0,8,3,0,80,0,1,0,0,5,0,0,0,1,0,0,0,0,0
1062 PDTg-PCG Pax6 Gaba_2,0,0,0,0,0,0,87,1,0,87,0,0,0,0,0,0,0,0,1,2,0,0,0,0
1063 PDTg-PCG Pax6 Gaba_3,0,0,0,0,0,0,4,26,0,177,1,0,0,0,17,0,0,1,0,0,0,0,0,0
1064 PDTg-PCG Pax6 Gaba_4,0,0,0,0,0,0,2,4,0,51,0,0,0,0,10,0,0,0,0,0,0,0,0,0
1065 PDTg Otp Shroom3 Gaba_1,0,4,0,0,0,0,0,1,0,50,0,0,0,0,13,0,0,0,0,0,0,0,0,0
1066 PDTg Otp Olig3 Gaba_1,0,1,0,0,0,0,2,7,0,107,0,0,1,0,62,0,0,0,0,0,0,0,0,0
1067 LDT-PCG St18 Gaba_1,0,2,0,0,0,0,47,5,0,223,0,0,0,0,10,0,0,0,0,0,0,0,0,0
1068 LDT-PCG St18 Gaba_2,0,0,0,0,0,0,3,0,0,19,0,0,0,0,0,0,0,1,0,0,0,0,0,0
1069 DTN-LDT-IPN Otp Pax3 Gaba_1,0,7,0,0,0,0,12,2,0,62,0,1,0,0,6,0,0,0,2,0,1,0,0,0
1070 DTN-LDT-IPN Otp Pax3 Gaba_2,0,1,0,0,0,0,208,0,0,154,0,0,0,0,0,0,0,0,0,0,0,0,0,0
1071 DTN-LDT-IPN Otp Pax3 Gaba_3,0,0,0,0,1,0,458,1,0,331,3,1,0,0,3,0,45,0,9,0,0,0,0,0
1072 DTN-LDT-IPN Otp Pax3 Gaba_4,0,64,0,0,0,0,61,0,0,620,1,0,0,0,39,0,0,1,0,0,0,0,0,0
1073 DTN-LDT-IPN Otp Pax3 Gaba_5,0,0,0,0,17,0,513,0,0,7,0,0,0,0,0,0,46,0,0,0,0,0,0,0
1074 NLL Gata3 Gly-Gaba_1,0,1,0,0,0,0,45,15,0,701,1,0,0,0,0,0,0,6,99,39,0,1,0,0
1075 NLL Gata3 Gly-Gaba_2,0,0,0,0,0,0,2,3,0,115,0,0,0,0,0,0,0,4,17,6,0,0,0,0
1076 NLL Gata3 Gly-Gaba_3,0,0,0,0,0,0,0,102,0,214,0,1,0,0,0,0,0,0,30,5,0,0,0,0
1077 NLL Gata3 Gly-Gaba_4,0,0,0,0,0,0,1,0,0,129,0,0,0,0,0,0,0,2,17,1,0,0,0,0
1078 PSV Pax2 Gly-Gaba_1,0,0,0,0,0,0,0,2,0,7,0,0,0,0,0,0,0,0,6,0,0,0,0,0
1079 PSV Pax2 Gly-Gaba_2,0,0,0,0,0,0,0,1,0,40,0,0,0,0,0,0,0,2,0,0,0,0,0,0
1080 NLL-po Pax7 Gaba_1,0,0,0,0,0,0,1,0,0,15,0,0,0,0,0,0,0,0,16,0,0,0,0,0
1081 POR Gata3 Gly-Gaba_1,0,0,0,0,0,0,0,22,1,284,0,0,0,0,0,0,0,1,26,0,0,0,0,0
1082 POR Spp1 Gly-Gaba_1,0,1,0,0,0,0,0,7,0,46,0,0,0,0,0,0,0,3,3,8,0,0,0,0
1083 PRP Otp Gly-Gaba_1,0,0,0,0,0,0,0,170,0,16,0,0,0,0,0,0,0,0,0,2,0,1,0,0
1084 PRP Otp Gly-Gaba_2,0,0,0,0,0,0,0,52,0,0,0,0,0,0,0,0,0,0,4,0,0,0,0,0
1085 PRP Otp Gly-Gaba_3,0,0,0,0,0,0,0,245,0,28,0,0,0,0,1,0,0,0,0,0,0,0,0,0
1086 PRP Otp Gly-Gaba_4,0,0,0,0,0,0,0,159,0,57,0,0,0,0,2,0,0,0,8,1,0,0,0,0
1087 PRP Otp Gly-Gaba_5,0,0,0,0,0,0,0,131,0,0,0,0,0,0,1,0,0,0,3,2,0,0,0,0
1088 GRN-IRN-MDRNd Ikzf1 Gly-Gaba_1,0,0,0,0,0,0,0,44,0,1,0,0,0,0,0,0,0,0,0,0,0,0,0,0
1089 MY Lhx1 Gly-Gaba_1,0,0,0,0,0,0,2,731,0,463,0,0,0,0,0,0,0,1,28,15,0,4,0,0
1090 MY Lhx1 Gly-Gaba_2,0,0,0,0,0,0,0,404,0,22,0,0,0,0,0,0,0,0,2,2,0,0,0,0
1091 MY Lhx1 Gly-Gaba_3,0,3,0,0,0,0,4,73,0,235,0,0,0,0,0,0,0,7,34,6,0,0,0,0
1092 MY Lhx1 Gly-Gaba_4,0,0,0,0,0,0,0,118,0,0,0,0,0,0,0,0,0,0,0,0,0,0,0,0
1093 MY Lhx1 Gly-Gaba_5,0,0,0,0,0,0,0,324,0,3,0,0,0,0,0,0,0,0,2,0,0,0,0,0
1094 MY Lhx1 Gly-Gaba_6,0,0,0,0,0,0,0,43,0,2,0,0,0,0,0,0,0,0,0,0,0,0,0,0
1095 MY Lhx1 Gly-Gaba_7,0,0,0,0,0,0,0,11,0,48,0,0,0,0,0,0,1,0,6,1,0,0,0,0
1096 MY Lhx1 Gly-Gaba_8,0,3,0,0,0,0,0,14,0,19,0,0,0,0,0,0,0,4,1,0,0,0,0,0
1097 MY Lhx1 Gly-Gaba_9,0,0,0,0,0,0,0,447,0,7,0,0,0,0,0,0,0,0,1,5,0,0,0,0
1098 PPY-PGRNl Vip Glyc-Gaba_1,0,1,0,0,0,0,0,297,0,1,0,0,0,0,0,0,0,0,9,8,0,1,0,0
1099 MV-SPIV-PRP Dmbx1 Gly-Gaba_1,0,18,0,0,0,0,1,370,0,3,0,0,0,0,13,3,0,14,0,0,0,0,0,0
1100 MV-SPIV-PRP Dmbx1 Gly-Gaba_2,0,0,0,0,0,0,0,93,0,9,0,0,0,0,12,0,0,0,3,0,0,0,0,0
1101 MV-SPIV-PRP Dmbx1 Gly-Gaba_3,0,10,0,0,0,0,0,3,0,57,0,0,0,0,1,0,0,30,0,0,0,0,0,0
1102 MDRN Hoxb5 Ebf2 Gly-Gaba_1,0,0,0,0,0,0,1,223,0,0,0,0,0,0,0,0,1,0,4,4,0,0,0,0
1103 MDRNd Prox1 Pax6 Gly-Gaba_1,0,0,0,0,0,0,0,28,2,4,0,0,0,0,0,0,0,0,0,0,0,0,0,0
1104 MY Prox1 Lmo7 Gly-Gaba_1,0,1,0,0,0,0,0,150,0,28,0,0,0,0,0,2,0,4,3,1,0,0,0,0
1105 NTS-MDRNd Prox1 Zic1 Gly-Gaba_1,0,12,0,0,0,0,1,94,0,8,0,0,1,0,9,6,6,2,4,0,0,0,0,0
1106 NTS-MDRNd Prox1 Zic1 Gly-Gaba_2,0,0,0,0,0,0,0,51,0,0,0,0,0,0,0,0,0,0,0,0,0,0,0,0
1107 MV Nkx6-1 Gly-Gaba_1,0,3,0,0,0,0,0,236,0,12,0,0,0,0,25,10,0,0,0,0,0,0,0,0
1108 MV Nkx6-1 Gly-Gaba_2,0,3,0,0,0,0,0,229,0,1,0,0,0,0,3,0,0,1,3,0,0,0,0,0
1109 PAS-MV Ebf2 Gly-Gaba_1,0,29,0,0,0,0,0,253,0,1,0,0,0,0,23,8,0,3,3,0,0,0,0,0
1110 PAS-MV Ebf2 Gly-Gaba_2,0,62,0,0,0,0,0,627,0,3,0,0,0,0,38,9,69,0,6,0,0,0,0,0
1111 PAS-MV Ebf2 Gly-Gaba_3,0,10,0,0,0,0,0,114,0,0,0,0,0,0,9,3,2,1,1,0,0,0,0,0
1112 PAS-MV Ebf2 Gly-Gaba_4,0,0,0,0,0,0,0,4,0,0,0,0,0,0,0,0,0,0,0,0,0,0,0,0
1113 MV Pax6 Gly-Gaba_1,0,3,0,0,0,0,0,86,0,29,0,0,0,0,1,1,0,2,0,0,0,0,0,0
1114 MV Pax6 Gly-Gaba_2,0,3,0,0,0,0,0,129,0,22,0,0,0,0,1,0,0,1,0,0,0,0,0,0
1115 CBN Dmbx1 Gaba_1,0,1085,0,0,2,0,6,67,0,16,0,0,0,0,8,1,0,473,0,0,0,1,0,0
1116 RPA Pax6 Hoxb5 Gly-Gaba_1,0,0,0,0,0,0,0,393,0,16,0,0,0,0,0,0,0,0,26,4,0,21,0,0
1117 CU-ECU Pax2 Gly-Gaba_1,0,5,0,0,0,0,0,11,0,0,0,0,0,0,0,0,1,2,4,0,0,0,0,0
1118 PRP Gata3 Slc6a5 Gly-Gaba_1,0,1,0,0,0,0,0,125,0,10,0,0,0,0,3,0,0,0,0,0,0,0,0,0
1119 MARN-PPY Ngfr Gly-Gaba_1,0,0,0,0,0,0,0,133,0,22,0,0,0,0,0,0,0,0,0,2,0,2,0,0
1120 PARN-MDRNd-NTS Gbx2 Gly-Gaba_1,0,0,0,0,0,0,0,68,0,0,0,0,0,0,0,0,0,0,0,0,0,0,0,0
1121 PARN-MDRNd-NTS Gbx2 Gly-Gaba_2,0,0,0,0,0,0,0,297,0,0,0,0,0,0,0,0,0,0,0,0,0,0,0,0
1122 PARN-MDRNd-NTS Gbx2 Gly-Gaba_3,0,1,0,0,0,0,0,232,0,0,0,0,0,0,0,0,3,1,1,0,0,0,0,0
1123 PARN-MDRNd-NTS Gbx2 Gly-Gaba_4,0,8,0,0,0,0,0,180,0,0,0,0,0,0,0,0,4,0,1,0,0,0,0,0
1124 PARN-MDRNd-NTS Gbx2 Gly-Gaba_5,0,10,0,0,0,0,0,34,0,0,0,0,0,0,0,0,1,6,0,2,0,0,0,0
1125 PARN-MDRNd-NTS Gbx2 Gly-Gaba_6,0,0,0,0,0,0,0,103,0,1,0,0,0,0,0,0,0,0,1,0,0,0,0,0
1126 PARN-MDRNd-NTS Gbx2 Gly-Gaba_7,0,0,0,0,0,0,0,180,0,0,0,0,0,0,0,1,2,0,0,0,0,0,0,0
1127 MV Nr4a2 Gly-Gaba_1,0,0,0,0,0,0,0,3,0,7,0,0,0,0,0,0,0,0,0,0,0,0,0,0
1128 MV Xdh Gly-Gaba_1,0,0,0,0,0,0,0,11,0,51,0,0,0,0,0,0,0,0,0,0,0,0,0,0
1129 IRN Dmbx1 Pax2 Gly-Gaba_1,0,0,0,0,0,0,0,395,0,1,0,0,0,0,0,0,0,0,0,0,0,0,0,0
1130 NTS-PARN Neurod2 Gly-Gaba_1,0,25,0,0,0,0,0,69,0,0,0,0,0,0,48,0,17,0,0,0,0,0,0,0
1131 NTS-PARN Neurod2 Gly-Gaba_2,0,0,0,0,0,0,0,106,0,0,0,0,0,0,1,0,0,0,1,0,0,0,0,0
1132 NTS-PARN Neurod2 Gly-Gaba_3,0,0,0,0,0,0,0,148,0,14,0,0,0,0,0,0,0,3,4,2,0,0,0,0
1133 NTS-PARN Neurod2 Gly-Gaba_4,0,0,0,0,0,0,1,244,0,0,0,0,0,0,1,0,10,0,0,0,0,0,0,0
1134 NTS-PARN Neurod2 Gly-Gaba_5,0,3,0,0,0,0,1,100,0,0,0,0,0,0,19,3,12,0,0,0,0,0,0,0
1135 NTS-PARN Neurod2 Gly-Gaba_6,0,1,0,0,0,0,0,270,0,0,0,0,0,0,0,1,0,0,0,0,0,0,0,0
1136 SPVI-SPVC Sall3 Nfib Gly-Gaba_1,0,7,0,0,0,0,0,134,0,1,0,0,0,0,1,2,5,9,17,5,0,0,0,0
1137 SPVI-SPVC Sall3 Nfib Gly-Gaba_2,0,18,0,0,0,0,0,451,0,0,0,0,0,0,0,0,15,3,11,1,0,0,0,0
1138 SPVI-SPVC Sall3 Lhx1 Gly-Gaba_1,0,11,0,0,0,0,1,501,0,0,0,0,0,0,0,0,12,4,25,2,0,0,0,0
1139 SPVI-SPVC Sall3 Lhx1 Gly-Gaba_2,0,33,0,0,0,0,0,445,0,0,0,0,0,0,0,0,16,6,19,3,0,0,0,0
1140 RO-RPA Pkd2l1 Gaba_1,0,0,0,0,0,0,0,17,0,1,0,0,0,0,0,0,0,0,2,0,0,0,0,0
1141 DCO Il22 Gly-Gaba_1,0,85,0,0,0,0,0,97,0,2,0,0,0,0,24,11,0,34,0,0,0,0,0,0
1142 DCO Il22 Gly-Gaba_2,0,86,0,0,0,0,0,261,0,0,0,0,0,0,43,1,0,60,0,0,0,0,0,0
1143 DCO Il22 Gly-Gaba_3,0,112,0,0,0,0,0,330,0,0,0,0,0,0,39,6,0,80,5,0,0,0,0,0
1144 CB PLI Gly-Gaba_1,5,2284,0,0,0,0,10,54,0,2,0,0,0,0,12,6,5,296,2,0,0,0,0,0
1145 CB PLI Gly-Gaba_2,0,83,0,0,0,0,0,0,0,0,0,0,0,0,0,0,0,23,0,0,0,0,0,0
1146 CB PLI Gly-Gaba_3,0,70,0,0,0,0,0,1,0,2,0,0,0,0,1,0,0,28,0,0,0,0,0,0
1147 CB PLI Gly-Gaba_4,0,11,0,0,0,0,0,1,0,0,0,0,0,0,0,0,0,4,0,0,0,0,0,0
1148 CBX Golgi Gly-Gaba_1,2,743,0,0,0,0,1,27,0,6,0,0,0,0,4,4,3,117,1,0,0,0,0,0
1149 CBX MLI Megf11 Gaba_1,348,76928,0,13,0,0,1525,95,1,100,0,0,0,1,384,270,147,2205,49,0,0,0,0,0
1150 CBX MLI Megf11 Gaba_2,2,1558,0,0,0,0,18,4,0,0,0,0,0,0,3,6,7,39,1,0,0,0,0,0
1151 CBX MLI Cdh22 Gaba_1,94,19343,0,2,0,0,388,25,0,26,0,0,0,0,126,111,36,502,10,0,0,0,0,0
1152 CBX Purkinje Gaba_1,0,1636,0,0,0,0,1,2,0,0,0,0,0,0,5,5,3,76,0,0,0,0,0,0
1153 CBX Purkinje Gaba_2,12,3609,0,0,0,0,19,1,0,0,0,0,0,0,3,0,11,160,1,0,0,0,0,0
1154 CB Granule Glut_1,14,10696,2,8,2,4,37,5723,6,1397,0,2,5,2,462,349,26,5558,716,4,0,4,0,0
1155 CB Granule Glut_2,381,318894,1,17,2,5,849,869,8,180,0,3,2,1,1118,510,240,52665,104,1,0,2,1,0
1156 DCO UBC Glut_1,3,1506,1,2,1,2,26,1077,18,191,2,0,1,0,146,22,3,409,75,0,0,0,0,0
1157 Bergmann NN_1,99,34067,0,1,0,2,267,34,17,4,1,1,0,0,164,148,60,1670,13,0,0,0,0,0
1158 Astro-CB NN_1,1,2322,0,1,5,5,5,85,75,20,0,2,0,1,24,11,6,1272,25,0,1,1,0,0
1159 Astro-NT NN_1,17,381,2,386,402,43,2429,519,15,296,86,89,179,34,55,30,1253,155,602,10,205,403,128,0
1160 Astro-NT NN_2,1107,7399,359,1126,33460,427,68898,36804,826,28373,14264,5609,28949,1087,1659,381,1826,4867,5335,1558,1231,3866,1806,8
1161 Astro-TE NN_1,0,5,46,2729,8,2673,164,0,1144,0,14,280,85,28,0,84,387,1,225,0,88,389,217,15
1162 Astro-TE NN_2,0,0,14,1430,1,31,1,0,20,0,0,16,0,0,0,15,27,0,4,0,18,67,45,1
1163 Astro-TE NN_3,0,29,11856,76486,64,153443,384,13,37756,7,1809,44452,251,88,1,2225,1207,3,2177,1,362,20247,8754,3137
1164 Astro-TE NN_4,0,0,434,244,0,66,2,0,53,0,0,276,0,0,0,364,78,0,7,0,9,600,196,27
1165 Astro-TE NN_5,0,0,5,56,1,54,0,0,496,0,15,1555,2,0,0,880,8,0,168,0,0,816,84,5
1166 Astro-OLF NN_1,0,10,0,12,2,172,0,0,13906,0,4,6,3,0,0,0,1,3,902,0,0,0,1,0
1167 Astro-OLF NN_2,0,0,0,2,0,9,0,0,438,0,0,2,0,0,0,0,0,0,11,0,0,0,0,0
1168 Astro-OLF NN_3,0,1,0,10,2,49,0,1,2954,0,0,7,0,0,0,12,3,0,98,0,0,1,1,0
1169 Astroependymal NN_1,0,10,0,83,10,37,44,9,34,2,6,14,171,53,2,26,46,1,12,0,4,8,38,0
1170 Astroependymal NN_2,0,68,0,4,0,0,7,71,2,0,0,0,0,2,83,19,35,0,1,0,0,0,1,0
1171 Astroependymal NN_3,63,12,0,2,1,5,166,7,6,1,0,2,5,9,4,11,3,1,3,0,0,0,15,0
1172 Tanycyte NN_1,0,2,0,5,113,4,3,0,2,0,2,0,5,249,0,64,21,0,36,0,10,0,5,0
1173 Tanycyte NN_2,0,2,0,1,1031,2,0,0,8,0,1,5,0,775,1,1,6,0,15,0,1,0,1,0
1174 Tanycyte NN_3,0,0,0,1,386,1,0,0,8,0,0,0,0,40,0,1,0,0,5,0,0,0,0,0
1175 Ependymal NN_1,1378,1087,62,650,1711,0,1283,312,25,146,63,2245,661,3447,989,6521,356,108,112,0,118,936,1310,0
1176 Ependymal NN_2,70,36,1,1,35,0,118,98,0,28,1,9,6,41,115,47,3,0,7,0,1,7,10,0
1177 Hypendymal NN_1,9,2,0,0,0,2,313,2,2,0,0,0,1,380,1,4,1,0,34,0,1,0,6,0
1178 CHOR NN_1,0,2469,4,400,0,4,0,1185,0,0,7,1763,151,925,1982,13954,358,268,71,0,300,156,963,0
1179 OPC NN_1,107,5150,4954,19165,6770,42158,13504,7845,16211,6305,4360,13605,7163,282,209,398,713,1924,2420,453,603,5777,3258,786
1180 OPC NN_2,1,73,53,233,81,625,110,100,318,51,53,147,51,4,4,7,8,27,48,4,15,189,90,28
1181 COP NN_1,14,747,688,3595,1057,19183,2222,1501,2671,1058,1239,1889,981,66,31,106,187,455,630,80,160,2794,1340,292
1182 NFOL NN_2,2,126,74,277,208,698,585,330,297,291,240,459,271,6,5,42,56,88,190,12,54,1034,436,69
1183 MFOL NN_3,2,207,221,654,581,1801,1365,802,698,581,616,1418,622,37,10,107,99,172,501,41,179,3117,1388,167
1184 MOL NN_4,91,26235,5075,28576,29279,56205,100579,95243,20313,66536,27301,56678,48285,1889,1194,3523,6968,30307,31087,5406,7238,101597,44031,8981
1185 OEC NN_1,0,0,0,0,2,522,0,1,19554,0,0,0,0,2,0,4,0,0,21602,0,0,1,0,0
1186 ABC NN_1,0,2010,26,1641,375,4643,626,394,1584,344,17,125,1,99,73,125,1583,226,1410,14,67,30,3,0
1187 VLMC NN_1,19,3402,35,4459,761,9922,2948,1197,4636,828,294,816,450,205,160,174,6140,500,3264,21,401,330,206,0
1188 VLMC NN_2,84,4943,313,3415,976,6629,3188,1913,2775,1129,499,1772,1414,145,173,161,1241,578,1495,59,235,480,361,49
1189 VLMC NN_3,0,243,0,55,0,17,2,115,1,0,4,204,39,170,147,1251,68,22,42,0,58,21,144,0
1190 VLMC NN_4,0,2,0,1,0,0,4,2,0,0,0,0,1,0,0,0,2,1,4,0,1,0,0,0
1191 Peri NN_1,88,6457,1609,8193,3207,25162,8465,5053,7839,3781,1721,7058,4652,129,210,352,482,1370,1582,241,248,2104,1115,419
1192 SMC NN_1,30,3492,407,3840,1239,8268,4108,2282,3151,1617,738,2728,1484,40,108,104,2672,440,1437,121,204,530,259,30
1193 Endo NN_1,512,39422,8812,54671,18347,174063,51455,34862,54552,24401,9739,44522,25084,820,1102,1460,4763,7456,10079,1520,1447,10412,5778,2248
1194 Microglia NN_1,104,4705,5223,22530,5985,72681,12720,7869,22948,5404,5770,22465,7370,281,211,663,1054,1962,3317,434,520,6429,3074,1070
1195 BAM NN_1,11,1262,158,1400,381,3077,1375,772,1680,495,253,951,455,122,89,313,986,207,937,19,115,240,177,27
1196 Monocytes NN_1,0,8,0,2,2,13,7,3,6,1,1,1,3,1,0,2,0,3,2,0,0,1,0,0
1197 DC NN_1,1,59,15,70,14,160,55,33,90,17,9,22,21,9,1,12,56,10,43,0,5,13,4,0
1198 B cells NN_1,1,161,15,131,29,368,135,81,118,48,18,88,35,6,3,19,50,22,42,1,3,23,7,8
1199 ILC NN_2,0,2,0,2,0,2,0,2,0,0,1,2,0,1,2,0,3,1,3,0,0,2,0,0
1200 NK cells NN_3,0,109,13,66,26,221,74,66,96,34,16,58,29,7,7,40,26,21,44,1,9,16,13,1
1201 T cells NN_4,0,120,19,113,28,396,122,86,284,65,17,91,49,14,11,26,50,23,157,2,11,32,25,4
