class,AAA,ACAd1,ACAd2/3,ACAd5,ACAd6a,ACAd6b,ACAv1,ACAv2/3,ACAv5,ACAv6a,ACAv6b,ACB,ACVII,AD,ADP,AHN,AId1,AId2/3,AId5,AId6a,AId6b,AIp1,AIp2/3,AIp5,AIp6a,AIp6b,AIv1,AIv2/3,AIv5,AIv6a,AIv6b,AMBd,AMBv,AMd,AMv,ANcr1,ANcr2,AOBgl,AOBgr,AOBmi,AON,AP,APN,APr,AQ,ARH,ASO,AT,AUDd1,AUDd2/3,AUDd4,AUDd5,AUDd6a,AUDd6b,AUDp1,AUDp2/3,AUDp4,AUDp5,AUDp6a,AUDp6b,AUDpo1,AUDpo2/3,AUDpo4,AUDpo5,AUDpo6a,AUDpo6b,AUDv1,AUDv2/3,AUDv4,AUDv5,AUDv6a,AUDv6b,AV,AVP,AVPV,Acs5,B,BA,BLAa,BLAp,BLAv,BMAa,BMAp,BST,CA1slm,CA1so,CA1sp,CA1sr,CA2slm,CA2so,CA2sp,CA2sr,CA3slm,CA3slu,CA3so,CA3sp,CA3sr,CB-unassigned,CEAc,CEAl,CEAm,CENT2,CENT3,CL,CLA,CLI,CM,COAa,COApl,COApm,COPY,CP,CS,CTXsp-unassigned,CU,"CUL4, 5",CUN,DCO,DEC,DG-mo,DG-po,DG-sg,DMH,DMX,DN,DP,DR,DT,DTN,ECT1,ECT2/3,ECT5,ECT6a,ECT6b,ECU,ENTl1,ENTl2,ENTl3,ENTl5,ENTl6a,ENTm1,ENTm2,ENTm3,ENTm5,ENTm6,EPd,EPv,EW,Eth,FC,FF,FL,FN,FOTU,FRP2/3,FRP5,FRP6a,FRP6b,FS,GPe,GPi,GRN,GU1,GU2/3,GU4,GU5,GU6a,GU6b,HATA,HPF-unassigned,HY-unassigned,I5,IA,IAD,IAM,ICB,ICc,ICd,ICe,IF,IG,IGL,III,IIIn-unassigned,IIn-unassigned,ILA1,ILA2/3,ILA5,ILA6a,ILA6b,IMD,INC,IO,IP,IPA,IPC,IPDL,IPDM,IPI,IPL,IPN-unassigned,IPR,IPRL,IRN,ISN,IV,IVn,IntG,KF,LA,LAV,LC,LD,LDT,LGd-co,LGd-ip,LGd-sh,LGv,LH,LHA,LIN,LING,LM,LP,LPO,LRNm,LRNp,LSc,LSr,LSv,LT,MA,MA3,MARN,MB-unassigned,MD,MDRNd,MDRNv,ME,MEA,MEPO,MGd,MGm,MGv,MH,MMd,MMl,MMm,MMme,MMp,MOB-unassigned,MOBgr,MOBipl,MOBmi,MOBopl,MOp1,MOp2/3,MOp5,MOp6a,MOp6b,MOs1,MOs2/3,MOs5,MOs6a,MOs6b,MPN,MPO,MPT,MRN,MS,MT,MV,MY-unassigned,NB,ND,NDB,NI,NLL,NLOT1,NLOT2,NLOT3,NOD,NOT,NPC,NR,NTB,NTS,OLF-unassigned,OP,ORBl1,ORBl2/3,ORBl5,ORBl6a,ORBl6b,ORBm1,ORBm2/3,ORBm5,ORBm6a,ORBm6b,ORBvl1,ORBvl2/3,ORBvl5,ORBvl6a,ORBvl6b,OT,OV,P-unassigned,P5,PA,PAA,PAG-unassigned,PAL-unassigned,PAR,PARN,PAS,PB-unassigned,PBG,PC5,PCG,PCN,PD,PDTg,PERI1,PERI2/3,PERI5,PERI6a,PERI6b,PF,PFL,PG,PGRNd,PGRNl,PH,PIL,PIR,PL1,PL2/3,PL5,PL6a,PL6b,PMd,PMv,PN,PO,POL,POR,POST,PP,PPN,PPT,PPY,PR,PRC,PRE,PRM,PRNc,PRNr,PRP,PS,PST,PSTN,PSV,PT,PVH,PVHd,PVT,PVa,PVi,PVp,PVpo,PYR,Pa4,Pa5,PeF,PoT,ProS,RCH,RE,RH,RL,RM,RN,RO,RPA,RPF,RPO,RR,RSPagl1,RSPagl2/3,RSPagl5,RSPagl6a,RSPagl6b,RSPd1,RSPd2/3,RSPd5,RSPd6a,RSPd6b,RSPv1,RSPv2/3,RSPv5,RSPv6a,RSPv6b,RT,SAG,SBPV,SCH,SCO,SCdg,SCdw,SCig,SCiw,SCop,SCsg,SCzo,SEZ,SF,SFO,SG,SGN,SH,SI,SIM,SLC,SLD,SMT,SNc,SNr,SO,SOCl,SOCm,SPA,SPFm,SPFp,SPIV,SPVC,SPVI,SPVO,SSp-bfd1,SSp-bfd2/3,SSp-bfd4,SSp-bfd5,SSp-bfd6a,SSp-bfd6b,SSp-ll1,SSp-ll2/3,SSp-ll4,SSp-ll5,SSp-ll6a,SSp-ll6b,SSp-m1,SSp-m2/3,SSp-m4,SSp-m5,SSp-m6a,SSp-m6b,SSp-n1,SSp-n2/3,SSp-n4,SSp-n5,SSp-n6a,SSp-n6b,SSp-tr1,SSp-tr2/3,SSp-tr4,SSp-tr5,SSp-tr6a,SSp-tr6b,SSp-ul1,SSp-ul2/3,SSp-ul4,SSp-ul5,SSp-ul6a,SSp-ul6b,SSp-un1,SSp-un2/3,SSp-un4,SSp-un5,SSp-un6a,SSp-un6b,SSs1,SSs2/3,SSs4,SSs5,SSs6a,SSs6b,STN,STR-unassigned,SUB,SUM,SUT,SUV,Su3,SubG,TEa1,TEa2/3,TEa4,TEa5,TEa6a,TEa6b,TH-unassigned,TMd,TMv,TR,TRN,TRS,TTd,TTv,TU,UVU,V,V3-unassigned,V4-unassigned,V4r,VAL,VCO,VI,VII,VIIn-unassigned,VISC1,VISC2/3,VISC4,VISC5,VISC6a,VISC6b,VISa1,VISa2/3,VISa4,VISa5,VISa6a,VISa6b,VISal1,VISal2/3,VISal4,VISal5,VISal6a,VISal6b,VISam1,VISam2/3,VISam4,VISam5,VISam6a,VISam6b,VISl1,VISl2/3,VISl4,VISl5,VISl6a,VISl6b,VISli1,VISli2/3,VISli4,VISli5,VISli6a,VISli6b,VISp1,VISp2/3,VISp4,VISp5,VISp6a,VISp6b,VISpl1,VISpl2/3,VISpl4,VISpl5,VISpl6a,VISpl6b,VISpm1,VISpm2/3,VISpm4,VISpm5,VISpm6a,VISpm6b,VISpor1,VISpor2/3,VISpor4,VISpor5,VISpor6a,VISpor6b,VISrl1,VISrl2/3,VISrl4,VISrl5,VISrl6a,VISrl6b,VL-unassigned,VLPO,VM,VMH,VMPO,VPL,VPLpc,VPM,VPMpc,VTA,VTN,VeCB,XII,Xi,ZI-unassigned,aco,act,alv,amc,ar,arb,bic,brain-unassigned,bsc,cbc,ccb,ccg,ccs,chpl,cic,cing,cpd,csc,cst-unassigned,das,df,dhc,dtd,ee,em,fa,fi,fiber tracts-unassigned,fp,fr,fx,gVIIn,hbc,icp,int,ll,lot,lotd,mcp,mct,mfb,ml,mlf,moV,mp,mtg,mtt,nst,och,onl,opt,or,pc,pm,py,rust-unassigned,sV,scp,scwm-unassigned,sm,st,sup,tb,ts,tspc,unassigned,vVIIIn,vhc,vtd,x,y
01 IT-ET Glut,156,523,5084,3650,997,0,393,5512,6114,762,15,42,0,0,0,0,184,5287,2648,1989,213,93,2807,1341,820,89,244,2318,1258,488,8,0,0,0,0,0,0,29,51,6,18328,0,0,2349,0,0,0,0,62,2116,700,660,377,38,154,3778,1688,1650,365,32,39,997,438,577,130,9,93,2621,1374,1637,573,58,0,0,0,0,0,0,2424,2393,1348,647,2632,53,372,12844,4259,8366,52,582,394,185,478,1512,6526,3805,1584,0,54,1,81,0,0,0,2798,0,0,283,3726,3530,0,921,0,822,0,0,0,0,0,1898,244,303,0,0,0,1253,0,0,0,201,2513,1365,412,51,0,244,4903,4512,4030,1552,601,2878,4700,4651,2112,1474,1601,0,0,206,0,0,0,0,3,603,305,3,2,0,0,0,71,2285,666,942,963,308,827,165,8,0,108,0,0,0,0,0,0,0,83,0,0,0,0,348,1266,855,236,3,0,0,0,0,0,0,0,0,0,0,0,0,0,0,0,0,0,0,0,3115,0,0,0,0,0,0,0,0,0,2,0,0,0,0,0,0,0,0,2,0,0,0,0,0,0,0,0,0,0,3153,0,0,0,0,0,0,0,0,0,0,263,2559,269,250,757,541,21152,9561,4820,123,986,24219,9867,3815,23,1,1,0,0,0,0,0,0,0,0,0,0,0,0,242,123,0,0,0,0,0,0,4031,0,836,5937,2251,1089,111,231,2850,1114,593,9,192,5404,1642,502,39,1,0,0,0,3951,2206,1,17,4150,0,0,0,0,0,0,0,0,0,352,842,253,53,3,0,0,0,0,0,0,0,39705,929,3371,1788,1085,11,0,0,0,0,0,0,4934,0,0,0,0,0,0,3878,0,0,0,0,0,0,0,0,0,2,0,0,0,0,0,0,0,0,0,0,0,3390,0,0,0,0,0,0,0,0,0,0,0,414,6122,2748,492,2,883,7271,4317,573,2,1277,12386,5182,309,10,0,0,0,0,0,0,0,0,0,0,0,0,1,0,0,0,0,3,9,0,0,0,0,0,0,0,0,0,0,0,0,0,0,0,0,386,10928,10236,3238,2993,126,121,3420,2258,2463,1019,31,366,11945,6987,3363,3859,157,129,4883,3436,1211,1731,61,67,2245,766,821,248,13,177,6367,3271,2499,1802,17,58,2016,1018,664,571,4,445,14118,6713,4618,4440,470,0,389,2786,0,0,0,0,0,202,5729,1874,2964,1029,72,1,0,0,2672,0,0,3028,1304,0,0,0,4,0,0,0,0,0,0,0,63,2524,730,1308,837,180,91,3514,1345,1477,462,30,48,972,402,385,145,19,58,2340,551,979,261,2,76,2568,1398,1118,406,25,34,1255,489,541,137,10,572,16400,9370,5926,1828,72,85,1982,218,683,75,2,59,2015,531,743,160,0,117,2089,487,900,132,5,87,2101,996,585,220,20,398,0,0,0,0,0,0,0,0,0,0,0,0,0,3,341,2,1132,189,0,0,24,479,0,0,584,92,90,130,0,49,0,0,0,0,0,89,0,336,0,1639,154,141,234,0,1,0,0,0,1,0,7,62,0,0,0,0,0,0,0,0,0,0,0,0,5,0,0,0,0,0,0,0,730,0,71,0,0,0,0,325,0,0,0,0,0
02 NP-CT-L6b Glut,0,0,12,907,3633,135,0,10,1039,3476,576,9,0,0,0,0,1,20,483,2280,94,3,12,126,474,75,0,30,217,538,6,0,0,0,0,0,0,0,0,0,405,0,0,89,0,0,0,0,0,0,14,120,831,162,0,0,27,237,1313,268,0,0,3,89,383,106,0,0,27,269,1258,225,0,0,0,0,0,0,0,25,0,0,9,0,2,667,130,79,0,0,0,0,3,8,2,6,2,0,0,0,0,0,0,0,716,0,0,2,9,18,0,548,0,140,0,0,0,0,0,23,1,3,0,0,0,624,0,0,0,2,9,253,1040,201,0,0,2,6,401,4789,2,3,86,831,3440,1788,76,0,0,6,0,0,0,0,0,214,419,7,0,0,0,0,0,2,40,238,1269,113,22,585,0,0,0,0,0,0,0,0,0,0,1,0,0,0,0,0,23,242,1155,30,0,0,0,0,0,0,0,0,0,0,0,0,0,0,0,0,0,0,0,11,0,0,0,0,0,0,0,0,0,0,0,0,0,0,0,0,0,0,12,0,0,0,0,0,0,0,0,0,0,0,0,0,0,0,0,0,0,0,0,0,0,15,0,0,0,0,54,1570,9901,1216,0,83,2352,9060,362,0,0,0,0,0,0,0,0,0,0,0,0,0,0,0,0,0,0,0,0,0,0,1406,0,1,63,799,1903,108,0,52,461,1638,18,0,37,389,1253,40,0,0,0,0,290,1,0,0,32,0,0,0,0,0,0,0,0,0,1,5,18,114,33,0,0,0,0,0,0,0,102,3,52,600,3031,106,0,0,0,0,0,0,1365,0,0,0,0,0,0,692,0,0,0,0,0,0,0,0,0,0,0,0,0,0,0,0,0,0,0,0,0,1333,0,0,0,0,0,0,0,0,0,0,0,0,6,418,1660,199,0,5,633,2299,128,0,16,1519,2622,202,0,0,0,0,0,0,0,0,0,0,0,0,0,0,0,0,0,3,0,0,0,0,0,0,0,0,0,0,0,0,0,0,0,0,0,2,1,52,866,5945,902,0,0,8,417,2316,477,0,1,63,653,6952,589,0,1,23,295,2993,236,0,1,7,161,572,165,0,0,22,447,3614,342,0,0,6,143,1151,130,0,2,109,1085,7356,856,0,221,4365,0,0,0,0,0,0,3,24,511,2168,431,0,0,0,371,0,0,502,0,0,0,0,0,0,0,0,0,0,0,0,0,3,22,223,1195,159,0,0,6,310,1228,319,0,0,3,69,338,111,0,0,5,214,945,213,0,0,8,216,1185,330,0,0,4,89,379,85,0,0,72,1036,6353,1360,0,3,3,63,189,20,0,0,2,118,595,117,0,1,2,189,732,190,1,0,16,107,513,127,11,0,0,0,0,0,0,0,0,0,0,0,0,0,0,78,0,364,125,0,0,0,19,0,0,927,113,65,0,0,1069,0,0,0,0,0,197,0,127,0,2065,0,0,328,0,0,0,0,0,0,0,0,0,0,0,0,0,0,0,0,0,0,0,0,0,0,0,0,0,0,0,0,0,4109,0,0,0,0,0,0,11,0,0,0,0,0
03 OB-CR Glut,1,9,0,0,0,0,9,0,0,0,0,1,0,0,0,0,0,0,0,0,0,4,1,0,0,0,0,0,0,0,0,0,0,0,0,0,0,5,92,106,38,0,1,2,0,0,0,0,0,0,0,0,0,0,2,0,0,0,0,0,0,0,0,0,0,0,4,0,0,0,0,0,0,0,0,0,0,0,0,0,0,0,0,0,140,6,5,26,19,0,0,14,59,5,9,20,82,0,0,0,0,0,0,0,0,0,0,22,12,47,0,1,0,0,0,0,0,0,0,647,11,77,0,0,0,0,0,0,0,7,0,0,0,0,0,33,4,0,0,0,67,41,13,1,0,0,0,0,0,5,0,0,0,0,0,0,0,0,0,0,0,0,1,0,0,0,0,0,69,23,1,0,0,0,0,0,0,0,0,0,4,0,0,0,0,1,0,0,0,0,0,0,0,0,0,0,0,0,0,0,0,0,0,0,0,0,0,0,0,0,0,0,0,0,0,0,0,0,0,1,0,0,0,0,0,0,0,0,0,0,0,1,0,0,1,0,0,0,0,44,0,0,0,0,2,0,0,0,0,0,2436,432,130,163,1885,3,0,0,0,0,3,0,0,0,0,0,0,0,0,0,0,0,0,1,0,7,0,0,0,0,0,0,0,0,0,0,0,1018,0,0,0,0,0,0,15,0,0,0,0,16,1,0,0,0,9,0,0,0,12,7,0,4,20,0,0,0,0,0,0,0,0,0,0,0,0,0,0,0,0,0,0,0,0,0,57,3,0,0,0,0,0,0,0,0,0,0,5,0,0,0,0,0,0,12,0,0,0,0,0,0,0,0,0,0,0,0,0,0,0,0,0,0,0,0,0,14,1,0,0,0,0,0,0,0,0,0,0,4,0,0,0,0,8,0,0,0,0,12,0,0,0,0,0,0,0,0,0,0,0,0,1,0,0,0,0,0,0,0,0,0,3,0,0,0,0,0,0,0,0,0,0,0,0,0,0,0,0,2,0,0,0,0,0,1,0,0,0,0,0,1,0,0,0,0,0,0,0,0,0,0,0,1,0,0,0,0,0,1,0,0,0,0,0,0,0,0,0,0,0,1,0,0,0,0,0,0,5,8,0,0,0,0,0,9,0,0,0,0,0,0,0,0,16,0,0,3,12,0,0,0,5,0,0,0,0,0,0,0,0,0,0,0,0,0,1,0,0,0,0,0,0,0,0,0,0,0,0,0,0,0,0,0,1,0,0,0,0,0,0,0,0,0,0,0,3,0,0,0,0,0,4,0,0,0,0,0,1,0,0,0,0,0,3,0,0,0,0,0,1,0,0,0,0,0,0,0,0,0,0,0,0,0,0,0,0,0,0,0,0,0,0,2,0,0,0,3,70,7,0,1,0,0,3,0,0,0,0,0,0,0,0,0,0,0,0,0,3,0,0,0,0,1,0,0,0,29,64,0,0,0,0,0,0,1,0,0,0,0,1259,10,0,0,0,0,0,0,0,0,1,0,0,0,0,0,105,0,0,0,0,0
04 DG-IMN Glut,0,0,0,0,0,0,0,0,0,0,0,0,0,0,0,0,0,0,0,0,0,0,3,0,7,2,0,0,0,0,0,0,0,0,0,0,0,0,0,0,1,0,0,0,0,0,0,0,0,0,0,0,0,0,0,0,0,0,0,0,0,0,0,0,0,0,0,0,0,0,0,0,0,0,0,0,0,0,0,2,0,0,2,0,82,55,26,18,132,27,20,13,1750,835,2696,2416,2327,0,0,0,0,0,0,0,3,0,0,0,0,2,0,18,0,10,0,0,0,0,0,8584,6177,9738,0,0,0,0,0,0,0,0,0,0,0,0,0,0,0,0,0,0,0,0,0,0,0,18,19,0,0,6,0,0,0,0,0,0,0,0,0,0,0,0,0,0,0,0,0,0,16,86,0,0,0,0,0,0,0,0,0,0,0,0,0,0,0,0,0,0,0,0,0,0,0,0,0,0,0,0,0,0,0,0,0,0,0,0,0,0,0,11,0,0,0,0,0,0,0,0,0,0,0,0,0,0,0,0,0,0,0,1,0,0,0,0,0,0,0,0,0,300,0,0,0,0,0,0,0,0,0,0,0,0,0,0,0,0,0,0,0,0,0,0,0,0,0,0,0,0,0,0,0,0,0,0,0,0,0,0,0,0,0,0,0,0,0,0,0,12,0,0,0,0,0,0,0,0,0,0,0,0,0,0,0,0,0,0,0,0,0,2,0,0,0,0,0,0,0,0,0,0,0,0,0,0,0,0,0,0,0,0,0,0,0,0,84,0,0,0,0,0,0,0,0,0,0,0,16,0,0,0,0,0,0,0,0,0,0,0,0,0,0,0,0,0,0,0,0,0,0,0,0,0,0,0,0,4,0,0,0,0,0,0,0,0,0,0,0,0,0,0,0,0,0,0,0,0,0,0,0,0,3,0,0,0,0,0,0,0,0,0,0,0,0,0,5,0,0,0,0,0,0,0,0,0,0,0,0,0,0,0,0,0,0,0,0,0,0,0,0,0,0,0,0,0,0,0,0,0,0,0,0,0,0,0,0,0,0,0,0,0,0,0,0,0,0,0,0,0,0,0,0,0,0,0,0,0,0,0,0,0,0,0,0,0,0,0,0,31,0,0,0,0,0,0,0,0,0,0,0,0,0,0,1,0,0,0,0,0,0,0,0,0,0,0,0,0,0,0,0,0,0,0,0,0,0,0,0,0,0,0,0,0,0,0,0,0,0,0,0,0,0,0,0,0,0,0,0,0,0,0,0,0,0,0,0,0,0,0,0,0,0,0,0,0,0,0,0,0,0,0,0,0,0,0,0,0,0,0,0,0,0,0,0,0,9,0,0,0,0,0,0,0,0,0,0,0,0,0,0,1,0,135,11,0,0,0,29,0,0,65,3,13,0,0,1,0,0,0,0,1,27,0,0,0,39,0,45,37,0,0,0,0,0,0,0,0,0,0,0,0,0,0,0,0,0,0,0,0,0,0,0,0,0,0,0,0,0,5,0,0,0,0,0,0,0,0,0,0,0,0
05 OB-IMN GABA,7,1,0,0,8,2,7,0,1,5,3,150,0,0,0,0,2,0,0,1,0,1,1,0,1,0,6,5,1,0,0,0,0,0,0,0,0,84,53,146,1346,0,0,0,0,0,0,0,0,0,0,0,1,0,2,1,2,5,0,0,1,0,0,0,0,0,2,0,0,1,2,0,0,0,0,0,0,0,0,4,0,0,3,0,0,66,0,9,0,0,0,0,0,0,17,7,7,0,0,4,0,0,0,0,2,0,0,2,0,0,0,676,0,14,0,0,0,0,0,15,9,13,0,0,0,40,0,0,0,1,0,0,0,1,0,1,1,0,0,3,0,0,0,0,0,16,18,0,0,0,0,0,0,0,0,0,0,0,0,3,0,0,2,0,0,0,0,0,0,4,1,0,0,0,0,0,0,0,0,0,2,0,0,0,0,3,0,0,4,1,0,0,0,0,0,0,0,0,0,0,0,0,0,0,0,0,0,0,0,80,0,0,0,0,0,0,0,0,0,0,0,0,0,0,0,0,0,62,173,197,0,2,0,0,0,0,0,0,0,1,0,0,0,0,0,0,0,0,0,0,9996,19328,4104,4331,14313,1,0,0,10,8,3,0,0,11,6,0,0,0,0,0,0,0,0,0,0,2,0,0,0,0,0,0,0,0,0,0,0,8737,0,1,0,1,4,0,98,1,1,9,0,49,4,6,2,0,12,0,0,0,0,2,1,3,0,0,0,0,0,0,0,0,0,0,0,1,0,0,0,0,0,0,0,0,0,0,198,3,0,0,5,1,0,0,0,0,0,0,0,0,0,0,0,0,0,0,0,0,0,0,0,0,0,0,0,0,0,0,0,0,0,0,0,0,0,0,0,31,0,0,0,0,0,0,0,0,0,0,0,0,0,0,0,0,0,0,0,0,0,1,0,0,0,0,0,0,0,0,0,0,0,0,0,0,0,0,436,0,0,0,0,0,14,0,0,0,0,0,0,0,0,0,0,0,0,0,0,0,0,0,0,0,0,1,2,0,0,0,0,3,4,0,0,0,0,0,1,0,0,0,0,0,0,0,0,0,0,0,0,1,0,0,0,2,4,0,0,0,0,2,0,5,0,0,0,0,1,0,295,48,0,0,0,0,0,6,0,0,1,2,5,1,0,0,0,0,0,113,82,0,0,0,0,0,0,0,0,0,0,0,2,1,0,1,0,1,0,0,0,0,0,0,0,0,0,0,0,0,0,0,0,0,0,0,0,0,0,0,0,0,0,0,0,0,1,0,2,0,0,0,2,0,0,0,0,0,0,0,0,0,0,0,0,0,0,0,0,0,0,0,0,0,0,0,0,0,2408,0,0,0,0,0,0,0,0,0,0,0,0,0,0,97,2,142,12,1,0,0,14,0,0,1877,506,371,28,0,152,0,0,0,0,1,41,0,0,0,839,28,9,271,0,0,0,0,0,9,0,67,26,0,0,0,0,0,0,0,0,0,0,0,5933,0,28,0,0,0,0,0,0,167,0,5,0,0,0,0,353,0,0,0,0,0
06 CTX-CGE GABA,80,268,231,80,79,7,267,287,106,56,7,34,0,0,0,0,212,325,76,55,13,81,190,66,38,5,78,108,43,12,0,0,0,0,2,0,0,11,1,4,651,0,0,115,0,0,0,0,63,95,24,33,8,1,135,171,34,65,11,7,37,61,17,21,6,4,119,161,57,51,27,12,0,1,0,0,0,2,221,214,160,122,256,19,506,366,130,780,41,26,13,61,114,148,298,248,364,0,5,5,37,0,0,0,90,0,0,176,372,335,0,193,0,89,0,0,0,0,0,412,78,126,0,0,0,121,0,0,0,140,207,53,34,1,0,229,430,324,262,128,197,298,217,131,105,67,150,0,0,16,0,0,0,0,1,34,10,0,5,8,0,0,89,160,40,21,36,24,172,28,5,0,13,0,0,0,0,0,0,0,40,0,0,0,0,52,70,19,31,1,0,0,0,0,0,0,0,0,0,0,0,0,0,0,0,0,0,0,0,158,0,0,1,0,0,0,0,0,0,5,0,0,0,0,3,0,0,2,10,2,0,11,0,0,1,1,0,0,0,372,0,1,0,0,0,0,0,0,0,0,34,31,5,8,20,660,1336,283,288,21,908,1632,326,304,5,1,2,0,0,1,0,0,0,0,0,11,0,0,9,10,23,0,0,0,0,0,0,334,0,115,235,66,46,2,89,125,27,23,0,104,224,39,19,0,59,0,0,0,310,265,0,21,375,0,0,0,0,0,0,0,0,0,60,69,10,5,0,0,0,0,0,0,0,0,1849,204,155,37,62,2,0,0,0,1,0,0,203,0,0,0,0,0,0,199,0,0,0,0,0,0,0,0,0,0,0,0,0,0,0,0,0,0,0,0,0,208,1,0,0,0,0,0,0,0,0,0,0,215,214,47,42,3,280,330,67,46,2,397,361,91,36,3,4,0,0,0,0,0,0,1,0,1,0,1,0,1,0,0,0,0,59,0,0,0,0,0,0,0,0,0,0,0,0,0,0,0,0,312,669,217,91,74,17,130,190,36,51,45,11,320,645,154,76,80,13,109,280,61,43,37,3,120,96,11,19,10,2,223,391,56,75,74,9,64,108,17,19,25,4,543,916,262,130,133,24,0,86,245,0,0,0,0,0,263,413,79,104,49,6,1,0,0,346,0,1,184,97,1,0,0,2,0,0,0,0,0,0,0,135,224,47,57,53,7,124,175,25,30,20,5,42,46,9,10,2,2,87,116,11,19,18,5,77,148,31,24,17,4,28,82,8,6,3,1,359,705,181,68,38,12,51,90,9,19,2,0,46,84,6,7,6,2,74,149,15,28,14,0,73,84,16,9,3,3,27,0,0,0,0,0,0,0,0,0,0,0,0,0,1,36,10,109,19,0,0,5,60,7,0,130,23,42,10,0,86,0,0,0,0,0,29,0,19,0,154,21,18,51,1,3,0,0,0,13,0,81,7,0,0,0,0,0,0,0,0,0,0,0,5,12,0,0,0,0,0,0,0,158,1,24,0,0,0,0,317,0,2,0,0,0
07 CTX-MGE GABA,37,46,378,745,308,7,16,310,985,315,21,16,0,0,0,0,14,364,486,411,25,4,193,236,154,12,10,172,191,95,0,0,0,0,0,0,0,1,0,2,1206,0,0,244,0,0,0,0,2,163,98,142,90,4,8,231,247,359,112,18,2,47,70,123,29,3,7,176,257,355,127,14,0,0,0,0,0,0,240,378,202,194,492,10,123,1927,266,514,24,48,16,35,141,236,752,547,460,0,7,5,29,0,0,0,344,0,0,62,337,299,0,79,0,160,0,0,0,0,0,425,160,273,0,0,0,269,0,0,0,7,293,301,129,21,0,30,407,833,1133,820,140,462,669,871,908,439,402,0,0,19,0,0,0,0,0,140,98,1,1,0,0,0,2,132,150,209,202,25,138,106,2,0,33,0,0,0,0,0,0,0,4,0,0,0,0,12,68,211,199,4,0,0,0,0,0,0,0,0,0,0,0,0,0,0,0,0,0,0,0,206,0,0,0,0,0,0,0,0,0,0,0,0,0,0,1,0,0,1,16,4,0,6,0,0,0,0,0,0,0,400,0,0,0,1,0,0,0,0,0,0,4,60,1,3,13,58,1904,1770,1225,39,98,2231,2209,1125,8,0,1,0,0,0,0,0,0,0,0,0,0,0,0,11,15,0,0,0,0,0,0,763,0,85,558,488,343,23,8,180,230,273,2,16,452,322,173,7,12,0,0,0,778,139,0,4,566,0,0,0,0,0,0,0,0,0,15,108,69,19,2,0,0,0,0,0,0,0,2220,45,248,465,415,7,0,0,0,0,0,0,625,0,0,0,0,0,0,465,0,0,0,0,0,0,0,0,0,1,0,0,0,0,0,0,0,0,0,0,1,798,0,1,0,0,0,0,0,0,0,0,0,26,451,478,142,2,41,463,744,198,1,22,589,1055,238,4,0,0,0,0,0,0,0,0,0,0,0,0,0,0,0,0,0,0,23,0,0,0,0,0,0,0,0,0,0,0,0,0,0,0,0,20,562,939,1025,572,34,9,255,182,465,261,7,19,684,902,867,806,35,5,272,396,340,292,6,7,159,48,205,79,3,8,424,327,639,396,10,1,142,100,193,110,6,27,880,1150,1274,883,55,0,73,898,0,0,0,0,0,15,365,323,616,263,30,0,0,0,460,0,0,248,37,0,0,0,3,0,0,0,0,0,0,0,7,171,164,296,222,30,8,216,136,350,137,6,1,57,53,88,27,4,11,142,54,226,90,2,3,148,188,280,106,14,3,75,86,127,34,2,29,693,1009,1303,501,62,8,192,32,103,18,4,3,112,62,159,41,3,5,156,67,185,43,12,3,126,111,143,55,2,147,0,0,0,0,0,0,0,0,0,0,0,0,0,0,106,2,463,65,0,0,0,104,2,0,166,22,47,55,0,149,0,0,0,0,0,71,0,86,0,445,43,34,207,0,1,0,0,0,1,0,0,3,0,0,0,0,0,0,0,0,0,0,0,0,3,0,0,0,0,0,0,0,334,2,22,0,0,0,0,23,0,0,0,0,0
08 CNU-MGE GABA,685,1,4,7,9,3,3,2,11,7,1,1587,0,0,9,4,1,7,7,13,0,1,9,10,11,2,1,2,9,4,0,0,0,0,0,0,0,0,0,0,81,0,0,3,0,0,0,0,0,3,0,0,2,0,0,0,1,2,1,1,0,0,0,0,1,0,0,6,0,2,2,2,0,4,5,0,0,0,121,38,9,53,22,338,4,20,2,0,0,0,0,0,0,0,1,0,0,0,78,54,305,0,0,0,16,0,0,10,7,5,0,5362,0,57,0,0,0,0,0,0,0,1,0,0,0,12,0,0,0,1,3,6,3,2,0,1,4,4,24,10,0,0,2,2,7,24,64,0,0,0,0,0,0,0,0,1,1,0,80,1493,24,0,0,1,4,5,9,1,0,3,356,0,25,0,0,0,0,0,0,0,0,0,0,0,0,0,0,3,3,0,0,0,0,0,0,0,0,0,0,0,0,0,0,0,0,0,0,0,0,77,0,0,0,0,0,0,0,0,0,126,0,0,0,0,291,0,0,0,119,129,0,789,0,0,2,1,0,0,0,188,0,0,0,0,0,0,0,0,0,0,0,8,1,0,1,12,22,30,44,9,7,21,23,30,4,1,137,0,0,1703,0,0,0,0,0,2199,0,0,0,2,5,0,0,0,0,0,0,340,0,0,3,5,6,0,0,2,0,9,0,0,1,4,4,0,457,0,1,0,8,4,1,501,0,0,0,0,0,0,0,0,1,0,0,1,1,2,0,0,0,0,0,0,8,0,247,2,1,4,15,0,0,0,0,0,0,0,1,0,0,0,0,0,0,1,0,0,0,0,13,0,0,0,0,0,0,0,0,0,0,0,0,0,0,0,0,1,0,0,0,0,0,0,0,0,0,0,0,1,3,4,4,0,1,3,6,2,1,0,4,1,4,1,2,0,0,0,0,0,0,0,0,1,0,0,6,24,0,0,0,0,2911,0,0,0,0,0,0,1,0,0,0,0,0,0,0,0,0,0,4,2,13,15,4,1,1,1,1,9,4,0,10,2,5,31,2,0,1,1,1,12,1,0,3,0,1,3,2,2,4,5,5,11,1,1,3,0,1,6,1,1,8,7,17,39,1,0,1132,14,0,0,0,0,0,1,8,3,12,4,1,1,0,0,11,0,5,9,7,1,0,0,2,0,0,0,0,0,0,0,0,1,0,7,8,1,0,1,0,4,1,2,0,1,0,1,2,0,1,0,0,1,0,0,0,0,0,2,2,1,0,1,0,0,0,0,3,3,0,9,7,6,0,5,0,1,0,0,0,1,0,2,1,0,0,0,0,6,1,1,0,0,0,2,2,0,48,9,0,0,1,0,0,0,0,0,0,0,0,0,9,76,83,9,9,0,0,0,9,0,0,77,9,9,0,0,20,0,0,0,0,0,3,0,3,0,88,2,11,12,0,7,0,0,0,409,0,1,0,0,0,2,0,0,0,0,0,0,1,0,1,5,8,0,0,0,0,0,0,44,9,35,0,0,0,0,8,0,0,0,0,0
09 CNU-LGE GABA,185,0,0,0,0,0,1,0,1,0,0,34277,0,0,5,0,0,0,2,6,1,0,2,10,45,21,0,1,1,3,0,0,0,0,0,0,0,0,0,0,1526,0,0,0,0,0,0,0,0,0,0,1,0,0,1,0,0,0,0,1,0,0,0,0,0,0,1,0,0,3,2,0,0,2,2,0,0,0,493,33,10,218,136,548,0,1,1,1,0,0,0,0,0,0,1,0,0,0,503,297,379,0,0,0,13,0,0,23,5,2,0,164508,0,452,0,0,0,0,0,2,0,0,0,0,0,4,0,0,0,0,0,1,3,7,0,0,1,0,2,3,0,0,0,0,0,9,441,0,0,0,0,0,0,0,0,0,0,0,365,1672,5,0,0,2,0,0,1,1,1,0,116,0,488,0,0,0,0,0,0,0,0,0,0,0,0,1,0,0,3,0,0,0,0,0,0,0,0,0,0,0,0,0,0,0,0,0,0,0,0,1136,0,0,0,0,0,0,0,0,0,19,0,0,0,0,8,0,0,0,265,483,0,45,0,0,0,0,0,0,0,263,0,0,0,0,1,0,0,0,0,0,13,59,11,10,29,0,0,1,7,2,2,0,0,9,0,1,2,0,0,5,0,0,0,0,0,10,0,0,1,2,4,0,0,0,0,0,0,1758,0,0,1,2,3,0,1,2,0,2,0,2,2,0,0,0,25142,0,0,0,2,52,0,416,1,0,0,0,0,0,0,0,0,0,0,1,0,0,0,0,0,0,0,0,0,0,1479,0,0,0,2,0,0,0,0,0,0,0,0,0,0,0,0,0,0,0,0,0,0,0,7,0,0,0,1,0,1,0,0,0,0,0,0,0,0,0,0,1,0,0,0,0,0,0,0,0,0,0,0,0,0,0,0,0,0,0,0,0,0,0,0,0,0,0,9,0,0,0,0,0,0,0,0,0,0,0,109,1,0,0,0,0,4196,0,0,0,0,0,0,1,0,0,0,0,0,0,0,0,0,0,0,0,0,3,0,0,0,0,0,0,0,0,0,0,0,3,0,0,0,0,0,3,0,0,0,0,0,0,0,0,0,0,1,2,0,0,1,0,0,0,0,0,0,2,3,1,7,0,4930,1,0,0,0,0,0,1,1,0,3,2,7,1,0,0,3,0,0,4,152,1,0,0,1,0,0,0,0,0,0,0,0,0,1,6,10,6,0,0,0,0,0,0,0,0,0,0,0,0,0,0,0,0,0,0,0,0,0,0,0,0,0,0,0,0,0,0,0,0,0,0,0,0,0,0,0,0,0,0,0,0,0,0,0,0,0,0,0,0,0,0,0,0,0,0,0,0,1116,0,0,0,0,0,0,0,0,0,0,0,0,0,3,356,252,3,170,1,0,0,67,0,0,1282,173,117,1,0,9,0,0,0,0,0,0,0,0,0,1231,54,58,3,0,1,0,0,0,1698,0,54,1,0,0,0,0,0,0,0,0,0,0,0,2,4,178,0,0,0,0,0,0,16,2,87,0,0,0,0,403,0,0,0,0,0
10 LSX GABA,0,0,0,0,0,0,0,0,1,1,0,24,0,0,6,1,0,0,0,0,0,0,0,0,0,0,0,0,0,0,0,0,0,0,0,0,0,0,0,0,26,0,0,0,0,0,0,0,0,0,0,0,0,0,0,0,0,0,0,0,0,0,0,0,0,0,0,0,0,0,0,0,0,0,1,0,0,0,0,0,0,0,0,46,0,0,0,0,0,0,0,0,0,3,48,33,0,0,0,0,0,0,0,0,0,0,0,0,0,0,0,0,0,0,0,0,0,0,0,17,0,30,0,0,0,4,0,0,0,0,0,0,0,0,0,0,0,0,0,0,0,0,0,0,0,0,0,0,0,1,0,0,0,0,0,0,0,0,0,0,0,0,0,0,0,0,0,0,0,7,5,0,0,0,0,0,0,0,0,0,0,0,0,0,0,0,0,0,0,0,0,0,0,0,0,0,0,0,0,0,0,0,0,0,0,0,0,0,0,0,0,0,0,0,0,0,0,0,0,0,0,0,0,0,1,0,0,1793,10024,3138,0,0,0,0,0,0,0,0,0,1,0,0,0,0,0,0,0,0,0,0,4,2,0,0,1,0,0,0,0,0,0,0,0,0,0,0,4,0,0,39,0,0,0,0,0,2,0,0,0,0,0,0,0,0,0,0,0,39,0,0,0,0,0,0,0,0,0,1,0,0,0,0,0,0,2,0,0,0,0,0,0,8,0,0,0,0,0,0,0,0,1,0,0,0,0,0,0,0,0,0,0,0,0,0,0,0,0,0,0,0,0,0,0,0,0,0,0,0,0,0,0,0,0,0,0,0,0,0,1,0,0,0,0,3,0,8,0,0,0,1,0,0,0,0,0,0,0,0,0,0,0,0,0,0,0,0,0,0,0,0,0,0,0,0,0,0,0,0,0,0,0,0,0,0,0,0,0,0,0,0,0,0,0,0,0,812,1,0,0,232,17,0,0,0,0,0,0,0,0,0,0,0,0,0,0,0,0,0,0,0,0,0,0,0,0,0,0,0,0,0,0,0,0,0,0,0,0,0,0,0,0,0,0,0,0,0,0,0,0,0,1,0,0,0,0,0,0,0,0,0,0,0,0,0,0,0,556,0,0,0,0,0,0,0,0,0,0,0,0,1,0,0,0,0,234,43,9,0,0,0,115,0,0,0,0,0,0,0,0,0,0,0,0,0,0,0,0,0,0,0,0,0,0,0,0,0,0,0,0,0,0,0,0,0,0,0,0,0,0,0,0,0,0,0,0,0,0,0,0,0,0,0,0,0,0,0,0,0,0,0,0,0,0,0,0,0,0,0,0,0,0,0,0,0,23,0,0,0,0,0,0,0,0,0,0,0,0,0,0,0,2,34,0,0,0,0,115,0,0,149,2,0,0,0,0,0,0,0,0,35,4,0,0,0,0,580,4,0,0,18,0,0,0,0,0,0,0,0,0,0,0,0,0,0,0,0,0,0,2,0,0,0,0,0,0,0,0,0,15,0,0,0,0,0,1,0,187,0,0,0
11 CNU-HYa GABA,847,0,0,0,0,0,0,0,0,0,0,877,0,0,385,384,0,0,0,0,1,0,1,1,0,0,1,4,0,1,0,0,0,1,1,0,0,0,0,0,470,0,1,0,0,0,5,0,0,0,0,0,0,0,0,0,0,0,0,0,0,0,0,0,0,0,0,0,0,0,0,0,3,196,191,0,0,2,109,6,11,422,31,5312,1,7,0,3,0,0,0,0,0,0,0,1,2,0,692,1229,2163,0,1,0,3,0,0,344,17,52,0,310,1,157,0,0,0,0,0,1,0,0,7,0,0,10,0,0,0,2,0,0,0,0,0,0,1,0,5,1,0,0,0,0,0,3,129,0,0,0,0,0,0,0,0,0,0,0,204,570,17,0,0,0,2,1,0,0,3,1,2186,0,152,0,0,0,0,1,1,1,0,7,0,0,0,1,0,0,0,0,0,0,0,0,0,0,0,1,0,0,0,0,0,0,0,0,0,0,0,23,0,0,0,0,0,0,0,21,0,411,0,0,0,0,992,0,0,1,540,912,0,282,0,0,2,0,0,0,0,4274,100,0,0,0,0,0,0,0,0,0,34,9,4,4,15,1,0,0,0,0,0,0,0,0,1,1465,1163,0,3,367,0,0,0,0,0,399,0,0,11,13,32,0,0,0,0,0,0,506,0,0,0,0,0,0,0,1,1,0,0,1,5,2,0,0,88,3,1,0,8,61,8,707,0,0,0,0,0,0,0,0,23,0,0,0,0,0,0,0,0,0,0,0,4,0,479,0,0,0,1,0,0,1,0,0,0,0,0,0,0,0,0,1,1,0,0,1,1,0,392,0,0,0,1,81,12,4,31,2,0,106,0,0,0,8,0,1,63,1,0,0,0,0,0,0,0,1,0,0,0,0,0,0,0,0,0,0,0,0,0,0,0,0,10,0,89,33,0,1,0,0,0,0,0,0,0,47,24,0,0,0,2574,0,0,0,0,0,0,21,0,0,0,1,0,0,0,0,0,0,0,0,0,0,0,0,0,0,0,0,0,0,0,0,0,0,0,0,0,0,0,0,0,0,0,0,0,0,0,0,0,0,0,0,0,0,0,0,0,1,0,0,0,0,0,3,0,0,2472,0,0,0,0,0,0,0,0,0,0,0,0,16,0,0,5,0,5,44,149,13,0,0,60,0,0,0,0,0,0,0,0,0,0,0,1,0,0,0,0,0,0,0,0,0,0,0,0,0,0,0,0,0,0,0,0,0,0,0,0,0,0,0,0,0,0,0,0,0,0,0,0,0,0,0,0,0,0,0,0,0,0,0,0,0,0,0,0,0,0,0,0,0,0,0,0,0,23,46,0,1,49,1,0,0,0,0,0,0,0,0,64,148,137,4,5,7,0,0,76,0,0,1,0,0,41,0,0,0,0,0,0,0,0,0,0,0,58,25,161,0,0,47,0,0,0,91,1,79,1,0,1,2,1,0,0,0,0,0,1,43,1,94,1,0,0,0,0,0,0,1,157,328,2,0,0,0,21,0,1,0,0,0
12 HY GABA,5,0,0,0,0,0,0,0,0,0,0,0,0,0,5,2214,0,0,0,0,0,0,0,0,0,0,0,0,0,0,0,0,0,9,53,0,0,0,0,0,0,0,1,0,0,2375,55,0,0,0,0,0,0,0,0,0,0,0,0,0,0,0,0,0,0,0,0,0,0,0,0,0,29,63,301,0,0,0,0,0,0,0,0,200,0,0,0,0,0,0,0,0,0,0,2,0,0,0,0,0,16,0,1,3,0,0,0,0,0,0,0,0,8,0,0,0,1,0,0,4,0,0,2087,0,0,0,0,0,0,0,0,0,0,0,0,0,0,0,0,0,0,0,0,0,0,0,0,0,2,0,53,0,0,0,0,0,0,0,0,3,117,0,0,0,0,0,0,0,0,0,5122,0,0,0,1,0,0,0,0,0,0,29,0,0,0,0,0,0,0,0,1,0,0,0,0,0,0,0,0,0,0,0,0,0,0,0,0,2,0,0,0,0,71,0,6,0,0,410,4,1962,0,0,4,17,199,0,0,0,2,8,0,2,0,0,86,12,0,0,108,13,6,0,3,0,1,1,4,0,0,0,0,0,0,0,0,0,0,0,0,0,0,0,0,0,0,833,571,0,13,4,0,0,0,0,0,18,1,6,0,0,0,0,0,1,0,0,1,2,0,0,0,0,0,0,0,0,0,0,0,0,0,0,0,0,0,5,8,0,0,0,32,239,0,1,0,2,0,0,6,1,83,0,0,0,0,0,0,0,0,0,0,0,514,0,0,0,0,0,0,0,0,70,0,0,0,0,0,0,2,1,0,58,4,0,0,2,13,0,2,13,103,0,4,183,441,5,360,406,77,531,0,0,0,409,1,0,126,6,0,0,0,0,0,0,0,0,0,0,0,0,0,0,0,0,0,0,0,0,0,0,0,0,6923,0,953,907,0,1,0,0,2,0,0,0,0,1,0,0,0,0,31,0,0,1,5,0,0,21,0,0,20,3,0,0,0,0,0,0,0,0,0,0,0,0,0,0,0,0,0,0,0,0,0,0,0,0,0,0,0,0,0,0,0,0,0,0,0,0,0,0,0,0,0,0,0,0,0,0,0,0,0,0,0,0,0,90,10,0,2,2,0,0,26,0,0,0,0,0,0,269,0,110,0,0,0,1,0,1201,0,0,142,0,0,45,0,0,0,0,0,0,0,0,0,0,0,0,0,0,0,0,0,0,0,0,0,0,0,0,0,0,0,0,0,0,0,0,0,0,0,0,0,0,0,0,0,0,0,0,0,0,0,0,0,0,0,0,0,0,0,0,0,0,0,0,0,0,0,0,0,0,0,0,0,0,2,67,51,721,311,94,1,1,2,0,1,0,0,2,4195,0,0,12,0,237,0,0,159,0,0,0,0,0,0,0,0,3,0,0,0,0,0,0,0,179,0,33,477,0,3,97,0,0,0,479,3,0,0,0,0,0,10,1,0,0,0,55,112,250,0,20,76,0,2,0,2,0,0,0,35,5,1,0,0,0,17,0,0,0,0,0
13 CNU-HYa Glut,404,0,0,0,0,0,0,0,0,0,0,106,0,0,100,28,0,0,10,5,0,0,30,58,15,0,1,8,9,7,0,0,0,5,42,0,0,0,0,0,46,0,0,0,0,0,0,0,0,0,0,0,0,0,0,0,0,0,0,0,0,0,0,0,0,0,0,0,0,0,0,0,7,86,367,0,0,6,387,31,36,2333,23,466,0,2,0,0,0,0,0,0,0,0,1,0,1,0,12,5,306,1,0,0,9,0,0,962,5,3,0,25,1,196,0,1,2,0,0,9,0,2,0,0,0,2,0,0,0,0,0,0,0,0,0,0,3,30,22,7,0,0,0,0,0,43,374,0,0,0,0,0,0,0,0,0,0,0,24,88,42,0,0,0,1,4,0,0,0,1,817,0,290,0,0,0,0,0,2,0,0,0,0,0,0,0,0,0,0,0,0,0,0,0,0,0,0,0,0,0,0,0,0,0,0,0,0,0,0,14,0,0,0,0,0,0,0,4,0,1108,0,0,0,1,259,0,0,2,256,170,0,308,0,0,7,0,0,0,0,3597,269,0,0,0,0,0,0,0,0,0,5,15,3,3,2,0,0,0,0,0,0,0,0,1,0,42,327,0,1,362,0,0,0,0,0,336,0,0,14,25,36,0,0,0,0,0,0,287,0,0,2,0,0,0,0,0,0,0,0,0,0,0,0,0,99,39,1,0,2,183,6,378,0,0,0,1,0,0,0,0,0,0,0,1,4,0,0,0,0,0,0,0,8,0,1030,0,0,0,0,0,0,0,0,0,0,0,0,0,0,3,0,3,0,0,0,0,0,0,33,0,0,1,22,37,1,53,0,0,0,15,0,0,0,33,0,0,0,2,0,0,0,0,0,0,0,0,0,0,0,0,0,0,0,0,0,0,0,0,0,0,0,0,16,0,1,0,0,1,1,1,0,0,0,0,2,764,81,0,0,0,1081,0,0,0,0,0,0,18,0,0,1,0,0,0,0,0,0,0,0,0,0,0,0,1,0,0,0,0,0,0,0,0,0,0,0,0,0,0,0,0,0,0,0,0,0,0,0,0,0,0,0,0,0,0,0,0,0,0,0,0,0,0,1,0,0,0,480,0,0,1,0,0,0,0,0,0,0,0,0,143,0,0,8,0,354,1,6,3,0,0,1263,0,0,0,0,0,0,0,0,0,2,14,1,0,0,0,0,0,0,0,0,0,0,0,0,0,0,0,0,0,0,0,0,0,0,0,0,0,0,0,0,0,0,0,0,0,0,0,0,0,0,0,0,0,0,0,0,0,0,0,0,0,0,0,0,0,0,0,0,0,0,0,0,0,4,25,0,1,1,0,0,0,0,0,0,0,0,0,223,1,20,0,9,0,0,0,135,0,0,0,1,0,59,0,2,0,0,0,0,0,0,0,7,0,19,55,134,0,0,270,0,0,0,35,0,20,0,0,4,0,0,0,0,0,0,0,10,4,0,18,0,0,0,0,0,0,0,0,205,29,0,0,0,0,52,0,590,0,0,0
14 HY Glut,1,0,0,0,0,0,0,0,0,0,0,0,0,0,9,1362,0,0,0,0,0,0,0,0,0,0,0,0,0,0,0,0,0,0,0,0,0,0,0,0,0,0,4,0,0,880,1,0,0,0,0,0,0,0,0,0,0,0,0,0,0,0,0,0,0,0,0,0,0,0,0,0,1,43,315,0,0,0,0,0,0,0,0,193,0,0,0,0,0,0,0,0,0,0,0,0,0,0,0,0,3,0,2,0,0,0,0,0,0,0,0,0,11,0,0,1,4,0,0,0,0,0,1479,0,0,0,0,0,0,0,0,0,0,0,0,0,0,0,0,0,0,0,0,0,0,0,0,0,0,0,15,0,0,0,0,0,0,0,0,0,41,0,0,0,0,0,0,0,0,0,4203,0,0,0,0,0,1,0,1,0,0,0,0,0,0,0,0,0,0,0,0,0,0,0,0,0,0,0,0,0,0,0,0,1,0,0,0,0,0,0,0,0,0,1,0,0,0,0,6,2752,0,0,24,0,179,0,0,0,0,0,0,0,0,0,406,0,0,0,43,42,0,0,0,0,0,49,226,49,117,0,0,0,0,0,0,0,0,0,0,0,0,0,0,0,0,749,350,0,22,1,0,0,1,1,0,46,4,1,0,0,0,0,0,1,0,0,0,0,0,0,0,0,0,0,0,0,0,0,0,0,0,0,0,0,0,3,9,0,0,0,49,144,0,1,0,8,0,0,8,0,19,0,0,0,0,0,0,0,0,0,0,0,2712,0,0,0,0,0,0,0,3,527,0,0,0,0,0,0,1,0,0,0,1,0,0,4,6,0,1,24,648,1,0,1044,53,0,62,394,18,388,0,0,0,127,0,0,73,3,0,1,0,0,0,0,0,1,0,0,0,0,0,0,0,0,0,0,0,0,0,0,0,0,1,0,68,16,0,3,1,1,2,0,0,0,0,0,0,0,0,0,17,0,0,0,0,0,0,109,0,0,25,13,0,0,0,0,0,0,0,0,0,0,0,0,0,0,0,0,0,0,0,0,0,0,0,0,0,0,0,0,0,0,0,0,0,0,0,0,0,0,0,0,0,0,0,0,0,0,0,0,0,0,0,0,0,844,2,0,351,3,0,2,0,0,0,0,0,0,0,8,0,73,0,0,0,0,0,1063,0,0,74,0,0,0,0,0,0,0,0,0,0,0,0,0,0,0,0,0,0,0,0,0,0,0,0,0,0,0,0,0,0,0,0,0,0,0,0,0,0,0,0,0,0,0,0,0,0,0,0,0,0,0,0,0,0,0,0,0,0,0,0,0,0,0,0,0,0,0,0,0,0,0,0,0,0,49,27,3727,115,0,0,0,0,2,0,0,0,0,215,0,0,0,0,0,0,1,38,0,0,0,0,0,0,0,0,2,0,0,0,0,0,0,0,0,0,0,326,0,8,88,0,0,0,79,0,0,0,0,0,16,2,0,0,0,1,51,74,94,0,73,0,0,24,0,0,0,0,0,25,2,6,0,0,0,35,0,0,0,0,0
15 HY Gnrh1 Glut,0,0,0,0,0,0,0,0,0,0,0,0,0,0,1,0,0,0,0,0,0,0,0,0,0,0,0,0,0,0,0,0,0,0,0,0,0,0,0,0,0,0,0,0,0,5,0,0,0,0,0,0,0,0,0,0,0,0,0,0,0,0,0,0,0,0,0,0,0,0,0,0,0,3,2,0,0,0,0,0,0,0,0,0,0,0,0,0,0,0,0,0,0,0,0,0,0,0,0,0,0,0,0,0,0,0,0,0,0,0,0,0,0,0,0,0,0,0,0,0,0,0,0,0,0,0,0,0,0,0,0,0,0,0,0,0,0,0,0,0,0,0,0,0,0,0,0,0,0,0,0,0,0,0,0,0,0,0,0,0,0,0,0,0,0,0,0,0,0,0,9,0,0,0,0,0,0,0,0,0,1,0,0,0,0,0,0,0,0,0,0,0,0,0,0,0,0,0,0,0,0,0,0,0,0,0,0,0,0,0,0,0,0,0,0,0,0,0,0,0,0,0,0,0,1,0,0,0,2,0,0,0,0,0,0,0,0,0,0,0,1,0,0,0,0,0,0,0,0,0,0,0,0,0,0,0,0,0,0,0,0,0,0,0,0,0,2,0,0,21,0,0,0,0,0,2,0,0,0,0,0,0,0,0,0,0,0,1,0,0,0,0,0,0,0,0,0,0,0,0,0,0,0,0,0,0,0,0,0,0,0,0,0,0,0,0,0,0,0,0,0,0,0,0,0,0,0,0,0,0,0,0,0,0,0,0,0,0,0,0,0,0,0,0,0,0,0,0,0,0,0,0,0,0,0,0,0,0,0,0,0,0,0,0,0,0,0,0,0,0,0,0,0,0,0,0,0,0,0,0,0,0,0,0,0,0,0,0,0,0,0,0,0,0,0,0,0,0,0,0,0,0,0,0,0,0,0,0,0,0,0,0,0,0,0,0,0,0,0,0,0,0,0,0,0,0,0,2,0,0,0,0,0,0,0,0,0,0,0,0,0,0,0,0,0,0,0,0,0,0,0,0,0,0,0,0,0,0,0,0,0,0,0,0,0,0,0,0,0,0,0,0,0,0,0,0,0,0,0,0,0,0,0,0,0,0,1,0,0,0,0,0,0,0,0,0,0,0,0,0,0,0,0,0,0,0,0,1,0,0,0,0,0,0,0,0,0,0,0,0,0,0,0,0,0,0,0,0,0,0,0,0,0,0,0,0,0,0,0,0,0,0,0,0,0,0,0,0,0,0,0,0,0,0,0,0,0,0,0,0,0,0,0,0,0,0,0,0,0,0,0,0,0,0,0,0,0,0,0,0,0,0,0,0,0,0,0,0,0,0,0,0,0,0,0,0,0,0,0,0,0,0,0,0,0,0,0,0,0,0,0,0,0,0,0,0,0,0,0,0,0,0,0,0,0,0,0,0,0,0,0,0,0,0,0,0,0,0,0,0,0,0,0,0,0,0,0,2,0,0,0,0,0,0,0,0,0,0,0,0,0,0,0,0,0,0,0,0,0,0
16 HY MM Glut,0,0,0,0,0,0,0,0,0,0,0,0,0,0,0,0,0,0,0,0,0,0,0,0,0,0,0,0,0,0,0,0,0,0,0,0,0,0,0,0,0,0,0,0,0,0,0,0,0,0,0,0,0,0,0,0,0,0,0,0,0,0,0,0,0,0,0,0,0,0,0,0,0,0,0,0,0,0,0,0,0,0,0,0,0,0,0,0,0,0,0,0,0,0,0,0,0,0,0,0,0,0,0,0,0,0,0,0,0,0,0,0,0,0,0,0,0,0,0,0,0,0,0,0,0,0,0,0,0,0,0,0,0,0,0,0,0,0,0,0,0,0,0,0,0,0,0,0,0,0,0,0,0,0,0,0,0,0,0,0,0,0,0,0,0,0,0,0,0,0,161,0,0,0,0,0,0,0,0,0,0,0,0,0,0,0,0,0,0,0,0,0,0,0,0,0,0,0,0,0,0,0,0,0,0,0,0,0,0,0,0,0,0,0,0,0,0,0,0,4,0,0,20,0,0,0,0,0,0,0,0,0,0,0,1,0,0,0,0,0,0,0,0,0,0,72,791,988,421,181,0,0,0,0,0,0,0,0,0,0,0,0,0,0,0,0,0,0,0,0,0,0,0,0,0,0,0,0,0,0,0,0,0,0,0,0,0,0,0,0,0,0,0,0,0,0,0,0,0,0,0,0,0,0,0,0,0,0,0,0,0,0,0,0,0,0,0,0,0,0,0,0,0,0,0,0,0,0,0,0,0,0,28,0,0,0,0,0,0,0,413,221,0,0,0,0,0,0,0,0,0,0,0,0,0,0,0,0,0,0,0,0,0,0,0,0,0,0,151,0,0,0,0,0,0,0,0,0,0,0,0,0,0,0,0,0,0,0,0,0,0,0,0,0,0,0,0,0,0,0,0,0,0,0,0,0,0,0,0,0,0,0,0,0,0,0,0,0,0,0,0,0,0,0,0,0,0,0,0,0,0,0,0,0,0,0,0,0,0,0,0,0,0,0,0,0,0,0,0,0,0,0,0,0,0,0,0,0,0,0,0,0,0,0,0,0,0,0,0,0,0,0,0,0,0,0,0,0,0,0,0,0,0,0,0,0,0,0,8,0,0,0,0,0,0,0,0,0,0,0,127,0,0,0,0,0,0,0,0,0,48,0,0,0,0,0,0,0,0,0,0,0,0,0,0,0,0,0,0,0,0,0,0,0,0,0,0,0,0,0,0,0,0,0,0,0,0,0,0,0,0,0,0,0,0,0,0,0,0,0,0,0,0,0,0,0,0,0,0,0,0,0,0,0,0,0,0,0,0,0,0,0,0,0,0,0,0,0,0,0,0,0,0,0,0,0,0,0,0,0,0,0,0,0,0,0,2,0,0,0,0,0,0,0,0,0,0,0,0,0,0,0,0,0,0,0,0,0,0,2,0,0,0,0,0,0,0,0,0,0,0,0,0,0,0,1,0,0,0,0,0,0,8,0,0,0,0,0,0,0,0,0,0,0,1,0,0,0,0,0
17 MH-LH Glut,0,0,0,0,0,0,0,0,0,0,0,0,0,0,0,0,0,0,0,0,0,0,0,0,0,0,0,0,0,0,0,0,0,1,0,0,0,0,0,0,0,0,0,0,0,0,0,0,0,0,0,0,0,0,0,0,0,0,0,0,0,0,0,0,0,0,0,0,0,0,0,0,0,0,0,0,0,0,0,0,0,0,0,0,0,0,0,0,0,0,0,0,0,0,0,0,0,0,0,0,0,0,0,0,0,0,0,0,0,0,0,0,0,0,0,0,0,0,0,8,0,0,0,0,0,0,0,0,0,0,0,0,0,0,0,0,0,0,0,0,0,0,0,0,0,0,0,0,0,0,0,0,0,0,0,0,0,0,0,0,0,0,0,0,0,0,0,0,0,0,0,0,0,0,0,0,0,0,0,0,0,0,0,0,0,0,0,0,0,0,0,0,0,0,0,0,0,0,0,0,0,0,0,0,0,0,0,0,0,0,0,0,0,0,0,0,0,0,863,0,0,0,0,1,0,0,0,0,0,0,0,0,0,0,1,5,0,0,0,0,0,0,0,0,4463,0,0,0,0,0,0,0,0,0,0,0,0,0,0,0,0,0,0,0,0,0,0,0,0,0,0,0,0,0,0,0,0,0,0,0,0,0,0,0,0,0,0,0,0,0,0,0,0,0,0,0,0,0,0,0,0,0,0,0,0,0,0,0,0,0,0,0,0,0,0,0,0,0,0,0,0,0,0,0,0,0,0,6,0,0,0,0,0,0,0,0,0,0,0,0,0,0,0,1,0,0,0,0,0,0,0,0,10,0,0,0,0,0,0,0,0,0,0,0,0,0,0,0,0,0,0,0,0,0,1,0,0,0,0,0,0,0,0,0,0,0,0,0,0,0,0,0,0,0,0,0,0,0,0,0,0,0,0,0,0,0,0,0,0,0,0,0,0,0,0,0,0,0,0,0,0,0,0,0,0,0,0,0,0,0,2,0,0,0,0,0,0,0,0,0,0,0,0,0,0,0,0,0,0,0,0,0,0,0,0,0,0,0,0,0,0,0,0,0,0,0,0,0,0,0,0,0,0,0,0,0,0,0,0,0,0,0,0,0,0,0,0,0,0,0,0,0,0,0,0,0,0,0,0,12,0,0,0,0,0,0,0,0,0,0,133,0,0,0,0,0,0,0,0,0,0,0,0,0,0,0,0,0,0,0,0,0,0,0,0,0,0,0,0,0,0,0,0,0,0,0,0,0,0,0,0,0,0,0,0,0,0,0,0,0,0,0,0,0,0,0,0,0,0,0,0,0,0,0,0,0,0,0,0,0,0,0,0,0,0,0,0,0,0,0,0,0,0,0,0,0,0,0,0,0,0,0,0,0,0,0,53,0,0,0,0,0,21,0,0,0,0,0,0,0,0,0,0,0,0,0,0,0,35,0,0,80,0,0,0,0,0,0,0,0,0,0,0,0,0,0,0,0,0,0,0,0,0,0,0,0,0,0,67,0,0,0,0,0,0,0,0,0,0,0
18 TH Glut,0,0,0,0,0,0,0,0,0,0,0,0,0,1126,0,0,0,0,0,0,0,0,0,0,0,0,0,0,0,0,0,0,0,775,411,0,0,0,0,0,0,0,33,0,0,0,0,0,0,0,0,0,0,0,0,0,0,0,0,0,0,0,0,0,0,0,0,0,0,0,0,0,1482,0,0,0,0,0,0,0,0,0,0,0,0,0,0,0,0,0,0,0,0,1,107,21,0,0,0,0,0,0,0,1422,0,0,1008,0,0,0,0,1,0,0,0,0,0,0,0,164,0,6,0,0,0,0,0,3,0,0,0,0,0,0,0,0,0,0,0,0,0,0,0,0,0,0,0,0,579,0,0,0,0,0,0,0,0,0,0,0,0,0,0,0,0,0,0,0,0,1,116,0,0,540,244,0,0,0,0,0,0,85,0,0,0,0,0,0,0,0,676,0,0,0,0,0,0,0,0,0,0,0,0,0,0,0,0,50,0,0,0,0,3131,0,1483,433,730,120,56,0,0,0,0,4342,0,0,0,0,0,0,1,0,0,0,81,5588,0,0,0,0,0,661,415,711,19,0,0,0,0,0,0,0,0,0,0,0,0,0,0,0,0,0,0,0,0,0,0,0,10,0,0,0,0,13,0,0,0,0,0,0,0,0,1,0,0,0,0,0,0,0,0,0,0,0,0,0,0,0,0,0,0,0,0,0,0,0,0,0,0,0,0,0,0,0,0,0,0,0,0,665,0,0,0,0,0,0,0,1883,0,0,0,0,5,129,0,0,0,0,0,0,0,0,0,4545,337,0,0,21,0,0,0,386,48,0,0,0,0,0,0,0,0,0,1173,20,12,3304,0,0,0,0,0,0,0,0,275,0,0,1694,437,0,0,0,0,0,0,0,0,0,0,0,0,0,0,0,0,0,0,0,0,0,0,0,14,0,0,0,0,0,0,0,0,0,0,0,0,0,0,0,460,0,0,0,0,0,798,0,0,0,0,0,154,1,35,0,0,0,0,0,0,0,0,0,0,0,0,0,0,0,0,0,0,0,0,0,0,0,0,0,0,0,0,0,0,0,0,0,0,0,0,0,0,0,0,0,0,0,0,0,0,0,0,0,0,0,0,0,0,0,0,0,0,0,0,0,0,0,0,0,0,2006,0,0,0,0,0,0,0,0,0,0,55,0,0,1448,0,0,0,0,0,0,0,0,0,0,0,0,0,0,0,0,0,0,0,0,0,0,0,0,0,0,0,0,0,0,0,0,0,0,0,0,0,0,0,0,0,0,0,0,0,0,0,0,0,0,0,0,0,0,0,0,0,0,0,0,0,0,0,0,0,0,0,0,0,0,0,0,1684,0,0,1998,232,5926,692,0,0,0,0,368,178,0,0,61,0,43,0,1,433,54,0,0,0,0,0,0,0,4,0,0,0,0,0,0,0,57,0,11,101,0,107,0,0,0,0,2,0,0,0,0,0,0,19,0,0,0,0,62,0,0,0,0,55,0,0,0,0,0,0,0,139,0,0,0,0,0,3,0,0,0,0,0
19 MB Glut,0,0,0,0,0,0,0,0,0,0,0,0,0,0,0,0,0,0,0,0,0,0,0,0,0,0,0,0,0,0,0,0,0,3,0,0,0,0,0,0,0,0,2707,0,26,0,0,0,0,0,0,0,0,0,0,0,0,0,0,0,0,0,0,0,0,0,0,0,0,0,0,0,0,0,0,0,0,0,0,0,0,0,0,8,0,0,0,0,0,0,0,0,0,0,1,0,0,296,0,0,0,52,248,1,0,16,4,0,0,0,0,0,1,0,0,1778,1001,0,0,53,0,0,0,0,0,0,23,8,1,0,0,0,0,0,0,0,0,0,0,0,0,0,0,0,0,0,0,44,25,0,52,0,0,0,0,0,0,0,0,0,0,1,0,0,0,0,0,0,1,4,310,0,0,1,0,0,6023,8753,10770,26,0,2,12,0,0,0,0,0,0,0,13,10,0,0,1,0,0,4,0,0,0,0,0,0,0,3,5,0,3,0,0,4,0,85,0,0,0,26,189,9,0,0,0,37,0,0,0,0,0,0,29,0,22,0,9593,10,0,0,0,0,0,2,74,79,28,2,2,0,13,0,0,0,0,0,0,0,0,0,0,0,0,0,0,0,0,0,0,95,3229,0,2,10,0,167,55,0,0,65,0,0,0,0,235,353,0,0,0,0,41,0,0,0,0,0,0,0,0,0,0,0,0,0,0,0,0,0,80,0,0,0,10008,5,0,1,0,186,134,0,42,0,0,0,0,0,0,0,0,107,0,0,0,0,139,147,0,0,0,0,0,0,0,0,3,10,126,0,95,49,707,424,0,4,871,0,0,3,54,0,0,0,1,4,11,35,38,81,0,0,0,0,0,14,0,0,110,0,0,39,0,101,0,237,0,0,8,1,39,0,0,0,0,0,7,0,0,0,0,223,3,0,0,0,1,192,0,0,24,2613,806,4038,3261,1436,2488,735,0,0,0,0,6,0,0,103,2,3,0,10,6,0,0,0,470,178,92,0,0,0,0,0,0,0,0,0,0,0,0,0,0,0,0,0,0,0,0,0,0,0,0,0,0,0,0,0,0,0,0,0,0,0,0,0,0,0,0,0,0,0,0,0,0,0,0,0,0,0,0,0,0,32,117,3,1,84,0,0,0,0,0,0,0,417,0,1,0,1,0,0,0,1,0,0,50,5,1,0,0,0,0,0,0,0,0,0,0,0,0,0,0,0,0,0,0,0,0,0,0,0,0,0,0,0,0,0,0,0,0,0,0,0,0,0,0,0,0,0,0,0,0,0,0,0,0,0,0,0,0,0,0,0,0,0,0,0,0,0,0,0,0,0,0,0,0,0,0,0,0,0,117,0,0,1,43,2,80,50,8,0,0,18,156,0,0,1,0,27,5,237,205,104,0,0,0,0,1,116,0,20,67,0,0,0,0,1,0,0,0,1,36,0,80,2,0,0,0,1,191,0,0,0,0,10,115,13,0,0,27,10,0,0,0,0,0,77,7,0,8,0,36,0,50,0,0,0,0,24,774,0,0,14,0,0
20 MB GABA,7,0,0,0,0,0,0,0,0,0,0,3,0,0,0,0,0,0,0,0,0,0,0,0,0,0,0,0,0,0,0,0,0,0,0,0,0,0,0,0,0,0,1673,0,25,0,0,5,0,0,0,0,0,0,0,0,0,0,0,0,0,0,0,0,0,0,0,0,0,0,0,0,1,0,0,0,3,0,0,0,0,0,0,0,0,0,0,0,0,0,0,0,0,0,40,1,0,141,0,0,1,33,64,0,0,21,0,0,0,0,0,10,80,0,0,348,763,0,0,74,0,0,0,0,0,0,59,7,230,0,0,0,0,0,0,0,0,0,0,0,0,0,0,0,0,0,0,1,4,0,109,0,1,0,0,0,0,0,0,277,4,2,0,0,0,0,0,0,0,10,138,0,0,0,0,4,812,1384,1668,7,0,54,8,14,0,0,0,0,0,0,0,57,0,31,14,155,42,5,45,27,1,138,6,0,0,9,8,0,1,0,12,0,0,89,54,19,18,426,12,13,0,0,7,63,1,0,0,0,0,0,10,7,1,0,6329,1,0,0,0,0,0,1,21,22,10,0,0,0,0,0,0,0,0,0,0,0,0,0,0,0,0,0,0,0,0,0,0,56,4171,1,27,54,9,88,130,7,55,210,0,0,0,0,310,307,0,3,0,9,73,0,0,0,0,0,0,0,0,0,0,0,0,0,0,0,5,0,273,1,0,0,4040,3,0,0,0,114,27,0,205,0,0,3,0,0,0,0,0,19,0,72,0,0,39,39,6,0,0,0,0,0,0,0,3,13,8,7,153,9,762,214,0,3,155,0,0,49,327,0,0,0,2,0,0,1,13,0,0,0,0,0,0,30,0,0,8,0,0,0,0,3,0,402,0,0,22,33,211,0,0,0,0,0,13,0,1,0,0,392,2,0,0,0,0,152,0,0,1,1303,259,3666,3112,2032,6080,1239,0,0,0,1,2,0,36,81,1,16,0,190,1431,0,0,31,35,98,3,4,0,0,0,0,0,0,0,0,0,0,0,0,1,0,0,0,1,0,0,0,0,0,0,0,0,0,0,0,0,0,0,0,0,0,0,0,0,0,0,0,0,0,0,0,0,0,0,0,0,0,0,5,2,54,39,3,63,19,2,0,0,0,0,0,0,129,0,0,0,5,0,0,0,0,0,0,34,2,0,2,0,0,1,0,0,0,0,0,0,0,0,0,0,0,0,0,0,0,0,0,0,0,0,0,0,0,0,0,0,0,0,0,0,0,0,0,0,0,0,0,0,0,0,0,0,0,0,0,0,0,0,0,0,0,0,0,0,0,0,0,0,0,0,0,0,0,0,0,0,0,0,0,10,0,0,11,5,30,17,161,7,5,0,0,617,0,0,40,0,59,3,87,381,74,0,0,0,0,0,48,0,281,33,0,0,0,0,0,0,0,0,9,234,0,14,0,0,2,3,37,355,0,0,0,0,3,120,32,1,12,10,0,2,0,0,11,4,8,0,0,65,0,170,0,1,0,0,2,0,50,853,0,0,0,0,0
21 MB Dopa,0,0,0,0,0,0,0,0,0,0,0,0,0,0,0,0,0,0,0,0,0,0,0,0,0,0,0,0,0,0,0,0,0,0,0,0,0,0,0,0,0,0,1,0,5,0,0,0,0,0,0,0,0,0,0,0,0,0,0,0,0,0,0,0,0,0,0,0,0,0,0,0,0,0,0,0,0,0,0,0,0,0,0,0,0,0,0,0,0,0,0,0,0,0,0,0,0,0,0,0,0,0,0,0,0,126,0,0,0,0,0,0,0,0,0,0,0,0,0,0,0,0,0,0,0,0,101,0,0,0,0,0,0,0,0,0,0,0,0,0,0,0,0,0,0,0,0,7,0,0,1,0,0,0,0,0,0,0,0,0,0,0,0,0,0,0,0,0,0,0,16,0,0,0,0,0,0,0,0,230,0,0,0,0,0,0,0,0,0,0,0,0,0,0,33,1,22,51,2,9,0,7,23,0,0,2,0,0,0,0,0,0,0,0,0,0,0,0,0,5,0,0,0,0,0,0,0,0,0,0,0,0,5,0,1334,0,0,0,0,0,0,0,0,0,0,1,2,0,5,0,0,0,0,0,0,0,0,0,0,0,0,0,0,0,0,0,0,0,127,0,29,0,0,0,2,0,0,0,0,0,0,0,0,0,0,0,0,0,0,0,0,0,0,0,0,0,0,0,0,0,0,0,0,0,0,0,0,0,0,0,152,0,0,0,0,0,0,0,0,0,0,0,0,0,0,0,0,0,0,0,0,0,30,2,0,0,0,0,0,0,0,0,31,0,0,0,0,0,2,0,0,0,0,0,0,0,19,0,0,0,10,1,0,0,0,0,0,0,0,0,0,0,0,0,0,0,0,0,0,16,0,2,0,0,0,0,64,0,0,0,0,0,0,0,0,0,0,0,0,0,0,0,0,0,0,0,0,0,0,0,0,0,0,0,0,0,0,0,0,0,0,0,0,0,0,230,270,0,0,0,6,0,0,0,0,0,0,0,0,0,0,0,0,0,0,0,0,0,0,0,0,0,0,0,0,0,0,0,0,0,0,0,0,0,0,0,0,0,0,0,0,0,0,0,0,0,0,0,0,0,0,0,0,0,0,15,0,0,72,0,0,0,0,0,0,0,0,0,0,1,0,0,0,0,0,0,0,0,0,0,3,0,0,0,0,0,0,0,0,0,0,0,0,0,0,0,0,0,0,0,0,0,0,0,0,0,0,0,0,0,0,0,0,0,0,0,0,0,0,0,0,0,0,0,0,0,0,0,0,0,0,0,0,0,0,0,0,0,0,0,0,0,0,0,0,0,0,0,0,0,0,0,0,0,0,0,0,0,0,0,0,0,0,646,0,0,0,0,59,0,0,0,0,0,0,0,0,0,0,0,0,0,0,0,0,26,0,0,0,0,0,1,0,0,0,0,0,0,9,0,0,0,0,0,0,0,0,0,0,34,94,2,0,14,4,0,2,0,0,0,0,0,0,0,68,0,10,0,0,0,0,0,0,1,0,0,0,32,0,0
22 MB-HB Sero,0,0,0,0,0,0,0,0,0,0,0,0,0,0,0,0,0,0,0,0,0,0,0,0,0,0,0,0,0,0,0,0,0,0,0,0,0,0,0,0,0,0,0,0,46,0,0,2,0,0,0,0,0,0,0,0,0,0,0,0,0,0,0,0,0,0,0,0,0,0,0,0,0,0,0,0,0,0,0,0,0,0,0,0,0,0,0,0,0,0,0,0,0,0,0,0,0,0,0,0,0,0,0,0,0,5,0,0,0,0,0,0,239,0,0,0,0,0,0,0,0,0,0,0,0,0,538,0,20,0,0,0,0,0,0,0,0,0,0,0,0,0,0,0,0,0,0,0,0,0,0,0,0,0,0,0,0,0,0,0,0,5,0,0,0,0,0,0,0,0,0,0,0,0,0,0,0,0,0,0,0,0,0,0,0,0,0,0,0,0,0,0,11,0,6,65,1,2,3,8,1,0,0,11,0,0,0,0,0,0,0,0,0,14,0,0,0,0,0,0,0,0,0,0,0,2,0,0,0,0,0,0,0,9,186,0,0,0,0,0,0,0,0,0,0,0,0,0,0,0,0,0,0,0,0,0,0,0,0,0,0,0,0,0,0,0,0,0,68,0,0,0,198,0,0,0,46,2,0,0,0,0,0,0,0,0,0,0,0,0,0,0,0,0,0,0,0,0,0,0,0,0,0,0,0,0,336,3,0,0,318,0,0,0,0,0,0,0,39,0,0,0,0,0,0,0,0,0,0,75,0,21,0,0,0,0,0,0,0,0,0,0,0,0,0,0,0,0,9,0,24,0,0,0,0,18,67,0,0,0,0,1,0,0,0,0,0,0,0,0,0,3,0,0,0,0,0,0,0,0,67,0,28,63,0,71,0,0,0,0,0,0,0,0,0,0,0,0,0,0,0,0,0,0,0,0,0,0,0,0,0,0,0,0,0,0,0,0,0,0,0,0,0,0,0,0,0,0,0,1,0,0,0,0,0,0,0,0,0,0,0,0,0,0,0,0,0,0,0,0,0,0,0,0,0,0,0,0,0,0,0,0,0,0,0,0,0,0,0,0,0,0,0,0,0,0,0,0,0,0,0,0,0,0,0,0,0,0,0,3,0,0,0,0,0,0,0,0,0,0,0,0,0,96,0,0,0,0,0,1,0,2,0,0,0,0,1,0,0,0,0,0,0,0,0,0,0,0,0,0,0,0,0,0,0,0,0,0,0,0,0,0,0,0,0,0,0,0,0,0,0,0,0,0,0,0,0,0,0,0,0,0,0,0,0,0,0,0,0,0,0,0,0,0,0,0,0,0,0,0,0,0,0,0,0,0,0,0,0,0,0,0,0,0,1,0,0,0,0,0,0,0,0,0,0,0,2,0,0,0,0,0,0,0,0,8,0,0,0,0,0,0,0,0,0,0,0,0,0,0,0,0,0,0,2,0,0,0,0,0,87,28,0,0,2,0,0,0,0,0,0,0,0,14,2,0,66,0,0,0,0,19,0,23,12,0,0,0,0,0
23 P Glut,1,0,0,0,0,0,0,0,0,0,0,0,1,0,0,0,0,0,0,0,0,0,0,0,0,0,0,0,0,0,0,0,3,0,0,2,0,0,0,0,0,0,3,0,6,0,0,3,0,0,0,0,0,0,0,0,0,0,0,0,0,0,0,0,0,0,0,0,0,0,0,0,0,0,0,1,51,0,0,0,0,0,0,0,0,0,0,0,0,0,0,0,0,0,0,0,0,328,0,0,0,119,364,0,0,1,0,0,0,0,56,0,199,0,1,183,171,7,0,0,0,0,0,0,2,0,9,0,24,0,0,0,0,0,88,0,0,0,0,0,0,0,0,0,0,0,0,0,0,0,0,3,2,0,0,0,0,0,0,0,1,109,0,0,0,0,0,0,0,0,3,32,0,0,0,1,3,1,9,2,0,0,0,0,0,0,0,0,0,0,0,0,0,7,4,5,16,13,4,8,0,63,7,84,2,0,8,0,332,0,15,41,0,272,0,0,0,0,2,7,7,0,0,0,0,111,11,0,0,0,0,0,0,19,361,0,0,0,0,0,0,0,0,0,0,3,0,0,0,0,0,0,0,0,0,0,0,0,0,0,0,0,0,0,0,0,0,0,424,0,0,428,823,10,0,0,71,411,0,0,0,33,1,0,2,111,48,0,0,0,0,0,0,0,0,0,0,0,0,0,0,0,0,0,0,0,5180,53,0,0,733,2,0,303,4,3329,0,39,624,0,0,77,0,0,0,0,0,0,2,3343,11,65,5,0,0,0,0,0,0,0,0,0,9,0,0,159,0,0,496,0,4,0,0,0,0,756,831,76,0,0,0,3106,0,0,0,0,0,0,0,0,0,2,3,0,0,0,0,0,0,0,7,1,0,0,1,22,2,0,0,0,0,0,0,0,0,0,0,0,0,0,0,0,0,1,0,0,0,4,2,8,5,0,0,0,0,0,0,30,0,0,1,2,12,42,0,0,5,0,332,30,0,0,0,135,0,120,211,0,0,0,0,0,0,0,0,0,0,0,0,0,0,0,0,0,0,0,0,0,0,0,0,0,0,0,0,0,0,0,0,0,0,0,0,0,0,0,0,0,0,0,0,0,0,0,0,0,0,0,11,282,17,6,0,0,0,0,0,0,0,0,0,0,0,1389,0,0,0,0,22,61,0,34,46,0,105,6,13,19,0,0,0,0,0,0,0,0,0,0,0,0,0,0,0,0,0,0,0,0,0,0,0,0,0,0,0,0,0,0,0,0,0,0,0,0,0,0,0,0,0,0,0,0,0,0,0,0,0,0,0,0,0,0,0,0,0,0,0,0,0,0,0,0,0,0,0,0,2,0,0,0,0,0,0,13,0,2,2,0,1,0,0,0,0,0,285,1,370,0,0,0,0,0,133,0,0,0,1,105,0,0,0,0,0,0,0,0,0,0,2,0,4,0,183,0,200,0,0,268,0,0,205,11,4,11,1,0,0,0,0,0,0,0,0,15,53,360,551,0,0,0,0,66,0,54,1645,81,0,0,74,8
24 MY Glut,1,0,0,0,0,0,0,0,0,0,0,0,2,0,0,0,0,0,0,0,0,0,0,0,0,0,0,0,0,0,0,15,11,0,0,1,0,0,0,0,0,16,48,0,0,0,0,1,0,0,0,0,0,0,0,0,0,0,0,0,0,0,0,0,0,0,0,0,0,0,0,0,0,1,0,15,1,0,0,0,0,0,0,0,0,0,0,0,0,0,0,0,0,0,0,0,0,210,0,0,0,1,11,0,0,0,0,0,0,0,121,0,89,0,58,10,126,298,0,0,0,0,0,88,109,0,0,0,0,0,0,0,0,0,81,0,0,0,0,0,0,0,0,0,0,0,0,0,1,0,19,892,216,0,0,0,0,0,0,0,8,861,0,0,0,0,0,0,0,0,31,39,0,0,0,27,18,31,6,0,0,0,29,0,0,0,0,0,0,0,0,5,891,375,0,0,0,0,0,0,0,0,0,1199,18,0,0,0,73,0,128,25,0,34,0,0,0,0,0,62,20,0,0,0,8,77,6,0,0,0,0,0,0,199,372,0,27,6,0,1,0,0,0,0,0,0,1,0,0,0,0,0,0,0,0,0,0,0,0,0,0,0,0,0,0,0,1,0,616,0,0,1921,1688,2,2,8,45,65,0,0,0,114,0,23,2,5,1266,0,0,0,0,0,0,0,0,0,0,0,0,0,0,0,0,0,0,0,761,192,0,0,395,17,0,1739,66,311,0,31,111,0,0,45,0,0,0,0,0,1,134,4,70,246,18,0,0,0,0,0,0,0,0,0,0,0,0,12,0,0,63,0,36,0,6,0,11,999,691,109,0,0,2,231,0,0,1,0,0,0,0,0,0,0,119,8,0,0,0,0,0,0,44,27,12,90,0,8,4,0,0,0,0,0,0,0,0,0,0,0,0,0,0,0,2,1,0,0,0,175,73,68,225,2,0,0,0,0,0,6,0,0,1,2,39,25,0,2,2,0,50,8,0,2,0,559,6,1558,988,0,0,0,0,0,0,0,0,0,0,0,0,0,0,0,0,0,0,0,0,0,0,0,0,0,0,0,0,0,0,0,0,0,0,0,0,0,0,0,0,0,0,0,0,0,0,0,0,1,0,0,0,159,138,10,0,0,0,0,0,0,0,2,0,0,0,136,0,0,0,0,34,434,0,229,128,0,1102,20,657,24,0,0,0,0,0,0,0,0,0,0,0,0,0,0,0,0,0,0,0,0,0,0,0,0,0,0,0,0,0,0,0,0,0,0,0,0,0,0,0,0,0,0,0,0,0,0,0,0,0,0,0,0,0,0,0,0,0,0,0,0,0,0,0,0,0,0,0,0,11,0,0,0,0,0,0,0,0,9,91,0,28,0,0,0,0,1,661,0,113,0,4,0,0,0,167,7,0,0,0,0,9,0,0,0,0,0,0,0,1,0,2,0,2,0,74,6,50,0,0,13,0,0,13,33,0,0,1,1,0,0,0,0,0,1,0,211,42,335,64,0,0,0,1,8,3,73,169,22,0,0,18,12
25 Pineal Glut,0,0,0,0,0,0,0,0,0,0,0,0,0,0,0,0,0,0,0,0,0,0,0,0,0,0,0,0,0,0,0,0,0,0,0,0,0,0,0,0,0,0,0,0,0,0,0,0,0,0,0,0,0,0,0,0,0,0,0,0,0,0,0,0,0,0,0,0,0,0,0,0,0,0,0,0,0,0,0,0,0,0,0,0,0,0,0,0,0,0,0,0,0,0,0,0,0,0,0,0,0,0,0,0,0,0,0,0,0,0,0,0,0,0,0,0,0,0,0,0,0,0,0,0,0,0,0,0,0,0,0,0,0,0,0,0,0,0,0,0,0,0,0,0,0,0,0,0,0,0,0,0,0,0,0,0,0,0,0,0,0,0,0,0,0,0,0,0,0,0,0,0,0,0,0,0,0,0,0,0,0,0,0,0,0,0,0,0,0,0,0,0,0,0,0,0,0,0,0,0,0,0,0,0,0,0,0,0,0,0,0,0,0,0,0,0,0,0,0,0,0,0,0,0,0,0,0,0,0,0,0,0,0,0,0,0,0,0,0,0,0,0,0,0,0,0,0,0,0,0,0,0,0,0,0,0,0,0,0,0,0,0,0,0,0,0,0,0,0,0,0,0,0,0,0,0,0,0,0,0,0,0,0,0,0,0,0,0,0,0,0,0,0,0,0,0,0,0,0,0,0,0,0,0,0,0,0,0,0,0,0,0,0,0,0,0,0,0,0,0,0,0,0,0,0,0,0,0,0,0,0,0,0,0,0,0,0,0,0,0,0,0,0,0,0,0,0,0,0,0,0,0,0,0,0,0,0,0,0,0,0,0,0,0,0,0,0,0,0,0,0,0,0,0,0,0,0,0,0,0,0,0,0,0,0,0,0,0,0,0,0,0,0,0,0,0,0,0,0,0,0,0,0,0,0,0,0,0,0,0,0,0,0,0,0,0,0,0,0,0,0,0,0,0,0,0,0,0,0,0,0,0,0,0,0,0,0,0,0,0,0,0,0,0,0,0,0,0,0,0,0,0,0,0,0,0,0,0,0,0,0,0,0,0,0,0,0,0,0,0,0,0,0,0,0,0,0,0,0,0,0,0,0,0,0,0,0,0,0,0,0,0,0,0,0,0,0,0,0,0,0,0,0,0,0,0,0,0,0,0,8,0,0,0,0,0,0,0,0,0,0,0,0,0,0,0,0,0,0,0,0,0,0,0,0,0,0,0,0,0,0,0,0,0,0,0,0,0,0,0,0,0,0,0,0,0,0,0,0,0,0,0,0,0,0,0,0,0,0,0,0,0,0,0,0,0,0,0,0,0,0,0,0,0,0,0,0,0,0,0,0,0,0,0,0,0,0,0,0,0,0,0,0,0,0,0,0,0,0,0,0,0,0,0,0,0,0,0,0,0,0,0,0,0,0,0,0,0,0,0,0,1,0,0,0,0,0,0,0,0,0,0,0,0,0,0,0,0,0,0,0,0,0,0,0,0,0,0,0,0,0,0,0,0,12,0,0,0,0,0
26 P GABA,0,0,0,0,0,0,0,0,0,0,0,0,2,0,0,0,0,0,0,0,0,0,0,0,0,0,0,0,0,0,0,0,2,0,0,0,0,0,0,0,0,0,1,0,49,0,0,62,0,0,0,0,0,0,0,0,0,0,0,0,0,0,0,0,0,0,0,0,0,0,0,0,0,0,0,1,9,0,0,0,0,0,0,0,0,0,0,0,0,0,0,0,0,0,0,0,0,67,0,0,0,25,1,0,0,15,0,0,0,0,0,0,1428,0,0,37,41,4,0,0,0,0,0,0,1,0,30,0,519,0,0,0,0,0,0,0,0,0,0,0,0,0,0,0,0,0,0,0,0,0,1,10,18,0,0,0,0,0,0,0,0,339,0,0,0,0,0,0,0,0,0,6,0,0,0,17,1,0,1,17,0,0,0,0,0,0,0,0,0,0,0,0,1,17,63,260,65,31,88,150,13,125,6,193,0,0,2,0,30,0,48,1,0,392,0,0,0,0,0,0,0,0,0,0,0,4,1,0,0,0,0,0,0,44,537,0,0,2,0,0,0,0,0,0,0,22,0,0,0,0,0,0,0,0,0,0,0,0,0,0,0,0,0,0,0,0,0,0,468,0,0,211,314,1,4,0,308,908,0,0,0,1,1,0,3,329,6,0,0,0,0,0,0,0,0,0,0,0,0,0,0,0,0,0,0,0,1992,34,0,0,377,0,0,151,0,134,0,93,1606,0,0,182,0,0,0,0,0,0,2,93,27,24,0,0,0,0,0,0,0,0,0,0,3,0,0,463,0,0,126,0,9,0,0,0,0,970,1931,17,0,0,0,299,0,0,0,0,0,0,0,0,0,0,0,0,0,0,0,0,0,0,7,13,0,0,0,159,2,0,0,0,0,0,0,0,1,0,0,0,0,0,0,0,0,0,0,0,0,5,0,0,2,0,1,0,0,0,0,7,0,0,0,0,10,67,0,0,4,0,303,166,0,0,0,42,0,28,103,0,0,0,0,0,0,0,0,0,0,0,0,0,0,0,0,0,0,0,0,0,0,0,0,0,0,0,0,0,0,0,0,0,0,0,0,0,0,0,0,0,0,0,0,0,0,0,0,0,0,0,45,37,16,0,0,0,0,0,0,0,0,0,0,0,0,513,0,0,0,0,0,24,0,37,0,0,19,0,73,5,0,0,0,0,0,0,0,0,0,0,0,0,0,0,0,0,0,0,0,0,0,0,0,0,0,0,0,0,0,0,0,0,0,0,0,0,0,0,0,0,0,0,0,0,0,0,0,0,0,0,0,0,0,0,0,0,0,0,0,0,0,0,0,0,0,0,0,0,0,0,0,0,0,0,0,2,78,11,0,0,6,0,0,0,0,0,30,0,47,0,0,0,0,0,7,0,0,0,0,1,0,0,0,0,0,0,0,0,0,0,0,0,1,0,2,0,330,0,0,240,0,0,68,28,59,3,3,0,1,0,0,0,0,0,0,17,112,47,169,0,0,0,0,112,0,87,8,5,0,0,0,1
27 MY GABA,1,0,0,0,0,0,0,0,0,0,0,0,0,0,0,0,0,0,0,0,0,0,0,0,0,0,0,0,0,0,0,18,8,0,0,2,0,0,0,0,0,82,33,0,0,0,0,8,0,0,0,0,0,0,0,0,0,0,0,0,0,0,0,0,0,0,0,0,0,0,0,0,0,0,0,1,2,0,0,0,0,0,0,0,0,0,0,0,0,0,0,0,0,0,0,0,0,213,0,0,0,1,35,0,0,0,0,0,0,0,129,0,57,0,357,29,23,23,0,0,0,0,1,30,146,0,2,0,1,0,0,0,0,0,97,0,0,0,0,0,0,0,0,0,0,0,0,1,0,0,17,1,21,0,0,0,0,0,0,0,0,1142,0,0,0,0,0,0,0,0,20,8,0,0,0,19,0,12,0,0,0,0,1,0,0,0,0,0,0,0,0,2,15,276,1,0,0,0,0,1,0,0,0,1127,4,1,0,0,59,0,46,1,0,28,0,0,0,1,0,4,22,0,0,0,0,93,2,0,0,0,0,0,0,400,181,0,20,18,0,0,0,0,0,0,0,0,0,0,0,0,0,0,0,0,0,0,0,0,0,0,0,0,0,0,0,0,0,0,441,0,0,2100,1558,1,2,0,6,256,0,0,0,157,0,7,50,10,1190,0,0,0,0,0,0,0,0,0,0,0,0,0,0,0,0,0,0,0,938,171,0,0,237,1,0,1587,53,117,2,28,46,0,0,1,0,0,0,0,0,0,6,1,283,707,3,0,0,0,0,0,0,0,0,0,0,0,0,32,0,0,91,2,135,0,0,0,9,1066,796,511,0,0,1,227,0,0,1,0,0,0,0,0,0,1,216,0,0,0,0,0,0,0,101,47,7,56,6,6,11,0,0,0,0,0,0,0,0,0,0,0,0,0,0,0,0,0,0,0,0,57,16,8,43,1,0,0,0,0,0,8,0,0,1,0,8,12,0,1,0,0,41,27,0,0,0,692,9,2362,548,0,0,0,0,0,0,0,0,0,0,0,0,0,0,0,0,0,0,0,0,0,0,0,0,0,0,0,0,0,0,0,0,0,0,0,0,0,0,0,0,0,0,0,0,0,0,0,0,3,0,0,0,95,121,1,0,0,0,0,0,0,0,2,0,0,0,105,0,0,0,0,101,58,0,636,128,0,17,1,209,17,0,0,0,0,0,0,0,0,0,0,0,0,0,0,0,0,0,0,0,0,0,0,0,0,0,0,0,0,0,0,0,0,0,0,0,0,0,0,0,0,0,0,0,0,0,0,0,0,0,0,0,0,0,0,0,0,0,0,0,0,0,0,0,0,0,0,0,0,2,0,0,0,0,0,0,0,2,80,84,0,113,0,0,1,0,1,224,0,163,0,0,0,0,0,325,1,0,0,0,0,7,0,0,0,0,0,0,0,0,0,0,0,1,0,85,0,70,0,0,11,0,0,56,42,1,0,0,1,2,0,0,0,0,0,0,68,90,460,99,0,0,0,0,29,3,66,382,17,0,0,31,16
28 CB GABA,0,0,0,0,0,0,0,0,0,0,0,0,0,0,0,0,0,0,0,0,0,0,0,0,0,0,0,0,0,0,0,0,0,0,0,14210,8815,0,0,0,0,0,0,0,66,0,0,0,0,0,0,0,0,0,0,0,0,0,0,0,0,0,0,0,0,0,0,0,0,0,0,0,0,0,0,0,0,0,0,0,0,0,0,0,0,0,0,0,0,0,0,0,0,0,0,0,0,274,0,0,0,4723,7620,0,0,0,0,0,0,0,2587,0,0,0,0,16376,0,661,5737,0,0,0,0,0,224,0,0,0,0,0,0,0,0,0,5,0,0,0,0,0,0,0,0,0,0,0,0,0,0,0,0,2484,181,1176,0,0,0,0,0,0,0,60,0,0,0,0,0,0,0,0,0,1,0,0,0,18,0,3,0,0,0,0,0,0,0,0,0,0,0,0,0,0,0,304,0,0,0,0,0,0,0,0,0,90,0,0,0,0,10,0,17,0,0,0,0,0,0,5,0,0,0,365,0,0,0,1,0,0,0,0,0,0,0,2,80,0,0,2,0,0,0,0,0,0,0,0,0,0,0,0,0,0,0,0,0,0,0,0,0,0,0,0,0,0,0,0,0,0,0,0,0,149,52,0,0,0,0,2,0,0,0,3661,0,0,0,0,4,0,0,0,0,0,0,0,0,0,0,0,0,0,0,0,0,0,0,0,38,6,0,0,6,0,0,35,0,21,0,0,0,0,0,0,0,0,0,0,0,0,8417,0,4,23,0,0,0,0,0,0,0,0,0,0,0,0,0,2,0,0,0,0,1,0,0,0,6893,16,29,6,0,0,0,14,0,0,0,0,0,0,0,0,1525,0,2,0,0,0,0,0,0,0,7,1,0,0,0,0,0,0,0,0,0,0,0,0,1,0,0,0,0,1,0,0,0,0,0,0,0,0,0,0,0,0,0,0,0,0,0,0,0,0,1,16593,1,0,0,0,0,0,1,4,0,0,0,75,0,25,32,0,0,0,0,0,0,0,0,0,0,0,0,0,0,0,0,0,0,0,0,0,0,0,0,0,0,0,0,0,0,0,0,0,0,0,0,0,0,0,0,0,0,0,0,0,0,0,0,0,0,0,0,0,45,0,0,0,0,0,0,0,0,0,0,0,0,1,0,0,0,0,2893,0,0,124,214,0,191,0,1,1,0,0,0,0,0,0,0,0,0,0,0,0,0,0,0,0,0,0,0,0,0,0,0,0,0,0,0,0,0,0,0,0,0,0,0,0,0,1,0,0,0,0,0,0,0,0,0,0,0,0,0,0,0,0,0,0,0,0,0,0,0,0,0,0,0,0,0,0,0,0,0,0,0,0,0,0,0,22,1,0,12,0,0,0,0,0,2549,0,39,0,4,0,0,0,49,0,0,0,0,0,1,0,0,0,0,0,0,0,1,0,0,0,0,0,12,0,4,0,0,26,0,0,0,0,0,0,0,0,0,0,0,0,0,0,0,0,1,20,40,0,0,0,0,1,0,1,9967,0,0,0,1,6
29 CB Glut,0,0,0,0,0,0,0,0,0,0,0,0,0,0,0,0,0,0,0,0,0,0,0,0,0,0,0,0,0,0,0,0,0,0,0,17358,8381,0,0,0,0,0,0,0,3,0,0,0,0,0,0,0,0,0,0,0,0,0,0,0,0,0,0,0,0,0,0,0,0,0,0,0,0,0,0,0,0,0,0,0,0,0,0,0,0,0,0,0,0,0,0,0,0,0,0,0,0,427,0,0,1,10648,17641,0,0,0,0,0,0,0,3351,0,0,0,0,29884,0,2173,5318,0,0,0,0,0,801,0,0,0,0,0,0,0,0,0,0,0,0,0,0,0,0,0,0,0,0,0,0,0,0,0,0,4678,567,750,0,0,0,0,0,0,0,1,0,0,0,0,0,0,0,0,0,0,0,0,0,0,0,1,0,0,0,0,0,0,0,0,0,0,0,0,0,0,0,370,0,0,0,0,0,0,0,0,0,0,0,0,3,0,153,0,1,0,0,1,0,0,0,0,0,0,0,427,0,0,0,0,0,0,0,0,0,0,0,0,8,0,0,0,0,0,0,0,0,0,0,0,0,0,0,0,0,0,0,0,0,0,0,0,0,0,0,0,0,0,0,0,0,0,0,0,0,32,429,0,0,0,0,8,0,0,0,5697,0,0,0,0,0,0,0,0,0,0,0,0,0,0,0,0,0,0,0,0,0,0,0,0,507,0,0,0,1,0,5,0,0,11,0,0,2,0,0,0,0,0,0,0,0,0,16424,0,0,0,0,0,0,0,0,0,0,0,0,0,0,0,0,0,0,0,0,0,0,0,0,0,5283,0,0,0,0,0,0,35,0,0,0,0,0,0,0,0,1261,0,0,0,0,0,0,0,0,0,0,0,0,0,0,0,0,0,0,0,0,0,0,0,0,0,0,0,0,0,0,0,0,0,0,0,0,0,0,0,0,0,0,2,0,0,0,0,0,0,0,26617,0,0,0,0,0,0,10,0,0,0,0,4,0,0,11,0,0,0,0,0,0,0,0,0,0,0,0,0,0,0,0,0,0,0,0,0,0,0,0,0,0,0,0,0,0,0,0,0,0,0,0,0,0,0,0,0,0,0,0,0,0,0,0,0,0,0,0,0,0,0,0,0,0,0,0,0,0,0,0,0,0,0,0,0,0,0,5265,0,0,84,304,0,918,0,0,0,0,0,0,0,0,0,0,0,0,0,0,0,0,0,0,0,0,0,0,0,0,0,0,0,0,0,0,0,0,0,0,0,0,1,0,0,2,0,1,0,0,0,0,0,0,0,0,0,0,0,0,0,0,0,1,0,0,0,0,0,0,0,0,0,0,0,0,0,0,0,0,0,0,0,0,0,0,1,0,0,0,0,0,0,0,0,10501,0,26,0,114,0,0,0,89,0,0,0,0,0,0,0,0,0,0,0,0,0,0,0,0,0,0,0,269,0,9,0,0,551,0,0,0,0,0,0,0,0,0,0,0,0,0,0,0,0,1,137,14,0,0,0,0,0,0,0,8199,25,0,0,1,0
30 Astro-Epen,876,1445,627,680,537,45,1252,554,1001,477,87,3478,12,754,143,930,859,828,635,413,30,658,611,335,193,35,469,479,276,108,0,19,13,176,119,3854,3529,73,31,87,5575,140,1563,501,2455,1019,9,43,286,237,94,131,121,28,569,448,228,329,116,35,83,74,47,85,29,11,416,283,231,287,167,41,434,121,373,22,24,7,765,722,382,723,804,1440,3660,4018,786,4212,343,169,47,274,1170,928,3820,1814,2305,1700,296,571,1016,2278,3193,309,473,64,303,855,1041,1067,1985,17726,667,562,96,6296,711,1252,2073,8437,976,2570,664,84,853,975,169,14,218,539,382,305,138,45,137,2339,2023,1316,1496,1134,1985,1863,1723,1293,775,581,1101,26,136,151,138,2508,947,295,2,141,79,0,160,4092,406,1832,401,333,189,187,233,51,636,433,4793,56,160,96,67,91,1324,2145,2888,88,618,48,37,20,8,465,185,219,253,8,218,46,470,1543,46,89,49,26,49,116,4,39,15,1899,10,7,17,8,304,2771,343,21,966,288,322,64,128,383,531,2516,25,349,165,1056,759,193,36,1102,4221,1645,44,454,5,458,10194,1418,14,16,235,3383,108,123,94,173,645,117,291,247,148,34,2204,2276,259,268,1682,2497,3314,1686,1421,207,3816,3649,2040,1520,91,491,638,30,4172,887,74,3292,4191,179,66,1321,209,1141,46,55,42,2282,275,311,13,211,888,5130,44,290,921,502,300,34,628,364,207,279,9,458,714,306,131,8,1860,91,5251,362,887,1173,7268,1650,1975,2164,44,1498,86,94,1235,156,15,78,403,152,92,17,7,456,5533,1283,195,540,973,67,13028,992,420,332,548,38,67,205,21,897,126,459,1713,16,884,137,145,149,509,1202,2115,2628,2272,330,125,14,159,1532,343,439,193,1186,154,874,182,674,409,21,79,186,85,1719,91,600,128,43,150,550,19,126,36,140,110,858,486,420,208,20,1560,770,795,293,28,2838,1170,1290,426,50,1762,136,192,133,109,1097,365,2321,1882,800,1586,996,462,600,94,59,75,74,4018,5262,56,89,237,256,2875,98,599,233,406,66,34,1031,3,1287,1146,1412,1268,946,770,689,144,365,376,223,440,345,92,1228,1421,888,672,857,94,436,574,379,306,392,47,399,249,78,144,73,12,778,713,383,498,444,61,219,230,123,139,153,17,1971,1927,1228,1100,989,158,349,4033,2625,412,255,577,44,16,824,583,321,529,281,92,1005,23,92,1345,988,232,1371,1126,1015,1402,414,7899,3913,3037,443,1593,21,1462,51,557,453,207,296,236,66,361,260,124,219,103,29,110,72,40,44,31,14,419,156,61,195,82,21,259,255,156,158,88,28,84,122,57,59,29,7,1601,1529,826,834,402,115,230,272,33,122,35,3,214,139,47,90,43,8,433,288,66,183,72,20,285,186,116,84,38,14,11290,71,694,877,94,492,79,1184,226,270,42,117,133,159,2159,536,158,3020,493,171,9458,551,4863,430,83,7361,917,2532,11713,58,1635,1576,31,75,23,42,1046,5,93,128,3424,4590,3206,2324,215,254,35,338,1011,3051,906,1699,49,1344,17,34,430,176,70,40,48,134,87,356,1184,1273,770,51,6,720,474,1837,990,3078,1066,1382,46,548,6,275,13605,291,265,22,77,42
31 OPC-Oligo,649,193,168,482,674,73,195,150,469,337,100,2065,13,291,116,582,146,256,267,460,50,98,155,204,173,31,110,191,177,130,3,48,26,354,202,2293,1283,6,12,17,3324,1,3034,177,48,147,6,168,41,82,62,111,110,41,62,178,186,274,145,59,18,34,26,52,27,16,59,67,83,181,158,62,441,121,103,32,14,2,455,300,189,329,248,1351,913,2553,264,1015,46,82,19,71,193,414,2420,1011,542,1921,181,221,766,455,1216,334,399,189,165,169,266,222,1266,22151,1592,407,106,2583,1374,1298,1224,2350,222,658,185,84,838,271,141,17,126,106,92,124,63,45,213,246,415,463,674,568,302,494,615,593,408,578,785,24,245,121,439,932,1239,70,0,94,98,1,203,5639,1249,6320,50,67,57,87,148,49,86,326,3714,119,94,175,42,219,1948,1836,3761,190,48,73,46,12,4,62,28,71,201,16,109,120,766,1897,69,65,90,27,38,129,2,23,17,5207,8,11,14,12,522,560,871,16,1227,233,400,74,126,456,576,3873,47,49,118,1552,825,372,78,138,1664,407,81,500,23,1184,14738,1397,30,42,41,1203,63,57,159,153,297,47,247,164,75,25,648,1060,123,139,661,389,1497,1617,2219,416,629,1445,1685,2220,212,181,472,58,12109,1061,39,3827,7925,311,101,1125,164,2601,8,22,35,328,329,335,39,509,741,3346,34,71,518,462,435,37,99,99,140,228,8,77,221,219,144,10,782,3,10138,811,278,263,4762,3503,640,4717,30,1948,87,174,761,211,11,73,84,78,36,11,1,535,1434,2982,589,1328,818,96,5550,139,90,196,503,42,60,89,40,1491,169,1109,948,39,2537,262,229,83,222,529,447,7621,6789,386,83,25,258,3137,246,67,60,237,25,77,29,66,136,29,117,281,167,998,83,139,43,85,398,1644,62,159,68,325,378,111,143,242,216,58,329,261,700,503,64,649,584,1031,596,105,3686,260,48,80,11,2237,654,2715,3292,790,878,148,250,1055,71,19,85,17,4902,2115,61,67,200,287,2007,94,1014,669,170,60,71,1923,28,2739,2404,155,478,773,743,929,295,54,141,162,352,408,114,158,552,735,755,1380,199,51,232,345,307,523,76,54,73,41,112,109,39,98,306,286,501,738,89,34,104,94,152,243,40,202,619,799,858,1080,245,643,3167,2763,336,572,1135,46,27,156,134,100,199,168,115,1354,17,39,334,2146,426,307,270,518,402,693,1547,520,785,934,2501,49,1927,141,68,73,55,132,187,53,53,109,94,195,139,56,23,40,36,57,37,23,47,57,36,128,103,31,47,101,92,141,82,36,17,38,37,43,22,10,243,512,551,730,447,181,38,68,7,51,21,0,39,41,26,88,38,21,64,83,24,98,39,17,57,95,86,100,71,23,2186,39,1188,401,53,1546,107,2320,233,609,131,186,159,13,4264,3105,598,3356,257,610,13919,494,3257,385,133,12608,3228,4114,1472,77,3944,2381,40,275,37,107,3787,6,92,505,5046,8389,5434,4816,613,534,64,36,3187,14818,2052,3204,12,3847,31,37,1383,441,146,45,124,305,245,738,232,2649,891,77,11,2530,1011,5156,1748,8230,1699,1859,54,1361,2,1106,4170,701,243,66,178,66
32 OEC,0,0,0,0,0,0,0,0,0,0,0,0,0,0,0,0,0,0,0,0,0,0,0,0,0,0,0,0,0,0,0,0,0,0,0,0,0,114,0,97,4,0,0,0,0,0,0,0,0,0,0,0,0,0,0,0,0,0,0,0,0,0,0,0,0,0,0,0,0,0,0,0,0,0,0,0,0,0,0,0,0,0,0,0,0,0,0,0,0,0,0,0,0,0,0,0,0,0,0,0,0,0,0,0,0,0,0,0,0,0,0,0,0,0,0,0,0,0,0,0,0,0,0,0,0,0,0,0,0,0,0,0,0,0,0,0,0,0,0,0,0,0,0,0,0,0,0,0,0,0,0,0,0,0,0,0,0,0,0,0,0,0,0,0,0,0,0,0,0,0,0,0,0,0,0,0,0,0,0,0,0,0,0,0,0,0,0,0,0,0,0,0,0,0,0,0,0,0,0,0,0,0,0,0,0,0,0,0,0,0,0,0,0,0,0,0,0,0,0,0,0,0,0,0,0,0,0,0,0,0,0,0,0,0,0,0,0,0,0,0,0,0,0,0,0,0,0,0,0,0,1328,33,40,62,199,0,0,0,0,0,0,0,0,0,0,0,0,0,0,0,0,0,1,0,0,0,0,0,0,0,0,0,0,0,0,0,0,1687,0,0,0,0,0,0,9,0,0,0,0,5,0,0,0,0,0,0,0,0,0,1,0,0,0,0,0,0,0,0,0,0,0,0,0,0,0,0,0,0,0,0,0,0,0,0,0,0,0,0,0,0,0,0,0,0,0,0,0,0,0,0,0,0,0,0,0,0,0,0,0,0,0,0,0,0,0,0,0,0,0,0,0,0,0,0,0,0,0,0,0,0,0,0,0,0,0,0,0,0,0,0,0,0,0,0,0,0,0,0,0,0,0,0,0,0,0,0,0,0,0,0,0,0,0,0,0,0,0,0,0,0,0,0,0,0,0,0,0,0,0,0,0,0,0,0,0,0,0,0,0,0,0,0,0,0,0,0,0,0,0,0,0,0,0,0,0,0,0,0,0,0,0,0,0,0,0,0,0,0,0,0,0,0,0,0,0,0,0,0,0,0,0,0,0,0,0,0,0,0,0,0,0,0,0,0,0,0,0,0,0,0,0,0,0,0,0,5,3,0,0,0,0,0,0,0,1,0,0,0,0,0,0,0,0,0,0,0,0,0,0,0,0,0,0,0,0,0,0,0,0,0,0,0,0,0,0,0,0,0,0,0,0,0,0,0,0,0,0,0,0,0,0,0,0,0,0,0,0,0,0,0,0,0,0,0,0,0,0,0,0,0,0,0,0,0,0,0,0,0,0,0,0,0,0,0,0,0,0,0,0,0,0,0,0,0,0,0,0,0,0,0,0,0,0,0,0,0,0,0,0,0,0,0,0,0,0,0,0,0,0,0,0,0,0,0,0,0,0,0,0,0,0,0,0,0,0,0,0,0,5103,0,0,0,0,0,0,0,0,0,0,0,0,0,0,0,565,0,0,0,0,0
33 Vascular,845,1073,638,795,451,24,699,507,875,299,42,2537,4,272,80,420,764,892,680,458,60,468,509,305,210,24,449,476,318,131,3,28,8,147,78,4078,2261,57,15,34,3879,8,1494,505,158,333,6,39,337,262,125,153,106,21,479,496,332,389,137,19,111,93,52,70,39,13,374,271,234,319,173,36,333,56,239,20,13,5,598,416,240,512,429,719,1591,1831,405,2039,135,72,20,134,352,357,1624,630,978,1256,144,156,477,1173,2620,268,499,75,167,707,824,661,937,18485,621,312,54,5898,520,803,2116,4807,272,951,249,51,356,441,108,9,143,414,294,366,128,19,92,2177,1351,1057,1250,784,1690,1257,1012,870,625,547,688,6,149,50,146,1619,422,329,0,173,99,0,105,1768,200,2143,294,281,165,211,209,65,286,213,2437,37,91,100,46,57,1661,1671,2998,97,425,43,34,3,1,195,118,160,151,2,105,58,417,804,22,81,45,17,43,82,2,52,16,2001,3,3,9,8,238,573,298,15,880,197,294,69,124,205,339,1615,25,91,230,947,444,179,13,163,1320,436,6,300,8,400,8015,1114,13,15,174,2010,32,56,93,122,114,280,334,223,107,39,2150,693,149,206,1281,2291,3924,2466,1617,153,3371,4304,2701,1600,62,182,302,25,4250,481,54,2409,4207,114,90,1155,164,987,69,67,52,1216,188,156,20,191,497,4986,13,301,1125,611,347,33,502,355,244,238,2,340,719,335,166,8,1498,12,4320,318,528,819,3224,1492,1225,2001,12,927,32,72,677,156,9,56,358,131,88,10,3,317,2763,844,223,587,631,53,10305,742,440,391,399,13,54,70,16,1040,79,421,1035,17,780,111,109,82,159,1161,2195,2447,2353,260,63,9,102,1415,200,179,91,243,27,110,80,75,381,18,85,134,78,1003,26,237,60,34,200,590,15,116,17,118,115,580,549,463,184,15,1351,718,816,269,10,1552,1088,1160,330,35,1104,87,82,30,5,925,231,1668,1719,460,990,967,42,258,6,13,47,29,2743,5034,30,48,160,125,994,46,529,273,143,51,23,826,7,1379,1127,1199,1443,1364,910,874,95,307,407,299,583,313,50,1478,1758,1371,969,1259,81,412,679,631,366,509,28,238,258,100,176,70,15,613,865,544,734,549,46,190,291,131,175,165,18,1869,2072,1365,1268,1194,157,266,1995,1166,369,243,454,34,9,613,557,284,495,241,50,627,7,49,939,786,80,634,1355,833,655,361,774,707,702,412,1156,20,1222,41,376,307,178,285,197,39,258,312,158,317,133,18,73,106,52,74,49,10,246,226,102,228,81,10,251,296,204,195,99,25,78,115,71,77,36,6,1352,1502,852,909,470,84,122,198,20,90,20,2,124,160,63,104,41,8,448,221,67,144,51,18,251,267,133,120,63,12,691,43,564,427,38,560,59,1317,145,229,41,71,111,58,1811,381,119,922,138,172,3396,637,6375,288,26,1566,282,312,1276,37,600,1031,15,42,13,10,242,4,58,98,1246,842,1701,437,125,102,33,141,923,1432,821,1393,35,1347,4,36,380,126,56,39,37,101,66,109,2195,632,184,22,5,755,350,1506,940,1300,310,246,32,773,2,296,25994,193,58,21,55,36
34 Immune,84,139,90,119,88,7,86,83,115,55,4,534,2,14,14,59,155,156,126,91,6,50,82,72,41,5,50,71,60,23,0,1,0,12,10,223,110,4,1,4,706,0,114,42,23,35,0,9,33,34,24,25,13,5,46,55,47,58,38,5,16,10,11,13,9,0,57,45,44,59,30,10,13,6,16,2,4,1,120,85,66,87,84,138,379,367,87,476,17,11,4,27,75,84,234,129,205,87,31,28,91,60,129,20,104,9,15,79,90,83,62,3160,63,80,4,313,58,51,100,572,50,146,26,4,25,75,5,1,6,70,55,59,21,3,12,156,256,217,291,141,108,146,120,104,68,123,208,2,25,5,18,59,36,14,0,34,13,0,35,629,56,257,48,53,36,37,53,12,27,18,326,3,19,7,6,7,89,138,222,11,23,2,1,2,0,41,20,19,24,1,5,3,31,51,3,6,5,0,3,10,0,7,2,207,0,0,1,0,22,167,34,0,78,12,17,3,4,20,21,249,2,2,7,105,67,14,2,50,204,60,4,37,1,46,692,109,1,1,13,184,1,6,5,8,13,6,11,6,7,3,156,170,24,43,178,286,574,368,330,32,478,605,375,315,7,33,50,1,517,52,2,172,323,9,5,79,11,79,6,6,4,41,13,20,1,18,43,557,1,32,160,86,84,4,45,43,25,35,2,46,88,39,26,2,274,0,403,39,54,104,338,222,109,208,1,111,6,13,72,19,1,3,48,35,23,4,1,31,115,76,23,60,61,6,1577,101,49,59,93,3,2,9,1,99,9,37,52,3,115,11,12,10,26,63,86,303,261,11,12,0,15,126,24,19,9,37,1,24,6,15,20,3,3,13,0,120,5,30,8,6,13,55,2,3,0,16,9,59,80,61,32,4,118,102,87,50,4,116,79,107,53,4,130,14,8,3,1,93,28,129,153,23,45,19,10,49,2,2,4,3,845,264,3,2,9,26,313,3,28,15,20,6,3,62,3,107,98,133,166,139,123,168,23,29,57,43,71,70,10,124,217,142,110,256,25,41,109,70,46,109,7,33,41,17,29,11,1,84,99,72,89,95,3,15,51,29,32,30,3,234,268,211,205,236,37,25,341,158,21,33,30,1,1,138,95,43,103,37,10,73,0,4,144,68,19,99,93,75,20,21,100,49,49,44,115,2,87,6,59,53,38,56,66,9,30,45,17,41,21,2,8,17,16,11,8,4,40,42,11,34,20,2,33,46,23,37,20,1,13,14,10,13,6,0,145,229,115,176,80,11,14,44,6,18,2,0,19,25,9,18,5,0,41,50,12,21,8,2,28,44,15,22,12,3,112,3,53,56,7,40,10,91,17,20,5,8,7,6,168,122,40,160,42,17,443,14,242,17,5,444,97,110,77,4,139,139,1,5,0,3,74,0,24,15,362,208,182,129,29,14,3,9,117,448,73,191,5,133,0,4,67,17,3,4,6,12,9,27,100,59,33,5,1,82,44,197,70,301,47,53,3,42,0,37,556,53,19,6,10,1
