neurotransmitter,AAA,ACAd,ACAv,ACB,ACVII,AD,ADP,AHN,AId,AIp,AIv,AM,AMB,AN,AOB,AON,AP,APN,APr,AQ,ARH,ASO,AT,AUDd,AUDp,AUDpo,AUDv,AV,AVP,AVPV,Acs5,B,BA,BLA,BMA,BST,CA1,CA2,CA3,CB-unassigned,CEA,CENT,CL,CLA,CLI,CM,COAa,COAp,COPY,CP,CS,CTXsp-unassigned,CU,CUL,CUN,DCO,DEC,DG,DMH,DMX,DN,DP,DR,DT,DTN,ECT,ECU,ENTl,ENTm,EPd,EPv,EW,Eth,FC,FL,FN,FOTU,FRP,FS,GPe,GPi,GRN,GU,HATA,HPF-unassigned,HY-unassigned,I5,IA,IAD,IAM,IC,ICB,IF,IG,IGL,III,IIIn,IIn,ILA,IMD,IO,IP,IPN,IRN,ISN,IV,IVn,In,IntG,LA,LAV,LC,LD,LDT,LGd,LGv,LH,LHA,LIN,LING,LM,LP,LPO,LRN,LSc,LSr,LSv,LT,MA,MA3,MARN,MB-unassigned,MD,MDRN,ME,MEA,MEPO,MG,MH,MM,MOB,MOp,MOs,MPN,MPO,MPT,MRN,MS,MT,MV,MY-unassigned,NB,NDB,NI,NLL,NLOT,NOD,NOT,NPC,NR,NTB,NTS,OLF-unassigned,OP,ORBl,ORBm,ORBvl,OT,OV,P-unassigned,P5,PA,PAA,PAG,PAL-unassigned,PAR,PARN,PAS,PB,PBG,PC5,PCG,PCN,PD,PDTg,PERI,PF,PFL,PG,PGRNd,PGRNl,PH,PIL,PIR,PL,PMd,PMv,PN,PO,POL,POST,PP,PPN,PPT,PPY,PR,PRE,PRM,PRNc,PRNr,PRP,PS,PST,PSTN,PSV,PT,PVH,PVHd,PVT,PVa,PVi,PVp,PVpo,PYR,Pa4,Pa5,PeF,PoT,ProS,RCH,RE,RH,RL,RM,RN,RO,RPA,RPF,RPO,RR,RSPagl,RSPd,RSPv,RT,SAG,SBPV,SCH,SCO,SCm,SCs,SEZ,SF,SFO,SG,SGN,SH,SI,SIM,SLC,SLD,SMT,SNc,SNr,SO,SOC,SPA,SPFm,SPFp,SPIV,SPVC,SPVI,SPVO,SSp-bfd,SSp-ll,SSp-m,SSp-n,SSp-tr,SSp-ul,SSp-un,SSs,STN,STR-unassigned,SUB,SUM,SUT,SUV,SubG,TEa,TH-unassigned,TMd,TMv,TR,TRN,TRS,TT,TU,UVU,V,V3-unassigned,V4-unassigned,V4r,VAL,VCO,VI,VII,VIIIn,VIIn,VISC,VISa,VISal,VISam,VISl,VISli,VISp,VISpl,VISpm,VISpor,VISrl,VL-unassigned,VLPO,VM,VMH,VMPO,VPL,VPLpc,VPM,VPMpc,VTA,VTN,VeCB,Vn,XII,Xi,Xn,ZI,arb,brain-unassigned,cbc,cbp,cc,chpl,cst,drt,epsc,fiber tracts-unassigned,lfbst,mfbc,mfsbshy,rust,scwm-unassigned,tsp,unassigned,x,y
Chol,63,0,0,278,1,0,1,0,0,1,0,0,6,0,0,3,0,0,0,4,156,0,0,0,0,0,0,0,0,2,14,0,0,0,0,17,0,0,0,1,24,12,0,0,0,0,0,0,0,686,0,1,0,0,26,0,0,0,21,85,0,0,0,0,1,0,0,0,0,0,0,0,0,0,0,0,0,0,14,165,13,21,0,0,0,52,22,0,0,0,0,0,0,0,0,29,14,1,0,0,0,0,0,184,0,0,0,1,0,0,0,0,0,52,0,0,2,37,2,0,0,0,28,2,0,116,21,0,123,0,5,138,0,0,7,2,0,1,2120,0,0,0,0,0,9,0,47,163,0,65,102,0,311,0,5,0,1,0,0,0,0,147,15,0,0,0,0,143,0,118,78,0,0,22,80,0,185,0,79,119,6,29,0,1,0,0,0,0,0,1,39,0,0,16,0,0,0,0,0,0,0,0,85,0,21,0,0,0,8,11,2,1,0,0,9,0,0,0,0,0,2,0,0,0,0,0,0,0,0,0,0,0,0,1,0,1,0,0,0,0,0,0,0,0,7,0,0,0,0,0,0,3,0,0,0,0,375,0,1,0,0,0,0,0,48,0,0,0,0,0,0,14,0,0,0,0,0,0,0,0,0,101,0,0,49,0,0,0,1,0,0,0,0,0,2,14,0,391,88,12,0,0,0,17,607,46,1,0,0,0,0,0,0,0,0,0,0,0,1,1,0,30,0,0,0,0,0,0,0,0,2,85,0,0,1,5,16,0,14,2,33,80,0,0,4,0,11,8,18,0,4,3,0,0
Dopa,0,0,0,1,0,0,8,18,0,1,3,0,0,0,9,39,0,1,0,5,92,0,0,0,0,0,0,0,1,19,0,0,0,0,0,14,0,0,0,0,0,0,0,0,134,0,0,0,0,9,0,0,0,0,4,0,0,0,93,0,0,1,105,0,0,0,0,0,0,0,0,15,0,0,0,0,0,0,0,0,0,0,0,0,0,239,0,0,0,0,0,0,254,2,0,0,3,5,0,0,0,0,150,0,0,2,1,891,0,0,0,2,0,23,0,0,0,15,0,0,0,0,2,0,0,0,2,0,0,8,0,1467,0,0,0,0,1,0,0,9,1332,1,0,47,28,0,130,0,29,4,3,0,0,0,0,0,0,0,0,0,0,0,362,0,1,16,7,0,1,27,3,0,0,213,0,0,8,0,24,0,0,9,0,0,0,0,0,0,0,0,0,90,2,22,0,0,0,31,0,0,0,0,14,0,0,0,0,0,0,19,0,1,0,7,1,0,16,50,0,8,54,0,98,0,0,0,7,0,0,0,0,0,59,0,2,0,0,0,1,64,0,0,0,0,0,7,0,0,0,0,0,0,0,0,0,0,0,0,1,1,0,230,270,0,2,10,3,0,0,0,0,0,0,1,0,0,0,0,0,1,15,7,0,88,10,0,0,0,2,0,0,0,0,0,17,8,0,3,25,1,0,0,0,0,0,0,0,1,0,0,0,0,0,1,0,0,0,0,0,0,0,32,18,0,0,0,0,644,0,0,1,0,0,0,129,0,5,0,10,2,0,26,92,1,4,0,3,74,114,0,2,52,0,0
GABA,1783,2173,2403,36590,0,0,398,2585,2018,1081,739,66,3,22709,289,4784,2,1666,362,126,2121,60,67,727,1406,421,1379,33,265,479,0,10,4,2229,1940,6125,4537,248,3343,436,5776,12108,3,464,36,0,617,1430,2506,170207,1257,923,1,16325,778,17,5623,1586,1887,0,200,447,80,7,744,1211,0,4609,3968,550,1196,1,6,33,2258,115,1164,285,641,3861,154,2,1115,312,155,7610,0,710,0,1,3854,20,22,44,90,9,75,546,685,1,0,404,1134,1,0,10,8,6149,2,1607,22,0,72,475,97,858,16,2481,0,362,7,80,1451,3,1798,10928,4673,10,1015,1,0,6939,15,0,101,5509,105,48,12,26,49874,7686,8900,2254,1837,56,4768,1957,27,182,47,90,2337,288,269,138,3590,295,304,0,2,3,11484,66,1980,1065,1422,25634,7,1062,0,1104,522,4315,1819,929,2,0,225,25,0,1632,1,107,170,362,19,8047,124,5,2,551,39,6402,1657,0,65,5,14,8,981,9,886,215,5,62,665,6812,108,1241,9,405,13,106,12,6,253,417,17,383,346,71,540,1502,26,8,410,10,1010,190,8,0,3,1,448,0,5,26,141,221,1621,2188,3195,6948,150,1035,940,1,8463,9340,359,883,25,4,2,232,9451,16320,3,38,5,191,1433,44,3,55,102,3,8,0,9,1,4559,1657,4647,1859,764,2659,800,6354,96,9259,1207,86,27,123,28,2575,420,0,103,819,126,245,1149,1170,2785,0,334,147,53,47,8,0,0,592,0,1448,1235,344,781,1045,456,4989,531,533,752,632,2369,121,62,644,343,106,6,31,19,163,85,41,5,0,2,0,5046,2171,1008,2,336,6574,123,2940,177,116,989,757,3597,336,102,639,90,11818,0,12
GABA-Glyc,1,0,0,0,2,0,0,0,0,0,0,0,25,318,0,0,80,42,0,5,0,0,2,0,0,0,0,0,0,0,2,2,0,0,0,0,0,0,0,256,0,395,0,0,0,0,0,0,210,0,110,0,356,465,47,667,114,1,0,30,171,0,10,0,0,0,102,0,0,0,0,1,0,0,237,106,12,0,0,0,0,1522,0,0,0,15,15,0,0,0,29,38,1,0,0,0,47,6,0,0,16,224,21,1409,4,0,2,0,0,0,98,2,0,30,0,5,0,3,22,3,0,0,0,97,0,0,0,0,0,0,441,223,0,40,0,0,0,0,0,0,0,0,0,0,0,0,295,0,0,2257,1830,0,0,10,1109,0,228,16,11,53,340,1198,0,7,0,0,0,0,0,2071,209,0,0,734,1,0,1764,53,243,2,121,78,0,0,1,0,0,378,5,309,719,3,0,0,0,0,0,0,0,0,0,0,87,2,130,0,0,90,1970,1760,525,0,0,0,527,0,0,1,0,0,0,0,0,23,3,210,0,0,0,0,0,0,0,113,15,6,51,2,6,3,0,2,1,0,2,0,0,0,13,1,0,0,0,9,0,0,2,354,16,53,0,0,2,0,1072,0,0,0,701,9,2406,682,0,0,0,0,0,0,0,0,2,0,0,0,100,119,0,0,1,0,0,0,481,0,0,0,209,79,1,636,285,0,219,1,277,480,25,0,0,0,0,0,0,0,0,0,0,0,0,0,1,0,0,0,0,0,0,0,1,77,582,85,0,3,86,635,208,2,512,0,367,85,75,3,1,0,1,0,157,0,111,477,31,10
Glut,561,14957,17907,158,2,1253,110,1387,13215,5960,5132,1235,23,25742,293,18818,5,2796,2440,47,624,1,5,5080,9514,2771,8139,1490,133,669,2,52,6,6646,5646,708,27074,1432,24302,1267,603,29071,1423,3526,9,1012,1269,7352,3534,1955,328,1172,59,31856,1267,2479,5318,27410,1403,3,912,1879,145,11,24,6054,169,20538,19427,3323,2070,33,605,223,5639,790,750,1554,26,87,72,964,6904,935,865,5449,49,398,541,244,25618,28,4,89,87,12,124,652,4159,689,891,752,129,1099,20,3,15,1863,50,3870,144,48,3131,302,2646,150,1114,3842,25,443,42,4381,416,196,10,302,158,30,287,17,218,10553,5603,33,30,7262,270,1942,2392,2719,9239,48948,50785,779,672,95,4245,384,2,2297,2866,194,387,159,545,440,5859,237,377,4,116,1136,6756,41,13100,6982,9515,109,42,6340,156,4255,2399,12231,550,4207,1846,70,4177,15,63,749,665,19,122,1679,1997,16751,3347,80,295,2840,276,40979,10982,416,748,12,4556,463,6415,70,1169,427,25,393,4582,5304,1723,1574,183,33,24,649,3362,1206,1128,101,3438,62,395,170,368,1261,16,122,168,386,4741,71,1738,437,58,57,264,12,90,9,77,45,12065,16126,23764,32,187,67,15,24,11289,4663,26,759,81,36,466,6,1093,26724,19,58,798,12,13,128,551,647,191,127,698,6,1678,1196,35679,12532,34940,15000,5070,18561,5762,40215,845,1541,7222,391,387,151,0,15017,2589,127,74,3068,1528,354,4856,1024,5293,98,2224,407,686,1448,2127,9,69,1009,48,7261,8783,2492,5569,7332,3024,42999,3327,4341,4848,4774,4276,60,1841,3657,95,1999,275,5928,772,65,8,12,832,8,386,3,876,11655,2050,118,2020,7346,3703,468,356,83,1416,539,6637,1007,90,4844,150,11344,93,20
Glut-GABA,10,11,9,42,0,0,3,3,4,12,6,2,0,0,0,48,0,1,0,9,262,0,6,3,9,1,7,0,0,15,0,2,0,16,6,329,135,16,102,3,9,6,0,4,0,0,0,1,0,2,208,0,0,1,10,4,0,18,101,0,0,9,2,0,6,5,0,45,41,6,6,3,0,3,0,0,0,1,0,1,20,5,4,2,1,177,0,1,0,0,1,0,2,0,0,0,2,24,1,0,0,0,81,0,0,0,0,31,0,4,3,0,0,5,0,0,0,104,0,0,2,0,46,1,0,6,72,0,28,2,0,87,0,2,13,5,0,0,0,195,48,43,63,13,15,0,46,0,0,78,16,0,12,63,4,0,1,0,0,0,0,0,26,0,6,4,9,0,0,104,0,2,1,53,21,13,0,0,42,2,0,133,0,0,15,1,0,0,37,0,0,19,0,38,17,0,0,1,0,0,1,0,9,0,0,0,0,0,27,95,0,9,0,5,3,0,6,3,0,0,22,0,35,0,2,0,0,0,8,3,0,0,1,0,1,0,0,0,42,0,11,11,6,2,0,2,1,0,0,15,0,6,0,3,0,0,54,0,2,4,0,0,0,1,0,1,0,0,104,0,0,0,17,9,9,4,4,12,5,17,0,72,8,80,1,7,0,3,4,0,0,6,17,0,11,44,0,0,7,15,4,0,0,0,0,7,0,10,5,1,2,0,1,3,3,2,4,0,2,14,0,71,21,0,0,0,0,2,2,0,0,0,0,0,13,0,13,0,9,25,9,13,5,2,18,0,32,24,4,9,0,7,1,1
Hist,0,0,0,0,0,0,0,0,0,0,0,0,0,0,0,0,0,0,0,0,6,0,0,0,0,0,0,0,0,0,0,0,0,0,0,0,0,0,0,0,0,0,0,0,0,0,0,0,0,0,0,0,0,0,0,0,0,0,69,0,0,0,0,0,0,0,0,0,0,0,0,0,0,0,0,0,0,0,0,0,0,0,0,0,0,52,0,0,0,0,0,0,0,0,0,0,0,0,0,0,0,0,0,0,0,0,0,0,0,0,0,0,0,0,0,0,0,10,0,0,4,0,0,0,0,0,0,0,0,0,0,0,0,0,0,0,0,0,0,1,0,0,0,0,0,0,0,0,0,0,0,0,0,0,0,0,0,0,0,0,0,0,0,0,0,0,0,0,0,0,0,0,0,0,0,0,0,0,0,0,0,0,0,0,0,0,0,0,0,0,0,10,0,0,0,0,6,0,0,0,0,0,0,0,0,0,0,0,0,0,0,0,0,0,0,0,0,0,0,0,6,6,0,0,0,0,0,0,0,0,0,0,0,0,0,0,0,0,0,0,0,0,0,0,0,0,0,0,0,0,0,0,0,0,0,0,0,0,0,0,0,0,0,0,0,0,0,0,0,0,0,0,0,0,0,0,0,0,0,0,0,0,0,0,0,0,0,0,0,0,7,0,0,0,0,25,0,0,0,0,0,0,0,0,0,0,0,0,0,0,0,0,0,0,0,0,0,0,0,0,0,16,0,0,0,0,0,0,0,0,0,0,0,0,0,0,0,0,0,0,0,0,0,0,0,0,3,0,0,0,0,0,0,0
Nora,0,0,0,0,0,0,0,0,0,0,0,0,0,0,0,0,11,0,0,0,0,0,0,0,0,0,0,0,0,0,0,0,0,0,0,0,0,0,0,1,0,0,0,0,0,0,0,0,0,0,0,0,0,0,0,0,0,0,0,0,0,0,0,0,0,0,0,0,0,0,0,0,0,0,0,0,0,0,0,0,0,1,0,0,0,0,0,0,0,0,0,0,0,0,0,0,0,0,0,0,0,0,0,6,0,0,0,0,0,0,0,20,0,15,0,0,0,0,0,0,0,0,0,7,0,0,0,0,0,0,0,2,0,0,0,0,0,0,0,0,0,0,0,0,0,0,1,0,0,22,11,0,0,0,0,0,5,0,0,0,0,31,0,0,0,0,0,0,0,135,11,0,0,7,0,0,13,0,105,0,1,27,0,0,0,0,0,0,0,0,10,0,0,0,0,0,0,0,0,0,0,0,0,0,4,0,0,0,36,0,0,0,0,0,5,0,0,0,0,0,0,0,0,0,0,0,0,0,0,0,0,0,0,0,0,0,0,0,0,0,0,0,0,0,0,0,0,0,0,0,0,0,0,0,0,0,0,0,31,12,0,0,0,0,2,0,0,0,0,0,0,0,0,0,0,0,0,0,0,0,0,0,0,0,11,1,0,0,0,0,0,0,0,0,0,0,28,6,0,0,0,0,0,0,2,0,0,0,0,0,0,0,0,0,0,0,0,0,0,0,0,0,0,0,0,0,0,0,0,0,2,0,0,0,0,0,5,0,3,0,1,0,0,0,0,0,0,0,3,0,1,0,0,0
Sero,0,0,0,0,0,0,0,0,0,0,0,0,0,0,0,0,0,0,0,30,0,0,1,0,0,0,0,0,0,0,0,0,0,0,0,0,0,0,0,0,0,0,0,0,5,0,0,0,0,0,211,0,0,0,0,0,0,0,0,0,0,0,420,0,20,0,0,0,0,0,0,0,0,0,0,0,0,0,0,0,0,5,0,0,0,0,0,0,0,0,0,0,0,0,0,0,25,0,0,0,11,0,81,6,0,0,0,0,0,0,0,0,0,14,0,0,0,0,0,0,0,0,0,2,0,0,0,0,0,0,9,160,0,0,0,0,0,0,0,0,0,0,0,0,0,0,61,0,0,0,197,0,0,16,2,0,0,0,0,0,0,0,0,0,0,0,0,0,0,268,3,0,0,277,0,0,0,0,0,0,0,32,0,0,0,0,0,0,75,0,21,0,0,0,0,0,0,0,0,0,0,0,9,0,24,0,0,0,12,65,0,0,0,0,1,0,0,0,0,0,0,0,0,0,3,0,0,0,0,0,0,0,0,61,0,28,63,0,35,0,0,0,0,0,0,0,0,0,0,0,0,0,0,0,0,0,0,0,0,0,0,0,0,0,1,0,0,0,0,0,0,0,0,0,0,0,0,0,0,0,0,0,0,0,3,0,0,0,0,0,0,0,94,0,0,0,0,1,0,2,0,0,0,0,0,16,0,0,0,0,0,0,0,0,0,0,0,0,0,0,0,0,0,0,0,0,0,0,1,0,0,0,0,0,0,0,2,0,52,0,0,22,85,0,0,0,0,2,2,0,23,12,0,0
