subclass,AQ,CB,CTXsp,HPF,HY,Isocortex,MB,MY,OLF,P,PAL,STR,TH,V3,V4,VL,brain-unassigned,cbf,cm,eps,fiber tracts-unassigned,lfbs,mfbs,scwm,unassigned
001 CLA-EPd-CTX Car3 Glut,0,0,1546,86,0,10685,0,0,827,0,0,10,0,0,0,3,0,0,1,0,0,464,12,225,0
002 IT EP-CLA Glut,0,0,2823,391,0,3652,0,0,2153,0,0,85,0,0,0,7,1,0,12,0,0,658,93,73,2
003 L5/6 IT TPE-ENT Glut,0,0,646,3007,0,8112,0,0,286,0,1,28,0,0,0,0,0,0,1,0,0,58,16,6,6
004 L6 IT CTX Glut,0,0,138,319,0,55110,0,0,91,0,0,283,0,0,0,0,0,0,0,0,0,704,29,402,2
005 L5 IT CTX Glut,0,0,6,140,0,30067,0,0,4,0,0,1,0,0,0,0,0,0,0,0,0,37,1,7,0
006 L4/5 IT CTX Glut,0,0,10,516,0,154830,0,0,130,0,0,11,0,0,0,0,0,0,11,0,0,19,7,0,6
007 L2/3 IT CTX Glut,0,0,45,235,0,120192,0,0,1110,0,0,3,0,0,0,1,0,0,44,0,0,32,12,16,94
008 L2/3 IT ENT Glut,0,0,41,15856,0,877,0,0,674,0,0,1,0,0,0,0,0,0,0,0,0,1,0,0,5
009 L2/3 IT PIR-ENTl Glut,0,0,1670,4451,0,3199,0,0,43350,0,1,464,0,0,0,0,0,0,16,0,0,136,20,0,29
010 IT AON-TT-DP Glut,0,0,69,22,0,461,0,0,25995,0,0,150,0,0,0,0,0,0,328,0,0,49,2,0,0
011 L2 IT ENT-po Glut,0,0,0,4737,0,63,0,0,6,0,0,0,0,0,0,0,0,0,0,0,0,0,1,0,2
012 MEA Slc17a7 Glut,0,0,1337,9,17,1,0,0,1433,0,73,3056,1,0,0,0,4,0,3,0,47,5,30,0,10
013 COAp Grxcr2 Glut,0,0,1715,32,0,13,0,0,5712,0,0,112,0,0,0,0,4,0,0,0,2,10,12,0,0
014 LA-BLA-BMA-PA Glut,0,0,10983,303,0,26,0,0,1039,0,4,506,0,0,0,12,78,0,0,0,1,119,126,0,3
015 ENTmv-PA-COAp Glut,0,0,485,1563,0,2,0,0,636,0,0,0,0,0,0,0,23,0,0,0,0,1,42,0,0
016 CA1-ProS Glut,0,0,688,23842,0,3,0,0,16,0,0,1,0,0,0,15,130,0,0,0,21,115,307,0,0
017 CA3 Glut,0,0,617,14311,0,1,1,0,9,0,0,103,0,0,0,483,74,0,0,0,66,2,722,0,0
018 L2 IT PPP-APr Glut,0,0,0,2479,0,195,0,0,0,0,0,0,0,0,0,0,39,0,21,0,3,11,6,0,0
019 L2/3 IT PPP Glut,0,0,0,14158,0,385,0,0,0,0,0,0,0,0,0,0,59,0,2,0,1,30,73,0,163
020 L2/3 IT RSP Glut,0,0,0,255,0,14280,0,0,0,0,0,0,0,0,0,0,0,0,0,0,0,36,2,0,0
021 L4 RSP-ACA Glut,0,0,0,42,0,2454,0,0,0,0,0,0,0,0,0,0,0,0,0,0,0,6,0,0,0
022 L5 ET CTX Glut,0,0,21,545,0,36244,0,0,748,0,0,9,0,0,0,1,0,0,0,0,0,106,3,1,2
023 SUB-ProS Glut,0,0,310,7038,0,4,0,0,55,0,0,2,0,0,0,0,30,0,0,0,0,142,146,0,0
024 L5 PPP Glut,0,0,0,455,0,10,0,0,0,0,0,0,0,0,0,0,0,0,0,0,0,4,7,0,0
025 CA2-FC-IG Glut,0,0,1,1563,0,3,0,0,0,0,0,7,0,4,0,7,36,0,0,0,0,231,8,0,0
026 NLOT Rho Glut,0,0,54,0,0,0,0,0,341,0,0,81,0,0,0,0,1,0,0,0,0,0,10,0,1
027 L6b EPd Glut,0,0,2063,37,0,428,0,0,642,0,0,39,0,0,0,5,0,0,39,0,0,183,84,1,0
028 L6b/CT ENT Glut,0,0,419,11849,0,1146,0,0,473,0,0,11,0,0,0,6,2,0,6,0,0,896,318,63,0
029 L6b CTX Glut,0,0,131,305,0,10795,0,0,757,0,0,146,0,0,0,0,0,0,29,0,0,1204,747,3202,2
030 L6 CT CTX Glut,0,0,221,493,0,101963,0,0,1192,0,0,575,0,0,0,0,0,0,4,0,0,1085,422,843,8
031 CT SUB Glut,0,0,74,2236,0,42,0,0,48,0,0,0,0,0,0,0,3,0,0,0,0,64,61,0,0
032 L5 NP CTX Glut,0,0,11,129,0,16886,0,0,303,0,0,21,0,0,0,0,0,0,0,0,0,70,8,0,0
033 NP SUB Glut,0,0,136,3228,0,51,0,0,40,0,0,1,0,0,0,0,14,0,0,0,0,120,98,0,0
034 NP PPP Glut,0,0,0,699,0,21,0,0,0,0,0,0,0,0,0,0,0,0,0,0,0,3,17,0,1
035 OB Eomes Ms4a15 Glut,0,0,0,5,1,34,1,0,6336,0,0,8,0,0,0,0,0,0,1339,0,0,0,0,0,50
036 HPF CR Glut,0,0,12,1436,2,99,3,0,145,0,15,53,2,5,0,3,70,0,33,0,3,1,5,0,55
037 DG Glut,0,0,0,33839,0,3,0,0,2,0,0,299,0,0,0,0,29,0,0,0,44,0,118,0,0
038 DG-PIR Ex IMN,0,0,65,1216,0,12,0,0,100,0,0,20,0,0,0,14,0,0,1,0,1,157,57,5,0
039 OB Meis2 Thsd7b Gaba,0,0,32,1,1,23,0,0,3945,0,17,119,1,0,0,3,0,0,941,0,0,9,2,1,50
040 OB Trdn Gaba,0,0,0,0,0,0,0,0,2749,0,0,5,0,0,0,0,0,0,5,0,0,0,0,0,0
041 OB-in Frmd7 Gaba,0,0,11,1,0,33,0,0,40388,0,2,148,0,0,0,6,1,0,234,0,0,37,10,5,12
042 OB-out Frmd7 Gaba,0,0,2,0,0,191,1,0,6982,0,0,142,0,0,0,14,1,0,3236,0,0,61,43,15,201
043 OB-mi Frmd7 Gaba,0,0,0,0,0,15,0,0,1144,0,3,6,0,0,0,0,0,0,130,0,0,0,0,0,5
044 OB Dopa-Gaba,0,0,6,3,0,77,0,0,3436,0,2,54,0,0,0,0,0,0,1530,0,0,12,10,6,84
045 OB-STR-CTX Inh IMN,0,0,86,228,0,11,0,0,4231,0,0,1103,0,0,0,2849,12,0,47,0,9,3783,318,140,1
046 Vip Gaba,0,0,816,2536,8,11191,1,0,1434,0,46,272,1,0,0,8,16,0,16,0,6,153,81,32,17
047 Sncg Gaba,0,0,395,1287,1,3069,0,0,827,0,9,76,1,0,0,6,2,0,13,0,1,105,94,54,2
048 RHP-COA Ndnf Gaba,0,0,206,1794,2,66,0,0,456,0,6,112,1,2,0,20,12,0,12,0,4,29,81,1,11
049 Lamp5 Gaba,0,0,420,2016,9,11982,3,0,2169,0,70,446,8,0,0,3,30,0,112,0,7,145,49,71,287
050 Lamp5 Lhx6 Gaba,0,0,275,2067,0,418,0,0,180,0,4,60,1,1,0,21,14,0,5,0,6,84,90,69,6
051 Pvalb chandelier Gaba,0,0,239,475,0,716,0,0,482,0,0,51,0,0,0,6,1,0,3,0,1,18,13,9,0
052 Pvalb Gaba,0,0,1379,6848,0,31708,0,0,3200,0,7,184,1,0,0,65,28,0,54,0,7,414,285,136,6
053 Sst Gaba,0,0,1942,6693,5,23717,0,0,2288,0,32,418,1,2,0,110,61,0,52,0,20,458,430,120,11
054 STR Prox1 Lhx6 Gaba,0,0,252,12,12,16,0,0,45,0,121,3228,2,0,0,21,2,0,13,0,3,61,21,0,0
055 STR Lhx8 Gaba,0,0,8,0,87,1,0,0,6,0,316,1648,0,0,0,11,3,0,28,0,1,20,29,0,0
056 Sst Chodl Gaba,0,0,156,93,40,826,0,0,365,0,560,1993,0,0,0,21,1,0,31,0,2,174,69,44,1
057 NDB-SI-MA-STRv Lhx8 Gaba,0,0,72,0,709,3,4,0,297,1,7322,1909,1,0,0,0,1,0,10,1,1,278,47,0,5
058 PAL-STR Gaba-Chol,0,0,1,0,128,1,0,0,37,0,1644,1447,1,2,0,1,2,0,1,0,4,82,13,0,2
059 GPe-SI Sox6 Cyp26b1 Gaba,0,0,3,0,27,0,0,0,7,0,775,128,0,0,0,0,0,0,0,0,0,161,4,0,0
060 OT D3 Folh1 Gaba,0,0,0,1,1,0,0,0,1757,0,486,9823,0,0,0,0,4,0,38,0,0,0,0,0,185
061 STR D1 Gaba,0,0,149,0,8,18,0,0,701,0,1502,106528,0,0,0,526,29,0,71,0,21,1828,65,0,90
062 STR D2 Gaba,0,0,598,0,17,33,0,0,443,0,1037,101322,0,0,0,502,16,0,86,0,9,1416,86,0,20
063 STR D1 Sema5a Gaba,0,0,162,0,3,32,0,0,1232,0,1165,7631,0,0,0,134,7,0,107,0,3,314,90,7,106
064 STR-PAL Chst9 Gaba,0,0,1706,10,110,111,0,0,576,0,1891,6428,12,1,0,64,11,0,106,0,25,927,309,9,1
065 IA Mgp Gaba,0,0,325,5,2,30,0,0,421,0,41,226,0,0,0,0,0,0,9,0,0,37,24,0,1
066 NDB-SI-ant Prdm12 Gaba,0,0,52,1,19,14,0,0,1439,0,406,1118,29,3,0,0,2,0,93,0,10,9,18,1,10
067 LSX Sall3 Pax6 Gaba,0,0,0,1,2,1,0,0,17,0,17,796,0,30,0,2,6,0,2,0,0,0,107,0,0
068 LSX Otx2 Gaba,0,0,0,0,9,0,0,0,1,0,24,1805,9,9,0,1,4,0,0,0,4,2,20,0,0
069 LSX Nkx2-1 Gaba,0,0,0,0,13,0,0,0,2,0,95,3943,0,0,0,0,2,0,0,0,0,8,36,0,0
070 LSX Prdm12 Slit2 Gaba,0,0,0,0,1,1,0,0,75,0,39,4577,0,43,0,4,4,0,0,0,0,3,83,0,0
071 LSX Prdm12 Zeb2 Gaba,0,0,0,10,0,2,0,0,14,0,58,3986,0,6,0,16,58,0,0,0,0,123,245,0,0
072 LSX Sall3 Lmo1 Gaba,0,0,0,128,0,0,0,0,19,0,113,1475,0,27,0,0,41,0,0,0,0,15,384,0,1
073 MEA-BST Sox6 Gaba,0,0,161,3,342,4,1,0,382,1,678,1799,6,0,0,0,2,0,35,1,3,3,32,0,2
074 MEA-BST Lhx6 Sp9 Gaba,0,0,33,0,422,0,0,0,40,0,852,1586,4,0,0,0,4,0,39,0,29,1,53,0,0
075 MEA-BST Lhx6 Nr2e1 Gaba,0,0,162,7,16,2,0,0,59,0,94,393,1,0,0,1,3,0,5,0,1,4,16,0,0
076 MEA-BST Lhx6 Nfib Gaba,0,0,33,14,616,0,0,0,51,0,593,1267,5,0,0,1,11,0,13,0,46,1,86,0,0
077 CEA-BST Gal Avp Gaba,0,0,0,0,17,0,0,0,0,0,84,56,0,0,0,0,1,0,0,0,1,3,6,0,0
078 SI-MA-ACB Ebf1 Bnc2 Gaba,0,0,1,0,8,0,0,0,8,0,308,217,0,0,0,0,0,0,2,0,0,0,2,0,0
079 CEA-BST Six3 Cyp26b1 Gaba,0,0,28,1,17,0,0,0,3,0,580,1895,0,0,0,7,0,0,16,0,17,30,81,0,0
080 CEA-AAA-BST Six3 Sp9 Gaba,0,0,387,1,73,12,0,0,223,0,564,1463,1,0,0,4,1,0,24,0,1,20,83,0,0
081 ACB-BST-FS D1 Gaba,0,0,22,0,46,0,0,0,14,0,1154,1274,0,0,0,3,1,0,57,0,0,7,48,0,0
082 CEA-BST Ebf1 Pdyn Gaba,0,0,10,0,34,1,0,0,4,0,954,1614,0,0,0,1,2,0,6,0,3,53,148,0,2
083 CEA-BST Rai14 Pdyn Crh Gaba,0,0,5,0,15,0,0,0,0,0,242,154,0,0,0,4,1,0,16,0,1,3,32,0,0
084 BST-SI-AAA Six3 Slc22a3 Gaba,0,0,5,0,118,0,0,0,2,0,236,109,0,0,0,0,0,0,0,0,0,0,0,0,0
085 SI-MPO-LPO Lhx8 Gaba,0,0,0,0,1370,0,0,0,2,0,1414,504,2,1,0,0,8,0,1,0,0,19,23,0,1
086 MPO-ADP Lhx8 Gaba,0,0,0,0,1380,0,9,0,0,0,625,154,1,9,0,1,5,0,11,0,8,0,10,0,0
087 MPN-MPO-LPO Lhx6 Zfhx3 Gaba,0,0,0,0,565,0,0,0,0,0,114,79,3,1,0,0,4,0,0,0,7,0,17,0,0
088 BST Tac2 Gaba,0,0,0,0,489,0,1,0,0,1,588,58,2,1,0,0,0,0,2,0,3,3,7,0,1
089 PVR Six3 Sox3 Gaba,0,0,0,0,1360,0,2,0,0,0,275,352,8,44,0,42,17,0,36,0,26,2,25,0,4
090 BST-MPN Six3 Nrgn Gaba,0,1,3,0,1644,0,7,0,32,3,472,718,6,1,0,0,14,0,12,0,5,0,22,0,1
091 ARH-PVi Six6 Dopa-Gaba,0,0,0,0,192,0,0,0,0,0,0,0,0,2,0,0,0,0,1,0,0,0,0,0,0
092 TMv-PMv Tbx3 Hist-Gaba,0,0,0,0,374,0,0,0,0,0,0,0,0,0,0,0,0,0,0,0,0,0,6,0,0
093 RT-ZI Gnb3 Gaba,0,0,0,4,259,0,10,0,0,0,177,17,7194,0,0,0,82,0,7,7,122,625,31,0,0
094 SCH Six6 Cdc14a Gaba,0,0,0,0,1891,0,0,0,0,0,0,0,0,26,0,0,1,0,58,0,30,0,0,0,2
095 DMH Prdm13 Gaba,0,0,0,0,317,0,0,0,0,0,0,0,0,0,0,0,0,0,0,0,0,0,0,0,0
096 PVHd Gsc Gaba,0,0,0,0,49,0,0,0,0,0,0,0,0,0,0,0,0,0,0,0,0,0,0,0,0
097 PVHd-SBPV Six3 Prox1 Gaba,0,0,0,0,1325,0,3,0,0,4,14,7,14,0,0,0,1,0,10,0,7,3,9,0,0
098 AHN-SBPV-PVHd Pdrm12 Gaba,0,0,0,0,2128,0,1,0,0,0,12,2,8,1,0,1,2,0,1,2,4,2,17,0,1
099 SBPV-PVa Six6 Satb2 Gaba,0,0,0,0,785,0,1,0,0,0,1,0,0,36,0,0,0,0,3,0,2,0,0,0,0
100 AHN Onecut3 Gaba,0,0,0,0,1198,0,0,0,0,0,16,3,0,0,0,0,1,0,8,0,11,1,7,0,0
101 ZI Pax6 Gaba,0,0,0,0,4909,0,76,0,1,26,160,4,406,2,0,1,14,0,11,74,90,194,69,0,0
102 DMH-LHA Gsx1 Gaba,0,0,0,0,2087,0,5,0,0,5,37,0,4,0,0,0,0,0,1,15,1,2,28,0,1
103 PVHd-DMH Lhx6 Gaba,0,0,0,0,1016,0,11,0,0,6,3,0,1,2,0,0,0,0,2,13,1,0,5,0,0
104 TU-ARH Otp Six6 Gaba,0,0,0,0,3168,0,0,0,0,0,2,3,0,21,0,0,0,0,0,0,4,0,5,0,0
105 TMd-DMH Foxd2 Gaba,0,0,0,0,450,0,0,0,0,0,0,0,0,0,0,0,0,0,0,0,0,0,0,0,0
106 PVpo-VMPO-MPN Hmx2 Gaba,0,1,0,0,3234,0,12,1,0,3,169,16,2,38,0,0,25,0,173,2,77,1,3,0,12
107 DMH Hmx2 Gaba,0,0,0,0,2766,0,23,1,2,4,17,2,3,7,0,0,0,0,4,1,9,0,31,0,1
108 ARH-PVp Tbx3 Gaba,0,0,0,0,1211,0,1,0,0,0,1,1,1,5,0,0,1,0,0,0,0,0,0,0,0
109 LGv-ZI Otx2 Gaba,0,0,0,2,505,0,2,0,0,1,5,0,537,2,0,0,32,0,5,0,119,146,32,0,0
110 BST-po Iigp1 Glut,0,0,0,0,7,0,0,0,0,0,70,0,142,0,0,0,18,0,0,0,15,0,21,0,0
111 TRS-BAC Sln Glut,0,0,0,13,91,0,0,0,0,0,460,703,86,1206,0,0,68,0,0,0,90,1,938,0,0
112 GPi Tbr1 Cngb3 Gaba-Glut,0,0,0,0,17,0,0,0,0,0,29,0,0,0,0,0,0,0,0,1,0,13,0,0,0
113 MEA-COA-BMA Ccdc42 Glut,0,0,2065,0,4,0,1,0,477,0,31,2543,0,0,0,0,0,0,2,0,0,0,8,0,1
114 COAa-PAA-MEA Barhl2 Glut,0,1,1343,64,36,175,5,0,2071,1,79,1236,0,0,0,2,1,0,21,0,0,24,28,0,31
115 MS-SF Bsx Glut,0,1,0,0,109,0,1,0,1,0,374,531,3,8,0,3,3,0,1,0,1,2,38,0,0
116 AVPV-MEPO-SFO Tbr1 Glut,0,0,0,0,1060,0,3,0,4,0,107,41,0,49,0,58,35,0,1,0,6,0,3,0,10
117 LHA Barhl2 Glut,0,0,0,0,940,0,5,0,0,3,103,3,37,0,0,0,3,0,10,3,10,3,58,0,0
118 ADP-MPO Trp73 Glut,0,0,2,1,571,0,3,0,15,0,239,90,10,0,0,1,0,0,0,2,5,3,32,0,0
119 SI-MA-LPO-LHA Skor1 Glut,0,0,14,0,907,0,1,0,54,0,1726,652,11,0,0,0,1,0,2,3,2,16,33,0,10
120 MEA Otp Foxp2 Glut,0,0,18,0,0,0,0,0,8,0,6,273,0,0,0,0,0,0,1,0,0,0,2,0,0
121 MEA-BST Otp Zic2 Glut,0,0,3,0,82,0,0,0,5,0,154,268,10,0,0,1,6,0,4,0,5,0,23,0,0
122 LHA-MEA Otp Glut,0,0,3,0,98,0,5,0,1,1,37,206,0,0,0,0,0,0,1,1,0,0,0,0,0
123 DMH Nkx2-4 Glut,0,0,0,0,398,0,0,0,0,0,0,0,0,0,0,0,0,0,0,0,0,0,0,0,0
124 MPN-MPO-PVpo Hmx2 Glut,0,0,0,0,1482,0,2,0,0,4,33,2,0,5,0,0,12,0,35,0,23,0,0,0,1
125 DMH Hmx2 Glut,0,0,0,0,668,0,0,0,0,0,0,0,0,0,0,0,0,0,0,0,0,0,8,0,0
126 ARH-PVp Tbx3 Glut,0,0,0,0,1339,0,0,0,0,0,0,0,2,4,0,0,0,0,0,0,0,0,3,0,0
127 DMH-LHA Vgll2 Glut,0,0,0,0,583,0,0,0,0,1,7,0,0,4,0,0,0,0,1,3,6,0,6,0,0
128 VMH Fezf1 Glut,0,0,0,0,1327,0,1,0,0,0,0,0,0,0,0,0,0,0,0,0,1,0,5,0,0
129 VMH Nr5a1 Glut,0,0,0,0,4032,0,0,0,0,0,2,0,0,7,0,0,0,0,9,0,26,0,6,0,0
130 LHA Pmch Glut,0,0,0,0,474,0,0,0,0,0,18,0,0,0,0,0,0,0,0,12,0,1,13,0,0
131 LHA-AHN-PVH Otp Trh Glut,0,0,0,0,1408,0,1,0,0,3,100,28,1,7,0,0,12,0,51,0,33,0,20,0,6
132 AHN-RCH-LHA Otp Fezf1 Glut,0,0,0,0,2420,0,7,1,0,5,92,0,3,2,0,0,1,0,18,0,11,2,25,0,2
133 PVH-SO-PVa Otp Glut,0,0,0,0,1810,0,1,0,0,0,38,16,1,21,0,0,11,0,53,1,75,0,5,0,26
134 PH-ant-LHA Otp Bsx Glut,0,1,0,0,1814,0,68,1,0,31,8,0,5,1,0,0,0,0,1,4,1,2,20,0,0
135 STN-PSTN Pitx2 Glut,0,0,0,0,2329,0,28,0,0,1,118,0,7,0,0,0,0,0,1,54,148,73,7,0,0
136 PMv-TMv Pitx2 Glut,0,0,0,0,1002,0,0,0,0,0,2,0,0,0,0,0,0,0,0,0,0,1,0,0,0
137 PH-an Pitx2 Glut,0,0,0,0,267,0,6,0,0,5,0,0,0,5,0,0,0,0,0,0,0,0,1,0,0
138 PH Pitx2 Glut,0,1,0,0,1197,0,214,1,0,5,0,0,26,3,0,0,0,0,1,0,0,0,39,0,0
139 PH-LHA Foxb1 Glut,0,1,0,0,773,0,36,0,0,0,11,2,3,0,0,0,1,0,0,0,2,1,17,0,0
140 PMd-LHA Foxb1 Glut,0,0,0,0,686,0,0,0,0,0,13,0,0,0,0,0,1,0,0,0,0,1,6,0,0
141 PH-SUM Foxa1 Glut,0,0,0,0,1562,0,139,0,0,2,0,0,36,15,0,0,0,0,0,0,0,0,40,0,0
142 HY Gnrh1 Glut,0,0,0,1,27,0,0,0,1,0,23,3,0,0,0,0,0,0,2,0,0,0,0,0,0
143 MM-ant Foxb1 Glut,0,0,0,0,983,0,1,0,0,0,0,0,0,48,0,0,1,0,0,0,0,0,2,0,0
144 MM Foxb1 Glut,0,0,0,0,2603,0,0,0,0,0,0,0,0,0,0,0,1,0,0,0,0,0,9,0,1
145 MH Tac2 Glut,0,0,0,3,0,0,0,0,0,0,0,0,4421,132,0,21,46,0,0,0,0,0,73,0,0
146 LH Pou4f1 Sox1 Glut,0,0,0,5,0,0,11,0,0,0,0,0,934,1,0,0,7,0,0,0,0,0,109,0,0
147 AD Serpinb7 Glut,0,0,0,22,0,0,0,0,0,0,0,0,1046,0,0,0,35,0,0,0,0,0,87,0,0
148 AV Col27a1 Glut,0,0,0,0,0,0,0,0,0,0,0,0,1682,0,0,0,36,0,0,0,0,0,4,0,0
149 PVT-PT Ntrk1 Glut,0,0,0,0,47,0,11,0,0,0,0,0,4017,55,0,0,2,0,0,0,5,0,45,0,0
150 CM-IAD-CL-PCN Sema5b Glut,0,0,0,0,1,0,1,0,0,0,0,0,3480,0,0,0,1,0,0,0,0,0,15,0,0
151 TH Prkcd Grin2c Glut,0,0,0,276,115,0,48,0,0,0,0,1,38210,0,0,0,300,0,63,0,90,158,114,0,3
152 RE-Xi Nox4 Glut,0,0,0,0,142,0,2,0,0,0,0,0,3657,0,0,0,14,0,2,0,1,0,42,0,0
153 MG-POL-SGN Nts Glut,0,0,0,1,3,0,54,0,0,0,0,0,699,0,0,0,43,0,4,0,5,1,0,0,0
154 PF Fzd5 Glut,0,0,0,1,23,0,74,0,0,0,0,0,3961,0,0,0,2,0,5,0,0,2,73,0,0
155 PRC-PAG Pax6 Glut,0,0,0,1,0,0,673,1,0,1,0,0,43,19,0,0,16,1,24,3,0,0,3,0,0
156 MB-ant-ve Dmrta2 Glut,0,0,0,0,105,0,377,0,0,1,0,0,86,0,0,0,0,0,6,14,0,1,17,0,0
157 RN Spp1 Glut,0,0,0,0,0,0,323,0,0,3,0,0,0,0,0,0,0,0,3,11,0,0,0,0,0
158 MRN-PAG Nkx6-1 Glut,0,0,0,0,0,0,142,0,0,8,0,0,1,0,0,0,0,0,1,1,0,0,1,0,0
159 IF-RL-CLI-PAG Foxa1 Glut,0,0,0,0,175,0,547,0,0,0,0,0,16,0,0,0,0,0,6,16,0,0,37,0,0
160 PAG-SC Neurod2 Meis2 Glut,1,0,0,0,0,0,997,0,0,3,0,0,1,0,0,0,0,0,9,0,0,0,0,0,0
161 PAG Pou4f3 Glut,1,2,0,0,0,0,1193,0,0,0,0,0,0,0,0,0,0,0,10,0,0,0,0,0,0
162 CUN Evx2 Lhx2 Glut,0,90,0,0,0,0,1464,0,0,10,0,0,0,0,0,0,0,0,21,0,0,0,0,0,0
163 APN C1ql2 Glut,0,0,0,15,0,0,1255,0,0,0,0,0,52,0,0,0,21,0,8,0,1,0,0,0,0
164 APN C1ql4 Glut,0,0,0,0,0,0,1359,0,0,0,0,0,75,0,0,0,10,0,16,0,0,0,1,0,0
165 PAG-MRN Pou3f1 Glut,2,0,0,0,0,0,1101,0,0,7,0,0,0,0,0,0,0,1,8,0,0,0,0,0,0
166 MRN Pou3f1 C1ql4 Glut,0,4,0,0,4,0,458,0,0,0,0,0,32,0,0,0,0,0,6,0,0,0,1,0,0
167 PRC-PAG Tcf7l2 Irx2 Glut,2,0,0,1,46,0,1220,0,0,0,0,0,202,7,0,0,14,0,29,0,0,0,13,0,0
168 SPA-SPFm-SPFp-POL-PIL-PoT Sp9 Glut,0,3,0,10,496,0,1908,1,0,0,13,0,2031,23,0,0,40,0,133,0,26,44,101,0,0
169 PAG-SC Pou4f1 Zic1 Glut,0,0,0,0,0,0,3204,0,0,0,0,0,8,1,0,0,1,0,79,0,0,0,0,0,0
170 PAG-MRN Tfap2b Glut,1,24,0,1,2,0,1255,0,0,5,0,0,2,0,4,0,1,0,12,0,0,3,0,0,0
171 PAG Pou4f1 Bnc2 Glut,0,2,0,0,1,0,1022,0,0,1,0,0,0,0,0,0,0,0,3,0,0,0,0,0,1
172 PAG Pou4f1 Ebf2 Glut,2,0,0,0,1,0,1990,0,0,0,0,0,0,0,0,0,0,0,3,0,0,0,0,0,0
173 PAG Pou4f2 Glut,0,3,0,1,0,0,2754,0,0,0,0,0,3,0,0,0,0,0,51,0,0,0,0,0,0
174 PAG Pou4f2 Mesi2 Glut,3,0,0,0,0,0,1470,0,0,0,0,0,1,0,0,0,0,0,14,0,0,0,0,0,1
175 SC Bnc2 Glut,0,0,0,11,0,6,1561,0,0,0,0,0,1,0,0,0,4,0,1,0,0,0,0,0,18
176 SCig Foxb1 Glut,1,0,0,27,0,0,3891,0,0,0,0,0,2,0,0,0,24,0,47,0,2,0,0,0,5
177 SCig-an-PPT Foxb1 Glut,0,0,0,8,4,0,1924,0,0,0,0,0,11,0,0,0,7,0,21,0,3,0,0,0,0
178 SCig Foxb1 Otx2 Glut,0,0,0,0,0,0,250,0,0,0,0,0,0,0,0,0,3,0,1,0,0,0,0,0,0
179 SCdg-PAG Tfap2b Glut,0,0,0,0,0,0,899,0,0,0,0,0,0,0,0,0,0,0,17,0,0,0,0,0,0
180 SCiw Pitx2 Glut,0,0,0,0,0,0,2034,0,0,0,0,0,0,0,0,0,0,0,2,0,1,0,1,0,0
181 IC Tfap2d Maf Glut,8,2308,0,3,2,0,28238,0,0,1,0,0,5,0,0,0,15,0,218,0,0,0,0,0,378
182 CUN-PPN Evx2 Meis2 Glut,5,28,0,0,0,0,1911,0,0,418,0,0,0,0,1,0,3,28,122,2,0,0,0,0,1
183 PBG Mtnr1a Glut-Chol,0,0,0,0,0,0,238,0,0,6,0,0,0,0,0,0,3,0,46,0,0,0,0,0,0
184 PAG Tcf24 Glut,0,0,0,0,14,0,31,0,0,0,0,0,9,0,0,0,0,0,0,0,0,0,2,0,0
185 SCig Tfap2b Chrnb3 Glut,0,0,0,3,0,0,969,0,0,5,0,0,0,0,0,0,6,0,0,0,0,0,0,0,0
186 SCop Pou4f2 Neurod2 Glut,0,0,0,1,0,0,373,0,0,0,0,0,0,0,0,0,2,0,1,0,0,0,0,0,1
187 SCsg Pde5a Glut,0,0,0,96,0,227,2784,0,0,0,0,0,2,0,0,0,35,0,6,0,3,0,0,0,369
188 SCop Sln Glut,0,0,0,8,0,0,1261,0,0,1,0,0,0,0,0,0,0,0,0,0,0,0,0,0,0
189 PAG Ucn Glut,0,0,0,0,1,0,74,0,0,1,0,0,0,0,0,0,0,0,0,0,0,0,0,0,0
190 ND-INC Foxd2 Glut,0,0,0,0,25,0,321,0,0,1,0,0,20,0,0,0,0,0,1,0,0,0,11,0,0
191 PAG-MRN Rln3 Gaba,0,0,0,0,0,0,84,0,0,1,0,0,1,0,0,0,0,0,1,0,0,0,0,0,0
192 PPN-CUN-PCG Otp En1 Gaba,0,14,0,0,0,0,847,0,0,401,0,0,0,0,1,0,5,15,113,26,0,0,0,0,0
193 MRN-PPN-CUN Pax8 Gaba,2,3,0,0,0,0,344,0,0,59,0,0,0,0,1,0,0,26,12,9,0,0,0,0,0
194 MRN-VTN-PPN Pax5 Cdh23 Gaba,6,3,0,0,0,0,767,0,0,93,0,0,0,0,0,0,0,45,13,21,0,0,2,0,0
195 SNr-VTA Pax5 Npas1 Gaba,0,2,0,1,38,0,1336,1,2,108,16,7,0,0,0,0,22,45,44,11,0,93,7,0,1
196 PAG-PPN Pax5 Sox21 Gaba,11,2,0,0,0,0,1099,0,0,14,0,0,0,0,0,0,0,11,14,7,0,3,4,0,0
197 SNr Six3 Gaba,0,50,0,34,326,3,1845,106,13,140,317,21,43,0,0,0,13,22,28,5,22,199,13,0,3
198 IC Six3 En2 Gaba,0,598,0,3,5,0,7543,0,0,32,0,0,10,0,0,0,25,0,294,0,4,0,0,0,67
199 PAG-MRN-RN Foxa2 Gaba,0,0,0,0,26,0,1062,0,0,6,0,0,0,0,0,0,0,5,22,27,0,0,5,0,0
200 PAG-ND-PCG Onecut1 Gaba,1,11,0,0,2,0,466,44,0,784,0,0,1,0,0,0,15,4,16,4,0,1,1,0,0
201 PAG-RN Nkx2-2 Otx1 Gaba,3,5,0,0,4,0,1940,1,0,25,0,0,0,0,0,0,3,3,14,6,0,0,6,0,1
202 PRT Tcf7l2 Gaba,0,0,0,13,61,0,3085,0,0,9,0,0,93,23,0,0,51,0,30,0,0,1,5,0,0
203 LGv-SPFp-SPFm Nkx2-2 Tcf7l2 Gaba,0,0,0,30,484,0,485,0,0,0,1,0,772,0,0,0,51,0,30,0,187,71,44,0,0
204 SC Otx2 Gcnt4 Gaba,0,0,0,5,0,10,337,0,0,0,0,0,0,0,0,0,8,0,3,0,0,0,0,0,15
205 SC-PAG Lef1 Emx2 Gaba,0,0,0,4,0,2,4367,0,0,1,0,0,0,0,0,0,4,0,31,0,0,0,0,0,12
206 SCm-PAG Cdh23 Gaba,0,1,0,0,1,0,1911,0,0,11,0,0,1,0,0,0,1,0,49,0,0,0,0,0,1
207 SCs Dmbx1 Gaba,0,4,0,36,9,77,4490,0,0,19,0,0,0,0,0,0,30,0,18,0,0,0,0,0,176
208 SC Lef1 Otx2 Gaba,0,0,0,28,0,69,1644,0,0,0,0,0,0,0,0,0,10,0,5,0,0,0,0,0,114
209 SCs Pax7 Nfia Gaba,2,0,0,40,0,6,3236,0,0,0,0,0,1,0,0,0,7,0,9,0,1,0,0,0,22
210 PRT Mecom Gaba,0,0,0,2,0,0,557,0,0,0,0,0,1,11,0,0,30,0,19,0,1,0,1,0,0
211 SC Tnnt1 Gli3 Gaba,0,0,0,16,0,18,1230,0,0,0,0,0,0,0,0,0,2,0,3,0,0,0,0,0,35
212 SCs Lef1 Gli3 Gaba,0,0,0,9,0,3,1897,0,0,1,0,0,0,0,0,0,5,0,8,0,0,0,0,0,5
213 SCsg Gabrr2 Gaba,0,11,0,111,10,222,2918,0,0,4,1,0,226,0,0,0,88,0,17,1,19,13,2,0,401
214 IPN Otp Crisp1 Gaba,0,0,0,0,18,0,440,0,0,101,0,0,0,0,0,0,11,0,0,0,0,0,1,0,0
215 SNc-VTA-RAmb Foxa1 Dopa,5,0,0,0,216,0,3525,0,0,20,0,0,9,3,0,0,0,10,96,104,0,26,61,0,0
216 MB-MY Tph2 Glut-Sero,46,0,0,0,0,0,1216,440,0,1032,0,0,0,0,2,0,2,66,136,25,0,22,2,0,12
217 PB Lmx1a Glut,0,288,0,0,0,0,16,20,0,1453,0,0,0,0,2,0,3,304,1,0,0,0,0,0,0
218 PSV Lmx1a Trpv6 Glut,0,3,0,0,0,0,1,27,0,142,0,0,0,0,0,0,0,4,0,0,0,0,0,0,0
219 PB-SUT Tlx3 Lhx2 Glut,0,0,0,0,0,0,0,0,0,120,0,0,0,0,0,0,0,5,0,0,0,0,0,0,0
220 PB Pax5 Glut,1,38,0,0,0,0,72,1,0,377,0,0,1,0,0,0,5,26,3,0,0,0,0,0,0
221 LDT-PCG Vsx2 Lhx4 Glut,4,0,0,0,1,0,680,82,0,970,0,1,0,0,2,0,2,19,4,23,0,0,0,0,0
222 PB Evx2 Glut,0,490,0,0,10,0,770,12,0,2512,2,0,2,0,2,0,43,270,123,25,0,0,2,0,7
223 B-PB Nr4a2 Glut,0,15,0,0,0,0,4,5,0,263,0,0,0,0,0,0,2,5,6,1,0,0,0,0,1
224 PCG-PRNr Vsx2 Nkx6-1 Glut,0,0,0,0,0,0,234,181,0,984,0,0,0,0,14,0,0,6,2,19,0,1,1,0,0
225 PRNc-NI-SG-RPO Vsx2 Nr4a2 Glut,0,0,0,0,0,0,1,44,0,455,0,0,0,0,0,0,0,0,19,3,0,0,0,0,0
226 PRNc-PARN Tlx1 Glut,0,0,0,0,0,0,0,142,0,196,0,0,0,0,0,0,0,1,7,1,0,0,0,0,0
227 PB-PSV Phox2b Glut,0,0,0,0,0,0,0,6,0,90,0,0,0,0,0,0,0,24,2,1,0,0,0,0,0
228 PSV Pvalb Lhx2 Glut,0,47,0,0,2,0,19,440,0,3076,0,0,1,0,0,0,0,138,330,6,0,0,0,0,0
229 PB-NTS Phox2b Ebf3 Lmx1b Glut,0,1,0,0,0,0,1,199,0,536,0,0,0,0,0,0,4,26,5,0,0,0,0,0,0
230 PRNr Otp Nfib Glut,0,0,0,0,0,0,1,34,0,243,0,0,0,0,0,0,0,0,3,0,0,0,0,0,0
231 IPN-LDT Vsx2 Nkx6-1 Glut,0,0,0,0,14,0,347,0,0,9,0,0,0,0,0,0,0,0,1,1,0,0,11,0,0
232 LDT Vsx2 Nkx6-1 Nfib Glut,1,0,0,0,0,0,230,0,0,2,0,0,0,0,0,0,0,0,4,0,0,0,0,0,0
233 NLL-SOC Spp1 Glut,0,90,0,0,3,0,30,139,0,892,2,0,0,0,2,0,20,61,86,9,0,0,0,0,8
234 MEV Ppp1r1c Glut,0,13,0,0,0,0,48,11,0,66,0,0,0,0,1,1,0,11,0,0,0,0,0,0,0
235 PG-TRN-LRN Fat2 Glut,0,155,0,0,0,0,0,1703,0,8811,0,0,0,0,58,133,291,398,364,18,0,119,0,0,1629
236 IRN Vip Glut,0,0,0,0,0,0,0,94,0,0,0,0,0,0,0,0,0,0,0,0,0,0,0,0,0
237 PRP-NI-PRNc-GRN Otp Glut,0,0,0,0,0,0,1,253,0,632,0,0,0,0,5,4,0,1,14,4,0,1,0,0,5
238 NTS Phox2b Glut,0,33,0,0,0,0,1,2096,0,26,0,0,0,0,1,0,38,4,6,1,0,0,0,0,0
239 MARN-GRN Pyy Glut,0,0,0,0,0,0,0,59,0,1,0,0,0,0,0,0,0,0,0,2,0,0,0,0,0
240 MDRNv Lhx4 Qrfprl Glut,0,0,0,0,0,0,0,11,0,1,0,0,0,0,0,0,0,0,0,0,0,0,0,0,0
241 NTS Mbnl3 Glut,0,0,0,0,0,0,0,40,0,0,0,0,0,0,0,0,0,0,0,0,0,0,0,0,0
242 PGRNd Dmbx1 Glut,0,0,0,0,0,0,0,92,0,1,0,0,0,0,16,0,0,0,6,0,0,0,0,0,0
243 PGRN-PARN-MDRN Hoxb5 Glut,0,17,0,0,168,0,2053,4453,0,2457,34,2,19,0,22,9,3,40,123,55,1,8,4,0,2
244 MV-SPIV Slc6a2 Glut,0,21,0,0,0,0,0,208,0,1,0,0,0,0,15,10,2,1,1,5,0,1,0,0,0
245 SPVI-SPVC Tlx3 Ebf3 Glut,0,124,0,0,0,0,4,918,0,12,0,0,0,0,3,0,10,3,39,1,0,0,0,0,75
246 CU-ECU-SPVI Foxb1 Glut,0,46,0,0,7,0,65,1129,0,104,0,0,0,0,20,13,22,23,120,3,0,1,0,0,60
247 MV-SPIV Phox2b Ebf3 Lbx1 Glut,0,3,0,0,0,0,0,481,0,90,0,0,0,0,14,9,0,3,9,0,0,0,0,0,0
248 MV-SPIV Zic4 Neurod2 Glut,0,32,0,0,0,0,1,912,0,1,0,0,0,0,161,74,1,34,11,0,0,0,0,0,3
249 NTS Aldh1a2 Glut,0,0,0,0,0,0,0,2,0,0,0,0,0,0,0,0,0,0,0,0,0,0,0,0,0
250 CBN Neurod2 Pvalb Glut,0,794,0,0,6,0,71,219,0,32,0,0,0,0,26,3,0,560,2,1,0,0,0,0,0
251 NTS Dbh Glut,0,65,0,0,0,0,22,323,0,469,0,0,0,0,0,3,26,10,5,14,0,0,0,0,0
252 DMX VII Tbx20 Chol,0,0,0,0,0,0,0,316,0,64,0,0,0,0,3,1,6,0,0,4,0,0,0,0,0
253 IO Fgl2 Glut,0,0,0,0,0,0,0,1639,0,0,0,0,0,0,0,0,0,0,0,17,0,207,0,0,5
254 VCO Mafa Meis2 Glut,0,1113,0,0,0,0,19,1622,0,48,0,0,0,0,71,41,4,136,36,1,0,0,0,0,12
255 SPVO Mafa Meis2 Glut,0,0,0,0,0,0,0,411,0,48,0,0,0,0,0,0,0,1,107,1,0,0,0,0,0
256 SPVC Mafa Glut,0,0,0,0,0,0,0,137,0,2,0,0,0,0,0,0,0,0,12,0,0,0,0,0,0
257 SPVC Ccdc172 Glut,0,2,0,0,0,0,0,10,0,0,0,0,0,0,0,0,0,0,2,0,0,0,0,0,7
258 SPVC Nmu Glut,0,0,0,0,0,0,0,10,0,0,0,0,0,0,0,0,1,0,1,0,0,0,0,0,0
259 MDRNd Bves Glut,0,0,0,0,0,0,0,89,0,0,0,0,0,0,0,0,0,0,0,0,0,0,0,0,0
260 MDRNv Crp Glut,0,0,0,0,0,0,0,15,0,0,0,0,0,0,0,0,0,0,0,0,0,0,0,0,0
261 HB Calcb Chol,0,0,0,0,0,0,95,1051,0,650,0,0,0,0,0,0,0,0,13,6,0,0,1,0,0
262 Pineal Crx Glut,0,0,0,0,0,0,0,0,0,0,0,0,0,8,0,0,0,0,0,0,0,0,1,0,12
263 CS-RPO Meis2 Gaba,0,0,0,0,0,0,108,10,0,1157,0,0,0,0,3,0,1,2,9,9,0,0,0,0,0
264 PRNc Otp Gly-Gaba,0,30,0,0,0,0,91,409,0,2578,0,0,0,0,3,1,0,10,56,32,0,5,0,0,0
265 PB Sst Gly-Gaba,1,34,0,0,0,0,7,29,0,209,0,0,0,0,5,0,0,26,19,5,0,0,0,0,0
266 PRNc Prox1 Brs3 Gly-Gaba,0,0,0,0,0,0,0,65,0,110,0,0,0,0,0,0,0,0,3,1,0,0,0,0,0
267 CS-PRNr-PCG Tmem163 Otp Gaba,0,0,0,0,0,0,206,0,0,690,0,0,0,0,0,0,3,3,14,14,0,0,1,0,0
268 CS-PRNr-DR En1 Sox2 Gaba,22,0,0,0,1,0,620,0,0,530,0,0,0,0,0,0,0,37,43,36,0,0,2,0,0
269 LDT Fgf7 Gaba,6,0,0,0,0,0,70,0,0,29,0,0,0,0,4,0,0,1,1,1,0,0,0,0,0
270 LDT-DTN Gata3 Nfix Gaba,0,0,0,0,0,0,297,1,0,553,0,0,0,0,0,0,0,1,4,0,0,0,0,0,0
271 NI-RPO Gata3 Nr4a2 Gaba,0,0,0,0,0,0,14,1,0,564,0,0,0,0,3,0,0,0,4,2,0,0,0,0,0
272 LDT-PCG-CS Gata3 Lhx1 Gaba,14,1,0,0,0,0,153,1,0,626,0,0,0,0,2,0,4,15,2,7,0,0,0,0,0
273 PDTg-PCG Pax6 Gaba,4,0,0,0,0,0,67,0,0,732,0,0,0,0,5,0,0,0,2,2,0,0,0,0,0
274 PDTg Otp Shroom3 Gaba,0,0,0,0,0,0,0,0,0,51,0,0,0,0,0,0,0,0,0,0,0,0,0,0,0
275 PDTg Otp Olig3 Gaba,0,0,0,0,0,0,1,0,0,151,0,0,0,0,0,0,0,0,0,0,0,0,0,0,0
276 LDT-PCG St18 Gaba,2,0,0,0,0,0,82,1,0,276,0,0,0,0,3,0,0,4,1,1,0,0,0,0,0
277 DTN-LDT-IPN Otp Pax3 Gaba,0,1,0,0,67,0,726,1,0,1198,0,0,0,0,1,0,7,1,7,4,0,0,3,0,0
278 NLL Gata3 Gly-Gaba,0,33,0,0,5,1,121,770,0,2155,0,0,0,0,1,0,22,299,284,59,0,13,0,0,5
279 PSV Pax2 Gly-Gaba,0,1,0,0,0,0,0,24,0,188,0,0,0,0,0,0,0,5,21,1,0,0,0,0,0
280 NLL-po Pax7 Gaba,0,40,0,0,0,0,25,0,0,95,0,0,0,0,0,0,7,0,77,0,0,0,0,0,0
281 POR Gata3 Gly-Gaba,0,3,0,0,0,0,1,18,0,469,0,0,0,0,0,0,3,18,77,10,0,0,0,0,3
282 POR Spp1 Gly-Gaba,0,47,0,0,1,0,4,707,0,324,0,0,0,0,7,6,0,19,33,16,0,0,0,0,0
283 PRP Otp Gly-Gaba,0,0,0,0,0,0,0,1151,0,134,0,0,0,0,181,103,0,0,24,7,0,7,0,0,1
284 GRN-IRN-MDRNd Ikzf1 Gly-Gaba,0,0,0,0,0,0,0,25,0,0,0,0,0,0,0,0,0,0,0,0,0,0,0,0,0
285 MY Lhx1 Gly-Gaba,0,48,0,0,148,0,1223,5210,0,3623,2,1,4,0,43,14,4,82,210,109,0,12,1,0,4
286 PPY-PGRNl Vip Glyc-Gaba,0,2,0,0,0,0,0,360,0,1,0,0,0,0,1,2,1,0,4,8,0,1,0,0,0
287 MV-SPIV-PRP Dmbx1 Gly-Gaba,0,133,0,0,0,0,6,607,0,53,0,0,0,0,72,29,0,62,7,0,0,0,0,0,0
288 MDRN Hoxb5 Ebf2 Gly-Gaba,0,0,0,0,0,0,4,171,0,8,0,0,0,0,5,5,0,0,6,1,0,0,0,0,0
289 MDRNd Prox1 Pax6 Gly-Gaba,0,0,0,0,0,0,0,9,0,3,0,0,0,0,0,0,0,0,0,0,0,0,0,0,0
290 MY Prox1 Lmo7 Gly-Gaba,0,3,0,0,0,0,0,295,0,84,0,0,0,0,3,2,0,6,11,10,0,0,0,0,0
291 NTS-MDRNd Prox1 Zic1 Gly-Gaba,0,8,0,0,0,0,0,62,0,2,0,0,0,0,6,2,2,2,0,0,0,0,0,0,5
292 MV Nkx6-1 Gly-Gaba,0,5,0,0,0,0,0,444,0,1,0,0,0,0,169,53,0,6,0,0,0,0,0,0,0
293 PAS-MV Ebf2 Gly-Gaba,0,110,0,0,0,0,0,857,0,4,0,0,0,0,103,33,14,4,4,0,0,0,0,0,2
294 MV Pax6 Gly-Gaba,0,70,0,0,0,0,0,254,0,26,0,0,0,0,39,4,0,5,1,0,0,0,0,0,0
295 CBN Dmbx1 Gaba,0,465,0,0,0,0,1,39,0,3,0,0,0,0,20,0,0,189,0,0,0,0,0,0,0
296 RPA Pax6 Hoxb5 Gly-Gaba,0,0,0,0,0,0,0,316,0,17,0,0,0,0,1,0,0,0,16,6,0,38,0,0,2
297 CU-ECU Pax2 Gly-Gaba,0,5,0,0,0,0,0,18,0,0,0,0,0,0,0,0,0,2,6,0,0,0,0,0,0
298 PRP Gata3 Slc6a5 Gly-Gaba,0,0,0,0,0,0,0,149,0,0,0,0,0,0,42,27,0,0,0,0,0,0,0,0,0
299 MARN-PPY Ngfr Gly-Gaba,0,0,0,0,0,0,0,249,0,44,0,0,0,0,0,0,0,0,16,0,0,6,0,0,0
300 PARN-MDRNd-NTS Gbx2 Gly-Gaba,0,16,0,0,0,0,2,1456,0,5,0,0,0,0,0,1,20,2,18,0,0,0,0,0,5
301 MV Nr4a2 Gly-Gaba,0,0,0,0,0,0,0,15,0,39,0,0,0,0,0,0,0,0,1,1,0,0,0,0,0
302 MV Xdh Gly-Gaba,0,0,0,0,0,0,0,65,0,60,0,0,0,0,0,0,0,0,1,0,0,0,0,0,0
303 IRN Dmbx1 Pax2 Gly-Gaba,0,0,0,0,0,0,0,353,0,1,0,0,0,0,0,0,0,0,0,0,0,3,0,0,1
304 NTS-PARN Neurod2 Gly-Gaba,0,168,0,0,5,0,6,1375,0,75,0,0,0,0,5,5,73,15,44,14,0,0,0,0,2
305 SPVI-SPVC Sall3 Nfib Gly-Gaba,0,81,0,0,0,0,0,720,0,0,0,0,0,0,23,15,11,20,56,0,0,0,0,0,54
306 SPVI-SPVC Sall3 Lhx1 Gly-Gaba,0,92,0,0,10,0,0,1966,0,18,0,0,1,0,48,30,38,24,278,1,0,1,1,0,305
307 RO-RPA Pkd2l1 Gaba,0,0,0,0,0,0,1,11,0,1,0,0,0,0,3,0,0,0,1,1,0,1,0,0,1
308 DCO Il22 Gly-Gaba,0,568,0,0,12,2,1,1363,0,111,0,0,5,0,193,43,7,261,25,1,1,0,0,0,7
309 CB PLI Gly-Gaba,2,3559,0,0,0,0,3,86,0,17,1,0,0,0,28,2,0,437,0,0,0,0,0,0,95
310 CBX Golgi Gly-Gaba,0,1290,0,0,0,0,1,23,0,5,0,0,0,0,3,1,0,97,1,1,0,0,0,0,66
311 CBX MLI Megf11 Gaba,50,67446,0,0,0,1,51,35,0,6,0,0,0,0,80,1,25,1168,0,0,0,0,0,0,7307
312 CBX MLI Cdh22 Gaba,14,15591,0,0,0,0,28,5,0,3,0,0,0,0,34,2,7,242,0,0,0,0,0,0,1529
313 CBX Purkinje Gaba,0,16626,0,0,0,0,6,4,0,4,0,0,0,0,0,0,0,426,1,0,0,0,0,0,963
314 CB Granule Glut,2,160552,0,5,0,5,11,2843,0,625,0,1,0,0,307,80,24,11252,135,0,0,0,0,0,8186
315 DCO UBC Glut,1,597,0,0,0,0,1,727,0,102,0,0,0,0,81,9,2,197,39,1,0,0,0,0,13
316 Bergmann NN,1,26890,0,0,0,0,17,0,0,0,0,0,1,0,10,2,0,712,0,0,0,0,0,0,1980
317 Astro-CB NN,0,2724,0,0,0,0,2,61,0,23,0,0,0,0,10,3,1,482,1,0,0,0,0,0,84
318 Astro-NT NN,489,13298,357,1588,20269,386,45353,25161,414,21780,10386,3849,16654,667,1839,982,2674,8727,5717,782,1618,4363,1970,1,3342
319 Astro-TE NN,3,1106,8321,60420,758,103169,973,1455,35092,651,3771,33492,1015,321,114,3480,1432,731,3569,81,645,15253,7835,3072,8125
320 Astro-OLF NN,0,0,3,18,3,63,10,1,4191,3,25,34,5,0,0,1,0,0,753,0,0,0,3,0,51
321 Astroependymal NN,72,122,2,207,598,8,333,132,7,6,317,558,1021,690,10,125,277,12,118,0,69,111,455,0,14
322 Tanycyte NN,0,0,0,1,1282,0,0,0,0,0,0,0,0,370,0,196,15,0,2,0,5,3,0,0,5
323 Ependymal NN,1867,1472,357,487,1077,3,626,24,5,12,0,2055,798,4784,2239,6045,323,654,217,0,212,2474,2501,5,1
324 Hypendymal NN,23,0,0,0,0,0,82,0,0,0,0,0,0,152,0,0,0,0,0,0,0,0,0,0,0
325 CHOR NN,0,2911,731,328,3,7,0,65,0,0,1,1220,164,915,2728,12631,141,1568,259,0,657,938,2065,0,3
326 OPC NN,23,2106,1597,6550,3126,14448,6287,2929,5128,3043,2190,5112,2348,110,111,228,239,864,1125,146,232,2025,1184,375,542
327 Oligo NN,25,20208,2931,17637,17056,40368,59369,48169,11925,43485,17566,29653,22019,1437,1194,3680,3018,21970,21402,2288,5202,49889,24845,7855,3628
328 OEC NN,0,0,0,0,0,14,0,2,3573,0,0,0,0,0,0,0,0,0,5103,0,0,0,0,0,565
329 ABC NN,0,1885,58,1448,261,3420,459,329,1554,151,93,255,2,50,98,29,938,202,686,1,95,167,11,3,6886
330 VLMC NN,22,9285,279,5813,2112,10270,4234,2372,5870,1132,1037,2235,687,383,578,859,3236,1430,2880,48,666,1129,851,33,13065
331 Peri NN,22,3330,863,3619,1644,12452,4303,2770,2989,2341,1110,4321,2162,45,94,153,108,708,732,85,106,971,514,200,492
332 SMC NN,7,2680,245,2254,1003,4570,2472,1800,1786,1334,847,2079,754,13,44,135,946,434,845,73,208,509,211,29,1421
333 Endo NN,107,19095,3897,22206,8587,73865,24155,16666,18124,13728,5851,21664,10309,283,595,833,1147,3858,4558,530,626,4839,2522,1035,4130
334 Microglia NN,20,1424,1144,4933,1439,14811,3155,1942,4095,1730,1999,5011,1250,80,78,173,161,711,938,85,161,1838,835,297,435
335 BAM NN,3,305,29,118,69,280,202,117,90,86,60,108,42,17,19,21,61,46,54,8,14,53,25,3,67
336 Monocytes NN,0,5,0,3,2,8,2,1,0,3,0,2,0,1,0,0,1,0,0,0,0,0,0,0,4
337 DC NN,0,32,1,10,5,22,16,11,6,3,8,7,4,0,0,0,11,3,4,1,1,4,1,0,14
338 Lymphoid NN,0,59,4,23,5,77,28,20,12,12,10,20,5,2,1,5,8,8,13,2,6,10,6,1,36
