supertype,AQ,CB,CTXsp,HPF,HY,Isocortex,MB,MY,OLF,P,PAL,STR,TH,V3,V4,VL,brain-unassigned,cbf,cm,eps,fiber tracts-unassigned,lfbs,mfbs,scwm,unassigned
0001 CLA-EPd-CTX Car3 Glut_1,0,0,1242,80,0,10019,0,0,523,0,0,7,0,0,0,3,0,0,1,0,0,389,12,210,0
0002 CLA-EPd-CTX Car3 Glut_2,0,0,304,6,0,666,0,0,304,0,0,3,0,0,0,0,0,0,0,0,0,75,0,15,0
0003 IT EP-CLA Glut_1,0,0,1848,105,0,3217,0,0,423,0,0,61,0,0,0,4,1,0,0,0,0,473,59,71,1
0004 IT EP-CLA Glut_2,0,0,563,286,0,300,0,0,542,0,0,1,0,0,0,3,0,0,1,0,0,175,29,0,1
0005 IT EP-CLA Glut_3,0,0,218,0,0,12,0,0,159,0,0,15,0,0,0,0,0,0,0,0,0,3,5,0,0
0006 IT EP-CLA Glut_4,0,0,194,0,0,123,0,0,1029,0,0,8,0,0,0,0,0,0,11,0,0,7,0,2,0
0007 L5/6 IT TPE-ENT Glut_1,0,0,612,752,0,3283,0,0,233,0,1,23,0,0,0,0,0,0,1,0,0,28,12,1,1
0008 L5/6 IT TPE-ENT Glut_2,0,0,24,964,0,3828,0,0,47,0,0,5,0,0,0,0,0,0,0,0,0,22,2,5,4
0009 L5/6 IT TPE-ENT Glut_3,0,0,9,2,0,411,0,0,0,0,0,0,0,0,0,0,0,0,0,0,0,3,0,0,0
0010 L5/6 IT TPE-ENT Glut_4,0,0,1,1242,0,220,0,0,6,0,0,0,0,0,0,0,0,0,0,0,0,4,2,0,1
0011 L5/6 IT TPE-ENT Glut_5,0,0,0,37,0,370,0,0,0,0,0,0,0,0,0,0,0,0,0,0,0,1,0,0,0
0012 L5/6 IT TPE-ENT Glut_6,0,0,0,10,0,0,0,0,0,0,0,0,0,0,0,0,0,0,0,0,0,0,0,0,0
0013 L6 IT CTX Glut_1,0,0,68,173,0,4119,0,0,9,0,0,33,0,0,0,0,0,0,0,0,0,105,12,50,1
0014 L6 IT CTX Glut_2,0,0,43,69,0,35818,0,0,65,0,0,232,0,0,0,0,0,0,0,0,0,569,15,315,0
0015 L6 IT CTX Glut_3,0,0,19,13,0,8116,0,0,15,0,0,10,0,0,0,0,0,0,0,0,0,20,0,21,0
0016 L6 IT CTX Glut_4,0,0,5,44,0,2292,0,0,2,0,0,1,0,0,0,0,0,0,0,0,0,5,0,14,0
0017 L6 IT CTX Glut_5,0,0,3,20,0,4765,0,0,0,0,0,7,0,0,0,0,0,0,0,0,0,5,2,2,1
0018 L5 IT CTX Glut_1,0,0,4,14,0,3352,0,0,2,0,0,0,0,0,0,0,0,0,0,0,0,13,0,6,0
0019 L5 IT CTX Glut_2,0,0,0,88,0,10125,0,0,1,0,0,0,0,0,0,0,0,0,0,0,0,23,0,0,0
0020 L5 IT CTX Glut_3,0,0,0,18,0,10588,0,0,1,0,0,1,0,0,0,0,0,0,0,0,0,1,1,1,0
0021 L5 IT CTX Glut_4,0,0,0,20,0,5706,0,0,0,0,0,0,0,0,0,0,0,0,0,0,0,0,0,0,0
0022 L5 IT CTX Glut_5,0,0,2,0,0,296,0,0,0,0,0,0,0,0,0,0,0,0,0,0,0,0,0,0,0
0023 L4/5 IT CTX Glut_1,0,0,1,102,0,25736,0,0,10,0,0,1,0,0,0,0,0,0,0,0,0,7,0,0,1
0024 L4/5 IT CTX Glut_2,0,0,0,1,0,72870,0,0,82,0,0,0,0,0,0,0,0,0,11,0,0,0,1,0,2
0025 L4/5 IT CTX Glut_3,0,0,1,55,0,11891,0,0,22,0,0,0,0,0,0,0,0,0,0,0,0,1,0,0,0
0026 L4/5 IT CTX Glut_4,0,0,8,3,0,14272,0,0,11,0,0,10,0,0,0,0,0,0,0,0,0,1,1,0,1
0027 L4/5 IT CTX Glut_5,0,0,0,7,0,15351,0,0,5,0,0,0,0,0,0,0,0,0,0,0,0,10,4,0,1
0028 L4/5 IT CTX Glut_6,0,0,0,348,0,14710,0,0,0,0,0,0,0,0,0,0,0,0,0,0,0,0,1,0,1
0029 L2/3 IT CTX Glut_1,0,0,0,10,0,8193,0,0,49,0,0,0,0,0,0,0,0,0,1,0,0,3,0,0,4
0030 L2/3 IT CTX Glut_2,0,0,0,17,0,79310,0,0,435,0,0,2,0,0,0,1,0,0,35,0,0,26,10,12,35
0031 L2/3 IT CTX Glut_3,0,0,11,58,0,9592,0,0,110,0,0,1,0,0,0,0,0,0,0,0,0,1,0,0,8
0032 L2/3 IT CTX Glut_4,0,0,34,150,0,23097,0,0,516,0,0,0,0,0,0,0,0,0,8,0,0,2,2,4,47
0033 L2/3 IT ENT Glut_1,0,0,34,1011,0,90,0,0,261,0,0,0,0,0,0,0,0,0,0,0,0,1,0,0,0
0034 L2/3 IT ENT Glut_2,0,0,1,737,0,39,0,0,29,0,0,0,0,0,0,0,0,0,0,0,0,0,0,0,1
0035 L2/3 IT ENT Glut_3,0,0,1,1310,0,312,0,0,221,0,0,1,0,0,0,0,0,0,0,0,0,0,0,0,0
0036 L2/3 IT ENT Glut_4,0,0,0,10024,0,182,0,0,0,0,0,0,0,0,0,0,0,0,0,0,0,0,0,0,2
0037 L2/3 IT ENT Glut_5,0,0,0,2224,0,220,0,0,2,0,0,0,0,0,0,0,0,0,0,0,0,0,0,0,1
0038 L2/3 IT ENT Glut_6,0,0,5,550,0,34,0,0,161,0,0,0,0,0,0,0,0,0,0,0,0,0,0,0,1
0039 L2/3 IT PIR-ENTl Glut_1,0,0,518,468,0,464,0,0,7455,0,1,2,0,0,0,0,0,0,0,0,0,0,0,0,1
0040 L2/3 IT PIR-ENTl Glut_2,0,0,63,15,0,356,0,0,12560,0,0,7,0,0,0,0,0,0,1,0,0,6,0,0,5
0041 L2/3 IT PIR-ENTl Glut_3,0,0,70,227,0,1285,0,0,11465,0,0,7,0,0,0,0,0,0,0,0,0,1,0,0,2
0042 L2/3 IT PIR-ENTl Glut_4,0,0,66,2709,0,948,0,0,8476,0,0,2,0,0,0,0,0,0,0,0,0,0,0,0,20
0043 L2/3 IT PIR-ENTl Glut_5,0,0,58,260,0,100,0,0,466,0,0,2,0,0,0,0,0,0,1,0,0,5,0,0,1
0044 L2/3 IT PIR-ENTl Glut_6,0,0,261,772,0,34,0,0,2571,0,0,1,0,0,0,0,0,0,0,0,0,6,3,0,0
0045 L2/3 IT PIR-ENTl Glut_7,0,0,634,0,0,12,0,0,357,0,0,443,0,0,0,0,0,0,14,0,0,118,17,0,0
0046 IT AON-TT-DP Glut_1,0,0,47,22,0,385,0,0,5314,0,0,85,0,0,0,0,0,0,1,0,0,49,2,0,0
0047 IT AON-TT-DP Glut_2,0,0,0,0,0,0,0,0,3799,0,0,3,0,0,0,0,0,0,6,0,0,0,0,0,0
0048 IT AON-TT-DP Glut_3,0,0,0,0,0,5,0,0,3665,0,0,0,0,0,0,0,0,0,36,0,0,0,0,0,0
0049 IT AON-TT-DP Glut_4,0,0,22,0,0,6,0,0,2124,0,0,61,0,0,0,0,0,0,23,0,0,0,0,0,0
0050 IT AON-TT-DP Glut_5,0,0,0,0,0,65,0,0,11093,0,0,1,0,0,0,0,0,0,262,0,0,0,0,0,0
0051 L2 IT ENT-po Glut_1,0,0,0,1763,0,63,0,0,0,0,0,0,0,0,0,0,0,0,0,0,0,0,1,0,0
0052 L2 IT ENT-po Glut_2,0,0,0,857,0,0,0,0,0,0,0,0,0,0,0,0,0,0,0,0,0,0,0,0,0
0053 L2 IT ENT-po Glut_3,0,0,0,628,0,0,0,0,6,0,0,0,0,0,0,0,0,0,0,0,0,0,0,0,0
0054 L2 IT ENT-po Glut_4,0,0,0,1489,0,0,0,0,0,0,0,0,0,0,0,0,0,0,0,0,0,0,0,0,2
0055 MEA Slc17a7 Glut_1,0,0,714,7,0,0,0,0,385,0,0,2079,0,0,0,0,1,0,2,0,37,0,23,0,1
0056 MEA Slc17a7 Glut_2,0,0,433,1,17,1,0,0,403,0,73,410,1,0,0,0,2,0,0,0,0,5,7,0,0
0057 MEA Slc17a7 Glut_3,0,0,190,1,0,0,0,0,645,0,0,567,0,0,0,0,1,0,1,0,10,0,0,0,9
0058 COAp Grxcr2 Glut_1,0,0,1272,22,0,12,0,0,1269,0,0,8,0,0,0,0,0,0,0,0,0,2,6,0,0
0059 COAp Grxcr2 Glut_2,0,0,443,10,0,1,0,0,4443,0,0,104,0,0,0,0,4,0,0,0,2,8,6,0,0
0060 LA-BLA-BMA-PA Glut_1,0,0,1869,197,0,0,0,0,457,0,0,79,0,0,0,0,26,0,0,0,0,0,16,0,0
0061 LA-BLA-BMA-PA Glut_2,0,0,2969,59,0,1,0,0,479,0,0,1,0,0,0,7,45,0,0,0,0,15,21,0,0
0062 LA-BLA-BMA-PA Glut_3,0,0,2352,0,0,22,0,0,11,0,1,249,0,0,0,0,0,0,0,0,0,70,44,0,0
0063 LA-BLA-BMA-PA Glut_4,0,0,1312,39,0,3,0,0,88,0,2,25,0,0,0,0,2,0,0,0,1,5,10,0,0
0064 LA-BLA-BMA-PA Glut_5,0,0,1688,8,0,0,0,0,4,0,1,124,0,0,0,5,5,0,0,0,0,24,17,0,3
0065 LA-BLA-BMA-PA Glut_6,0,0,793,0,0,0,0,0,0,0,0,28,0,0,0,0,0,0,0,0,0,5,18,0,0
0066 ENTmv-PA-COAp Glut_1,0,0,452,739,0,0,0,0,463,0,0,0,0,0,0,0,22,0,0,0,0,1,34,0,0
0067 ENTmv-PA-COAp Glut_2,0,0,23,573,0,2,0,0,78,0,0,0,0,0,0,0,1,0,0,0,0,0,1,0,0
0068 ENTmv-PA-COAp Glut_3,0,0,10,251,0,0,0,0,95,0,0,0,0,0,0,0,0,0,0,0,0,0,7,0,0
0069 CA1-ProS Glut_1,0,0,70,12922,0,0,0,0,2,0,0,0,0,0,0,7,36,0,0,0,6,84,118,0,0
0070 CA1-ProS Glut_2,0,0,13,4178,0,1,0,0,0,0,0,0,0,0,0,0,0,0,0,0,0,15,30,0,0
0071 CA1-ProS Glut_3,0,0,44,1248,0,0,0,0,1,0,0,1,0,0,0,0,18,0,0,0,0,11,23,0,0
0072 CA1-ProS Glut_4,0,0,44,3813,0,1,0,0,2,0,0,0,0,0,0,0,10,0,0,0,0,0,22,0,0
0073 CA1-ProS Glut_5,0,0,516,937,0,1,0,0,6,0,0,0,0,0,0,8,66,0,0,0,15,2,114,0,0
0074 CA1-ProS Glut_6,0,0,1,744,0,0,0,0,5,0,0,0,0,0,0,0,0,0,0,0,0,3,0,0,0
0075 CA3 Glut_1,0,0,58,1577,0,0,0,0,0,0,0,6,0,0,0,311,22,0,0,0,19,2,315,0,0
0076 CA3 Glut_2,0,0,390,864,0,0,0,0,9,0,0,37,0,0,0,5,8,0,0,0,2,0,14,0,0
0077 CA3 Glut_3,0,0,169,5023,0,0,0,0,0,0,0,0,0,0,0,165,41,0,0,0,31,0,304,0,0
0078 CA3 Glut_4,0,0,0,5599,0,1,1,0,0,0,0,0,0,0,0,2,3,0,0,0,14,0,89,0,0
0079 CA3 Glut_5,0,0,0,1248,0,0,0,0,0,0,0,60,0,0,0,0,0,0,0,0,0,0,0,0,0
0080 L2 IT PPP-APr Glut_1,0,0,0,916,0,145,0,0,0,0,0,0,0,0,0,0,0,0,0,0,0,0,0,0,0
0081 L2 IT PPP-APr Glut_2,0,0,0,787,0,0,0,0,0,0,0,0,0,0,0,0,22,0,9,0,3,0,0,0,0
0082 L2 IT PPP-APr Glut_3,0,0,0,305,0,0,0,0,0,0,0,0,0,0,0,0,17,0,12,0,0,0,0,0,0
0083 L2 IT PPP-APr Glut_4,0,0,0,471,0,50,0,0,0,0,0,0,0,0,0,0,0,0,0,0,0,11,6,0,0
0084 L2/3 IT PPP Glut_1,0,0,0,2666,0,62,0,0,0,0,0,0,0,0,0,0,0,0,0,0,0,0,0,0,17
0085 L2/3 IT PPP Glut_2,0,0,0,7013,0,114,0,0,0,0,0,0,0,0,0,0,59,0,2,0,1,29,73,0,1
0086 L2/3 IT PPP Glut_3,0,0,0,4479,0,209,0,0,0,0,0,0,0,0,0,0,0,0,0,0,0,1,0,0,145
0087 L2/3 IT RSP Glut_1,0,0,0,2,0,4432,0,0,0,0,0,0,0,0,0,0,0,0,0,0,0,3,1,0,0
0088 L2/3 IT RSP Glut_2,0,0,0,253,0,9848,0,0,0,0,0,0,0,0,0,0,0,0,0,0,0,33,1,0,0
0089 L4 RSP-ACA Glut_1,0,0,0,42,0,2454,0,0,0,0,0,0,0,0,0,0,0,0,0,0,0,6,0,0,0
0090 L5 ET CTX Glut_1,0,0,8,7,0,11431,0,0,41,0,0,0,0,0,0,0,0,0,0,0,0,0,0,0,0
0091 L5 ET CTX Glut_2,0,0,10,111,0,15289,0,0,628,0,0,8,0,0,0,1,0,0,0,0,0,52,0,0,2
0092 L5 ET CTX Glut_3,0,0,0,26,0,2833,0,0,0,0,0,0,0,0,0,0,0,0,0,0,0,1,0,0,0
0093 L5 ET CTX Glut_4,0,0,0,8,0,1251,0,0,1,0,0,0,0,0,0,0,0,0,0,0,0,0,0,0,0
0094 L5 ET CTX Glut_5,0,0,3,4,0,3025,0,0,78,0,0,1,0,0,0,0,0,0,0,0,0,0,0,0,0
0095 L5 ET CTX Glut_6,0,0,0,389,0,2415,0,0,0,0,0,0,0,0,0,0,0,0,0,0,0,53,3,1,0
0096 SUB-ProS Glut_1,0,0,0,3231,0,1,0,0,0,0,0,1,0,0,0,0,2,0,0,0,0,2,2,0,0
0097 SUB-ProS Glut_2,0,0,306,2324,0,3,0,0,55,0,0,1,0,0,0,0,27,0,0,0,0,73,116,0,0
0098 SUB-ProS Glut_3,0,0,4,1483,0,0,0,0,0,0,0,0,0,0,0,0,1,0,0,0,0,67,28,0,0
0099 L5 PPP Glut_1,0,0,0,455,0,10,0,0,0,0,0,0,0,0,0,0,0,0,0,0,0,4,7,0,0
0100 CA2-FC-IG Glut_1,0,0,1,1087,0,0,0,0,0,0,0,0,0,0,0,5,0,0,0,0,0,0,3,0,0
0101 CA2-FC-IG Glut_2,0,0,0,476,0,3,0,0,0,0,0,7,0,4,0,2,36,0,0,0,0,231,5,0,0
0102 NLOT Rho Glut_1,0,0,54,0,0,0,0,0,341,0,0,81,0,0,0,0,1,0,0,0,0,0,10,0,1
0103 L6b EPd Glut_1,0,0,325,1,0,107,0,0,535,0,0,28,0,0,0,0,0,0,39,0,0,29,2,1,0
0104 L6b EPd Glut_2,0,0,474,2,0,142,0,0,6,0,0,2,0,0,0,0,0,0,0,0,0,40,22,0,0
0105 L6b EPd Glut_3,0,0,1264,34,0,179,0,0,101,0,0,9,0,0,0,5,0,0,0,0,0,114,60,0,0
0106 L6b/CT ENT Glut_1,0,0,234,4749,0,470,0,0,200,0,0,1,0,0,0,5,0,0,0,0,0,442,121,6,0
0107 L6b/CT ENT Glut_2,0,0,155,643,0,117,0,0,228,0,0,5,0,0,0,1,2,0,6,0,0,215,104,31,0
0108 L6b/CT ENT Glut_3,0,0,30,642,0,253,0,0,45,0,0,5,0,0,0,0,0,0,0,0,0,107,72,23,0
0109 L6b/CT ENT Glut_4,0,0,0,5815,0,306,0,0,0,0,0,0,0,0,0,0,0,0,0,0,0,132,21,3,0
0110 L6b CTX Glut_1,0,0,68,28,0,4845,0,0,530,0,0,109,0,0,0,0,0,0,11,0,0,428,240,893,0
0111 L6b CTX Glut_2,0,0,28,190,0,3368,0,0,13,0,0,5,0,0,0,0,0,0,0,0,0,512,227,1613,0
0112 L6b CTX Glut_3,0,0,34,66,0,2256,0,0,207,0,0,30,0,0,0,0,0,0,18,0,0,257,271,690,0
0113 L6b CTX Glut_4,0,0,1,21,0,326,0,0,7,0,0,2,0,0,0,0,0,0,0,0,0,7,9,6,2
0114 L6 CT CTX Glut_1,0,0,50,178,0,44440,0,0,18,0,0,26,0,0,0,0,0,0,0,0,0,121,113,332,6
0115 L6 CT CTX Glut_2,0,0,1,60,0,40145,0,0,4,0,0,18,0,0,0,0,0,0,0,0,0,113,73,335,2
0116 L6 CT CTX Glut_3,0,0,1,76,0,5178,0,0,2,0,0,0,0,0,0,0,0,0,0,0,0,61,97,0,0
0117 L6 CT CTX Glut_4,0,0,0,107,0,1003,0,0,0,0,0,0,0,0,0,0,0,0,0,0,0,10,33,0,0
0118 L6 CT CTX Glut_5,0,0,169,72,0,10504,0,0,1167,0,0,531,0,0,0,0,0,0,4,0,0,777,106,173,0
0119 L6 CT CTX Glut_6,0,0,0,0,0,693,0,0,1,0,0,0,0,0,0,0,0,0,0,0,0,3,0,3,0
0120 CT SUB Glut_1,0,0,2,1406,0,23,0,0,0,0,0,0,0,0,0,0,0,0,0,0,0,7,25,0,0
0121 CT SUB Glut_2,0,0,72,830,0,19,0,0,48,0,0,0,0,0,0,0,3,0,0,0,0,57,36,0,0
0122 L5 NP CTX Glut_1,0,0,0,26,0,1089,0,0,1,0,0,0,0,0,0,0,0,0,0,0,0,33,4,0,0
0123 L5 NP CTX Glut_2,0,0,8,22,0,5877,0,0,275,0,0,20,0,0,0,0,0,0,0,0,0,21,2,0,0
0124 L5 NP CTX Glut_3,0,0,1,25,0,6501,0,0,1,0,0,0,0,0,0,0,0,0,0,0,0,1,0,0,0
0125 L5 NP CTX Glut_4,0,0,2,52,0,3173,0,0,26,0,0,1,0,0,0,0,0,0,0,0,0,12,1,0,0
0126 L5 NP CTX Glut_5,0,0,0,4,0,246,0,0,0,0,0,0,0,0,0,0,0,0,0,0,0,3,1,0,0
0127 NP SUB Glut_1,0,0,136,950,0,26,0,0,40,0,0,1,0,0,0,0,13,0,0,0,0,94,73,0,0
0128 NP SUB Glut_2,0,0,0,2278,0,25,0,0,0,0,0,0,0,0,0,0,1,0,0,0,0,26,25,0,0
0129 NP PPP Glut_1,0,0,0,699,0,21,0,0,0,0,0,0,0,0,0,0,0,0,0,0,0,3,17,0,1
0130 OB Eomes Ms4a15 Glut_1,0,0,0,0,0,2,0,0,1553,0,0,0,0,0,0,0,0,0,60,0,0,0,0,0,1
0131 OB Eomes Ms4a15 Glut_2,0,0,0,0,0,10,0,0,1859,0,0,0,0,0,0,0,0,0,678,0,0,0,0,0,36
0132 OB Eomes Ms4a15 Glut_3,0,0,0,5,1,12,1,0,431,0,0,7,0,0,0,0,0,0,104,0,0,0,0,0,4
0133 OB Eomes Ms4a15 Glut_4,0,0,0,0,0,9,0,0,1960,0,0,0,0,0,0,0,0,0,429,0,0,0,0,0,9
0134 OB Eomes Ms4a15 Glut_5,0,0,0,0,0,1,0,0,533,0,0,1,0,0,0,0,0,0,68,0,0,0,0,0,0
0135 HPF CR Glut_1,0,0,12,1436,2,99,3,0,145,0,15,53,2,5,0,3,70,0,33,0,3,1,5,0,55
0136 DG Glut_1,0,0,0,2472,0,0,0,0,2,0,0,299,0,0,0,0,2,0,0,0,30,0,0,0,0
0137 DG Glut_2,0,0,0,21661,0,3,0,0,0,0,0,0,0,0,0,0,22,0,0,0,14,0,81,0,0
0138 DG Glut_3,0,0,0,618,0,0,0,0,0,0,0,0,0,0,0,0,3,0,0,0,0,0,5,0,0
0139 DG Glut_4,0,0,0,9088,0,0,0,0,0,0,0,0,0,0,0,0,2,0,0,0,0,0,32,0,0
0140 DG-PIR Ex IMN_1,0,0,13,11,0,0,0,0,9,0,0,1,0,0,0,10,0,0,0,0,0,83,17,1,0
0141 DG-PIR Ex IMN_2,0,0,3,1205,0,0,0,0,0,0,0,1,0,0,0,4,0,0,0,0,1,59,29,3,0
0142 DG-PIR Ex IMN_3,0,0,49,0,0,12,0,0,91,0,0,18,0,0,0,0,0,0,1,0,0,15,11,1,0
0143 OB Meis2 Thsd7b Gaba_1,0,0,26,1,1,9,0,0,1609,0,16,80,1,0,0,0,0,0,596,0,0,6,2,0,32
0144 OB Meis2 Thsd7b Gaba_2,0,0,0,0,0,0,0,0,852,0,1,24,0,0,0,2,0,0,48,0,0,1,0,1,0
0145 OB Meis2 Thsd7b Gaba_3,0,0,0,0,0,0,0,0,381,0,0,1,0,0,0,0,0,0,2,0,0,0,0,0,0
0146 OB Meis2 Thsd7b Gaba_4,0,0,0,0,0,5,0,0,744,0,0,2,0,0,0,0,0,0,262,0,0,0,0,0,18
0147 OB Meis2 Thsd7b Gaba_5,0,0,6,0,0,9,0,0,359,0,0,12,0,0,0,1,0,0,33,0,0,2,0,0,0
0148 OB Trdn Gaba_1,0,0,0,0,0,0,0,0,1121,0,0,2,0,0,0,0,0,0,5,0,0,0,0,0,0
0149 OB Trdn Gaba_2,0,0,0,0,0,0,0,0,1628,0,0,3,0,0,0,0,0,0,0,0,0,0,0,0,0
0150 OB-in Frmd7 Gaba_1,0,0,0,0,0,10,0,0,17539,0,0,4,0,0,0,0,1,0,210,0,0,2,2,0,11
0151 OB-in Frmd7 Gaba_2,0,0,6,0,0,5,0,0,17141,0,1,77,0,0,0,3,0,0,5,0,0,17,6,3,1
0152 OB-in Frmd7 Gaba_3,0,0,4,1,0,7,0,0,1134,0,0,8,0,0,0,0,0,0,1,0,0,12,1,1,0
0153 OB-in Frmd7 Gaba_4,0,0,1,0,0,2,0,0,2562,0,1,7,0,0,0,0,0,0,2,0,0,6,0,1,0
0154 OB-in Frmd7 Gaba_5,0,0,0,0,0,6,0,0,747,0,0,45,0,0,0,1,0,0,6,0,0,0,1,0,0
0155 OB-in Frmd7 Gaba_6,0,0,0,0,0,0,0,0,164,0,0,1,0,0,0,0,0,0,1,0,0,0,0,0,0
0156 OB-in Frmd7 Gaba_7,0,0,0,0,0,0,0,0,469,0,0,1,0,0,0,0,0,0,0,0,0,0,0,0,0
0157 OB-in Frmd7 Gaba_8,0,0,0,0,0,3,0,0,632,0,0,5,0,0,0,2,0,0,9,0,0,0,0,0,0
0158 OB-out Frmd7 Gaba_1,0,0,1,0,0,156,1,0,5753,0,0,105,0,0,0,6,1,0,2765,0,0,37,25,10,175
0159 OB-out Frmd7 Gaba_2,0,0,0,0,0,13,0,0,641,0,0,2,0,0,0,2,0,0,351,0,0,0,0,0,14
0160 OB-out Frmd7 Gaba_3,0,0,1,0,0,22,0,0,588,0,0,35,0,0,0,6,0,0,120,0,0,24,18,5,12
0161 OB-mi Frmd7 Gaba_1,0,0,0,0,0,15,0,0,1144,0,3,6,0,0,0,0,0,0,130,0,0,0,0,0,5
0162 OB Dopa-Gaba_1,0,0,0,2,0,61,0,0,2993,0,1,31,0,0,0,0,0,0,1410,0,0,7,9,3,82
0163 OB Dopa-Gaba_2,0,0,5,1,0,8,0,0,45,0,1,17,0,0,0,0,0,0,3,0,0,3,1,1,1
0164 OB Dopa-Gaba_3,0,0,0,0,0,1,0,0,60,0,0,2,0,0,0,0,0,0,20,0,0,0,0,0,0
0165 OB Dopa-Gaba_4,0,0,1,0,0,7,0,0,338,0,0,4,0,0,0,0,0,0,97,0,0,2,0,2,1
0166 OB-STR-CTX Inh IMN_1,0,0,67,191,0,8,0,0,605,0,0,435,0,0,0,1283,8,0,9,0,6,2004,187,64,0
0167 OB-STR-CTX Inh IMN_2,0,0,0,0,0,0,0,0,782,0,0,54,0,0,0,27,0,0,1,0,0,2,0,0,0
0168 OB-STR-CTX Inh IMN_3,0,0,0,28,0,2,0,0,545,0,0,161,0,0,0,725,1,0,4,0,1,1331,90,52,0
0169 OB-STR-CTX Inh IMN_4,0,0,0,3,0,1,0,0,1975,0,0,275,0,0,0,674,0,0,19,0,0,392,21,20,0
0170 OB-STR-CTX Inh IMN_5,0,0,0,0,0,0,0,0,324,0,0,175,0,0,0,123,0,0,13,0,0,8,5,0,1
0171 OB-STR-CTX Inh IMN_6,0,0,0,0,0,0,0,0,0,0,0,1,0,0,0,3,0,0,1,0,0,0,0,0,0
0172 OB-STR-CTX Inh IMN_7,0,0,19,6,0,0,0,0,0,0,0,2,0,0,0,14,3,0,0,0,2,46,15,4,0
0173 Vip Gaba_1,0,0,162,225,1,1273,1,0,128,0,5,53,0,0,0,3,2,0,2,0,0,24,24,7,5
0174 Vip Gaba_2,0,0,158,506,1,1018,0,0,242,0,8,45,0,0,0,0,5,0,1,0,0,20,16,8,4
0175 Vip Gaba_3,0,0,160,240,0,712,0,0,359,0,5,53,1,0,0,0,0,0,2,0,1,7,6,1,0
0176 Vip Gaba_4,0,0,134,208,3,772,0,0,113,0,10,26,0,0,0,1,1,0,6,0,0,26,6,4,0
0177 Vip Gaba_5,0,0,42,503,0,2450,0,0,199,0,8,23,0,0,0,1,4,0,3,0,1,38,9,3,1
0178 Vip Gaba_6,0,0,16,244,0,2356,0,0,192,0,3,8,0,0,0,0,0,0,0,0,1,7,4,1,3
0179 Vip Gaba_7,0,0,14,187,1,0,0,0,4,0,1,3,0,0,0,1,1,0,0,0,0,2,1,0,0
0180 Vip Gaba_8,0,0,6,61,0,174,0,0,21,0,0,1,0,0,0,0,1,0,0,0,0,9,6,2,0
0181 Vip Gaba_9,0,0,96,236,2,48,0,0,49,0,3,25,0,0,0,1,0,0,0,0,2,5,7,0,0
0182 Vip Gaba_10,0,0,21,39,0,0,0,0,12,0,1,19,0,0,0,1,2,0,0,0,1,1,0,0,0
0183 Vip Gaba_11,0,0,4,46,0,922,0,0,41,0,1,6,0,0,0,0,0,0,1,0,0,9,0,1,3
0184 Vip Gaba_12,0,0,3,41,0,1466,0,0,74,0,1,10,0,0,0,0,0,0,1,0,0,5,2,5,1
0185 Sncg Gaba_1,0,0,146,320,1,365,0,0,221,0,6,37,0,0,0,0,0,0,6,0,0,6,8,1,1
0186 Sncg Gaba_2,0,0,15,34,0,498,0,0,83,0,0,3,0,0,0,0,1,0,3,0,0,19,21,19,0
0187 Sncg Gaba_3,0,0,130,313,0,1017,0,0,220,0,1,25,0,0,0,0,0,0,1,0,1,10,3,1,1
0188 Sncg Gaba_4,0,0,41,276,0,352,0,0,128,0,1,2,0,0,0,0,0,0,1,0,0,23,11,9,0
0189 Sncg Gaba_5,0,0,32,246,0,90,0,0,39,0,0,0,0,0,0,6,1,0,1,0,0,34,46,11,0
0190 Sncg Gaba_6,0,0,17,56,0,407,0,0,61,0,0,1,0,0,0,0,0,0,1,0,0,10,4,12,0
0191 Sncg Gaba_7,0,0,4,16,0,159,0,0,13,0,1,2,0,0,0,0,0,0,0,0,0,2,1,1,0
0192 Sncg Gaba_8,0,0,10,26,0,181,0,0,62,0,0,6,1,0,0,0,0,0,0,0,0,1,0,0,0
0193 RHP-COA Ndnf Gaba_1,0,0,31,747,0,9,0,0,17,0,0,17,0,0,0,1,1,0,0,0,0,0,3,0,1
0194 RHP-COA Ndnf Gaba_2,0,0,67,7,2,20,0,0,285,0,4,48,1,0,0,0,0,0,7,0,0,0,0,0,7
0195 RHP-COA Ndnf Gaba_3,0,0,42,392,0,34,0,0,142,0,0,36,0,1,0,0,2,0,5,0,0,5,2,0,3
0196 RHP-COA Ndnf Gaba_4,0,0,15,86,0,0,0,0,1,0,0,1,0,0,0,0,0,0,0,0,1,0,5,0,0
0197 RHP-COA Ndnf Gaba_5,0,0,16,276,0,1,0,0,0,0,0,0,0,0,0,12,3,0,0,0,1,4,21,0,0
0198 RHP-COA Ndnf Gaba_6,0,0,35,286,0,2,0,0,11,0,2,10,0,1,0,7,6,0,0,0,2,20,50,1,0
0199 Lamp5 Gaba_1,0,0,391,1847,9,8823,3,0,1992,0,57,379,8,0,0,3,27,0,105,0,7,143,48,66,254
0200 Lamp5 Gaba_2,0,0,9,113,0,1538,0,0,82,0,0,6,0,0,0,0,2,0,5,0,0,1,0,0,14
0201 Lamp5 Gaba_3,0,0,2,41,0,1152,0,0,37,0,0,1,0,0,0,0,1,0,1,0,0,1,0,2,18
0202 Lamp5 Gaba_4,0,0,18,15,0,469,0,0,58,0,13,60,0,0,0,0,0,0,1,0,0,0,1,3,1
0203 Lamp5 Lhx6 Gaba_1,0,0,275,2067,0,418,0,0,180,0,4,60,1,1,0,21,14,0,5,0,6,84,90,69,6
0204 Pvalb chandelier Gaba_1,0,0,239,475,0,716,0,0,482,0,0,51,0,0,0,6,1,0,3,0,1,18,13,9,0
0205 Pvalb Gaba_1,0,0,71,393,0,1840,0,0,58,0,0,11,0,0,0,1,1,0,1,0,0,99,55,40,0
0206 Pvalb Gaba_2,0,0,590,1328,0,288,0,0,318,0,3,98,0,0,0,57,22,0,0,0,4,52,99,0,1
0207 Pvalb Gaba_3,0,0,6,500,0,14885,0,0,118,0,1,8,0,0,0,1,0,0,3,0,0,9,4,7,2
0208 Pvalb Gaba_4,0,0,186,1643,0,9593,0,0,318,0,0,12,0,0,0,1,1,0,17,0,1,138,60,65,1
0209 Pvalb Gaba_5,0,0,237,927,0,432,0,0,1841,0,1,32,0,0,0,2,2,0,24,0,0,21,5,0,1
0210 Pvalb Gaba_6,0,0,125,281,0,1054,0,0,266,0,2,15,1,0,0,0,0,0,5,0,0,15,4,2,1
0211 Pvalb Gaba_7,0,0,127,242,0,330,0,0,104,0,0,7,0,0,0,3,1,0,0,0,0,39,35,17,0
0212 Pvalb Gaba_8,0,0,37,1473,0,3237,0,0,175,0,0,1,0,0,0,0,1,0,4,0,2,29,17,5,0
0213 Pvalb Gaba_9,0,0,0,61,0,49,0,0,2,0,0,0,0,0,0,0,0,0,0,0,0,12,6,0,0
0214 Sst Gaba_1,0,0,6,52,0,2787,0,0,26,0,0,6,0,0,0,0,0,0,0,0,0,31,24,20,0
0215 Sst Gaba_2,0,0,736,289,5,143,0,0,980,0,12,145,0,0,0,2,10,0,3,0,1,24,10,1,0
0216 Sst Gaba_3,0,0,276,1686,0,233,0,0,61,0,0,8,0,0,0,53,24,0,0,0,6,150,207,8,0
0217 Sst Gaba_4,0,0,7,89,0,3863,0,0,29,0,0,2,0,0,0,0,0,0,0,0,0,11,7,5,1
0218 Sst Gaba_5,0,0,65,45,0,1183,0,0,93,0,1,4,0,0,0,0,0,0,9,0,0,20,9,13,1
0219 Sst Gaba_6,0,0,80,1205,0,1,0,0,7,0,0,41,0,2,0,54,17,0,3,0,11,16,58,0,0
0220 Sst Gaba_7,0,0,2,226,0,3445,0,0,14,0,0,0,0,0,0,0,1,0,1,0,1,4,3,0,2
0221 Sst Gaba_8,0,0,4,77,0,2535,0,0,18,0,1,0,0,0,0,0,0,0,2,0,0,1,2,1,0
0222 Sst Gaba_9,0,0,1,31,0,1968,0,0,3,0,0,0,0,0,0,0,0,0,0,0,0,3,0,2,1
0223 Sst Gaba_10,0,0,4,90,0,2812,0,0,17,0,0,2,1,0,0,0,1,0,0,0,0,10,7,1,2
0224 Sst Gaba_11,0,0,23,167,0,1035,0,0,74,0,0,5,0,0,0,0,0,0,2,0,0,18,12,1,0
0225 Sst Gaba_12,0,0,12,536,0,243,0,0,21,0,3,1,0,0,0,0,0,0,0,0,0,15,8,1,0
0226 Sst Gaba_13,0,0,67,107,0,927,0,0,73,0,0,3,0,0,0,0,0,0,0,0,0,45,8,3,0
0227 Sst Gaba_14,0,0,163,185,0,595,0,0,152,0,0,9,0,0,0,0,0,0,5,0,0,72,44,57,0
0228 Sst Gaba_15,0,0,1,963,0,89,0,0,9,0,0,0,0,0,0,0,1,0,0,0,0,5,1,0,1
0229 Sst Gaba_16,0,0,26,327,0,1709,0,0,139,0,0,8,0,0,0,0,1,0,4,0,0,11,4,3,0
0230 Sst Gaba_17,0,0,391,59,0,33,0,0,147,0,8,161,0,0,0,1,5,0,1,0,0,1,15,0,0
0231 Sst Gaba_18,0,0,66,143,0,97,0,0,378,0,7,22,0,0,0,0,0,0,22,0,1,14,4,4,1
0232 Sst Gaba_19,0,0,12,416,0,19,0,0,47,0,0,1,0,0,0,0,1,0,0,0,0,7,7,0,2
0233 STR Prox1 Lhx6 Gaba_1,0,0,45,8,9,0,0,0,20,0,48,143,1,0,0,0,0,0,4,0,1,0,3,0,0
0234 STR Prox1 Lhx6 Gaba_2,0,0,87,0,1,12,0,0,20,0,48,3006,1,0,0,21,1,0,8,0,2,60,12,0,0
0235 STR Prox1 Lhx6 Gaba_3,0,0,120,4,2,4,0,0,5,0,25,79,0,0,0,0,1,0,1,0,0,1,6,0,0
0236 STR Lhx8 Gaba_1,0,0,0,0,35,0,0,0,3,0,112,1229,0,0,0,4,1,0,9,0,1,7,7,0,0
0237 STR Lhx8 Gaba_2,0,0,8,0,52,1,0,0,3,0,204,419,0,0,0,7,2,0,19,0,0,13,22,0,0
0238 Sst Chodl Gaba_1,0,0,7,0,24,1,0,0,6,0,111,91,0,0,0,2,0,0,1,0,2,2,12,0,0
0239 Sst Chodl Gaba_2,0,0,38,11,4,24,0,0,97,0,147,1634,0,0,0,13,0,0,8,0,0,72,10,1,1
0240 Sst Chodl Gaba_3,0,0,2,1,5,0,0,0,22,0,169,105,0,0,0,0,0,0,1,0,0,1,2,0,0
0241 Sst Chodl Gaba_4,0,0,68,79,1,784,0,0,156,0,15,70,0,0,0,6,1,0,9,0,0,95,34,43,0
0242 Sst Chodl Gaba_5,0,0,40,2,4,17,0,0,84,0,103,66,0,0,0,0,0,0,12,0,0,4,9,0,0
0243 Sst Chodl Gaba_6,0,0,1,0,2,0,0,0,0,0,15,27,0,0,0,0,0,0,0,0,0,0,2,0,0
0244 NDB-SI-MA-STRv Lhx8 Gaba_1,0,0,1,0,61,0,3,0,7,0,411,149,0,0,0,0,1,0,1,0,0,0,1,0,0
0245 NDB-SI-MA-STRv Lhx8 Gaba_2,0,0,34,0,78,0,0,0,118,0,2130,523,0,0,0,0,0,0,5,0,1,5,16,0,0
0246 NDB-SI-MA-STRv Lhx8 Gaba_3,0,0,1,0,67,0,0,0,4,0,994,133,0,0,0,0,0,0,0,0,0,0,2,0,0
0247 NDB-SI-MA-STRv Lhx8 Gaba_4,0,0,0,0,81,0,0,0,1,0,1751,125,0,0,0,0,0,0,0,0,0,208,3,0,0
0248 NDB-SI-MA-STRv Lhx8 Gaba_5,0,0,0,0,89,0,0,0,0,0,294,90,0,0,0,0,0,0,0,0,0,0,3,0,1
0249 NDB-SI-MA-STRv Lhx8 Gaba_6,0,0,12,0,116,0,0,0,0,0,215,217,0,0,0,0,0,0,0,0,0,0,7,0,0
0250 NDB-SI-MA-STRv Lhx8 Gaba_7,0,0,0,0,75,0,0,0,11,0,326,186,0,0,0,0,0,0,0,0,0,0,0,0,0
0251 NDB-SI-MA-STRv Lhx8 Gaba_8,0,0,0,0,68,0,0,0,16,0,437,67,1,0,0,0,0,0,0,0,0,60,3,0,0
0252 NDB-SI-MA-STRv Lhx8 Gaba_9,0,0,0,0,26,0,0,0,0,0,104,62,0,0,0,0,0,0,0,0,0,0,1,0,0
0253 NDB-SI-MA-STRv Lhx8 Gaba_10,0,0,5,0,28,2,1,0,89,1,271,133,0,0,0,0,0,0,2,1,0,1,0,0,4
0254 NDB-SI-MA-STRv Lhx8 Gaba_11,0,0,2,0,6,0,0,0,39,0,303,124,0,0,0,0,0,0,0,0,0,0,1,0,0
0255 NDB-SI-MA-STRv Lhx8 Gaba_12,0,0,17,0,14,1,0,0,10,0,53,81,0,0,0,0,0,0,2,0,0,4,10,0,0
0256 NDB-SI-MA-STRv Lhx8 Gaba_13,0,0,0,0,0,0,0,0,2,0,33,19,0,0,0,0,0,0,0,0,0,0,0,0,0
0257 GPe-SI Sox6 Cyp26b1 Gaba_1,0,0,0,0,1,0,0,0,0,0,486,28,0,0,0,0,0,0,0,0,0,120,1,0,0
0258 GPe-SI Sox6 Cyp26b1 Gaba_2,0,0,3,0,26,0,0,0,7,0,289,100,0,0,0,0,0,0,0,0,0,41,3,0,0
0259 PAL-STR Gaba-Chol_1,0,0,0,0,88,0,0,0,3,0,929,155,0,1,0,0,2,0,0,0,4,63,2,0,0
0260 PAL-STR Gaba-Chol_2,0,0,1,0,10,1,0,0,33,0,318,1215,0,0,0,1,0,0,1,0,0,19,10,0,2
0261 PAL-STR Gaba-Chol_3,0,0,0,0,30,0,0,0,1,0,397,77,1,1,0,0,0,0,0,0,0,0,1,0,0
0262 OT D3 Folh1 Gaba_1,0,0,0,0,1,0,0,0,1,0,379,4374,0,0,0,0,0,0,1,0,0,0,0,0,28
0263 OT D3 Folh1 Gaba_2,0,0,0,0,0,0,0,0,1,0,31,370,0,0,0,0,0,0,0,0,0,0,0,0,1
0264 OT D3 Folh1 Gaba_3,0,0,0,1,0,0,0,0,1755,0,76,5079,0,0,0,0,4,0,37,0,0,0,0,0,156
0265 STR D1 Gaba_1,0,0,12,0,6,0,0,0,43,0,300,5077,0,0,0,2,5,0,1,0,0,6,23,0,9
0266 STR D1 Gaba_2,0,0,1,0,0,0,0,0,5,0,42,3930,0,0,0,9,3,0,12,0,0,10,6,0,1
0267 STR D1 Gaba_3,0,0,0,0,0,12,0,0,4,0,9,48538,0,0,0,109,0,0,0,0,0,180,3,0,1
0268 STR D1 Gaba_4,0,0,2,0,0,5,0,0,12,0,36,21143,0,0,0,188,2,0,6,0,2,723,2,0,3
0269 STR D1 Gaba_5,0,0,0,0,0,0,0,0,0,0,204,1156,0,0,0,0,0,0,0,0,0,5,4,0,0
0270 STR D1 Gaba_6,0,0,3,0,0,0,0,0,622,0,539,15188,0,0,0,103,1,0,19,0,0,96,2,0,76
0271 STR D1 Gaba_7,0,0,127,0,0,1,0,0,0,0,273,1267,0,0,0,45,15,0,0,0,15,783,23,0,0
0272 STR D1 Gaba_8,0,0,4,0,2,0,0,0,8,0,93,7186,0,0,0,52,3,0,31,0,4,23,2,0,0
0273 STR D1 Gaba_9,0,0,0,0,0,0,0,0,7,0,6,3043,0,0,0,18,0,0,2,0,0,2,0,0,0
0274 STR D2 Gaba_1,0,0,458,0,6,3,0,0,2,0,137,2606,0,0,0,33,7,0,17,0,6,222,26,0,0
0275 STR D2 Gaba_2,0,0,82,0,0,4,0,0,362,0,549,22986,0,0,0,220,8,0,19,0,1,189,23,0,19
0276 STR D2 Gaba_3,0,0,44,0,1,3,0,0,16,0,53,427,0,0,0,6,0,0,11,0,0,14,22,0,0
0277 STR D2 Gaba_4,0,0,6,0,0,23,0,0,27,0,31,68507,0,0,0,219,1,0,5,0,0,910,2,0,0
0278 STR D2 Gaba_5,0,0,1,0,10,0,0,0,1,0,222,4297,0,0,0,7,0,0,25,0,0,0,5,0,1
0279 STR D2 Gaba_6,0,0,3,0,0,0,0,0,35,0,10,2348,0,0,0,13,0,0,9,0,0,79,0,0,0
0280 STR D2 Gaba_7,0,0,4,0,0,0,0,0,0,0,35,151,0,0,0,4,0,0,0,0,2,2,8,0,0
0281 STR D1 Sema5a Gaba_1,0,0,6,0,0,11,0,0,19,0,30,2581,0,0,0,59,0,0,17,0,0,113,8,5,0
0282 STR D1 Sema5a Gaba_2,0,0,21,0,0,5,0,0,215,0,149,2602,0,0,0,49,2,0,42,0,0,61,11,1,1
0283 STR D1 Sema5a Gaba_3,0,0,38,0,2,3,0,0,926,0,627,1309,0,0,0,0,3,0,13,0,0,19,19,0,105
0284 STR D1 Sema5a Gaba_4,0,0,97,0,1,13,0,0,72,0,359,1139,0,0,0,26,2,0,35,0,3,121,52,1,0
0285 STR-PAL Chst9 Gaba_1,0,0,101,2,36,46,0,0,308,0,602,1517,3,0,0,10,3,0,36,0,5,485,82,7,0
0286 STR-PAL Chst9 Gaba_2,0,0,663,6,21,28,0,0,144,0,292,1021,5,0,0,0,3,0,17,0,8,184,70,1,0
0287 STR-PAL Chst9 Gaba_3,0,0,325,2,49,37,0,0,111,0,914,2728,3,1,0,53,5,0,51,0,10,224,113,1,0
0288 STR-PAL Chst9 Gaba_4,0,0,405,0,4,0,0,0,5,0,74,826,1,0,0,1,0,0,1,0,2,21,32,0,0
0289 STR-PAL Chst9 Gaba_5,0,0,212,0,0,0,0,0,8,0,9,336,0,0,0,0,0,0,1,0,0,13,12,0,1
0290 IA Mgp Gaba_1,0,0,93,2,0,5,0,0,179,0,15,80,0,0,0,0,0,0,6,0,0,16,4,0,1
0291 IA Mgp Gaba_2,0,0,101,3,0,4,0,0,12,0,6,33,0,0,0,0,0,0,0,0,0,10,6,0,0
0292 IA Mgp Gaba_3,0,0,86,0,0,16,0,0,32,0,1,26,0,0,0,0,0,0,1,0,0,9,7,0,0
0293 IA Mgp Gaba_4,0,0,6,0,0,4,0,0,182,0,0,4,0,0,0,0,0,0,2,0,0,1,1,0,0
0294 IA Mgp Gaba_5,0,0,39,0,2,1,0,0,16,0,19,83,0,0,0,0,0,0,0,0,0,1,6,0,0
0295 NDB-SI-ant Prdm12 Gaba_1,0,0,50,0,19,10,0,0,1068,0,312,854,29,0,0,0,1,0,72,0,10,9,8,1,10
0296 NDB-SI-ant Prdm12 Gaba_2,0,0,0,1,0,1,0,0,23,0,33,62,0,3,0,0,1,0,0,0,0,0,10,0,0
0297 NDB-SI-ant Prdm12 Gaba_3,0,0,2,0,0,3,0,0,201,0,22,32,0,0,0,0,0,0,21,0,0,0,0,0,0
0298 NDB-SI-ant Prdm12 Gaba_4,0,0,0,0,0,0,0,0,147,0,39,170,0,0,0,0,0,0,0,0,0,0,0,0,0
0299 LSX Sall3 Pax6 Gaba_1,0,0,0,0,0,0,0,0,1,0,4,219,0,4,0,2,0,0,0,0,0,0,15,0,0
0300 LSX Sall3 Pax6 Gaba_2,0,0,0,1,2,1,0,0,16,0,13,577,0,26,0,0,6,0,2,0,0,0,92,0,0
0301 LSX Otx2 Gaba_1,0,0,0,0,0,0,0,0,0,0,3,230,0,0,0,0,0,0,0,0,0,0,4,0,0
0302 LSX Otx2 Gaba_2,0,0,0,0,1,0,0,0,0,0,0,363,0,6,0,1,0,0,0,0,0,0,6,0,0
0303 LSX Otx2 Gaba_3,0,0,0,0,8,0,0,0,0,0,10,629,9,3,0,0,4,0,0,0,4,0,9,0,0
0304 LSX Otx2 Gaba_4,0,0,0,0,0,0,0,0,0,0,0,190,0,0,0,0,0,0,0,0,0,0,0,0,0
0305 LSX Otx2 Gaba_5,0,0,0,0,0,0,0,0,1,0,11,393,0,0,0,0,0,0,0,0,0,2,1,0,0
0306 LSX Nkx2-1 Gaba_1,0,0,0,0,0,0,0,0,0,0,1,118,0,0,0,0,0,0,0,0,0,1,0,0,0
0307 LSX Nkx2-1 Gaba_2,0,0,0,0,0,0,0,0,0,0,1,847,0,0,0,0,0,0,0,0,0,1,3,0,0
0308 LSX Nkx2-1 Gaba_3,0,0,0,0,12,0,0,0,1,0,51,608,0,0,0,0,1,0,0,0,0,0,1,0,0
0309 LSX Nkx2-1 Gaba_4,0,0,0,0,0,0,0,0,1,0,4,397,0,0,0,0,0,0,0,0,0,0,1,0,0
0310 LSX Nkx2-1 Gaba_5,0,0,0,0,0,0,0,0,0,0,0,413,0,0,0,0,0,0,0,0,0,0,0,0,0
0311 LSX Nkx2-1 Gaba_6,0,0,0,0,0,0,0,0,0,0,0,227,0,0,0,0,0,0,0,0,0,1,1,0,0
0312 LSX Nkx2-1 Gaba_7,0,0,0,0,0,0,0,0,0,0,1,334,0,0,0,0,0,0,0,0,0,0,0,0,0
0313 LSX Nkx2-1 Gaba_8,0,0,0,0,1,0,0,0,0,0,0,183,0,0,0,0,0,0,0,0,0,0,0,0,0
0314 LSX Nkx2-1 Gaba_9,0,0,0,0,0,0,0,0,0,0,0,192,0,0,0,0,0,0,0,0,0,0,1,0,0
0315 LSX Nkx2-1 Gaba_10,0,0,0,0,0,0,0,0,0,0,4,159,0,0,0,0,0,0,0,0,0,1,9,0,0
0316 LSX Nkx2-1 Gaba_11,0,0,0,0,0,0,0,0,0,0,33,465,0,0,0,0,1,0,0,0,0,4,20,0,0
0317 LSX Prdm12 Slit2 Gaba_1,0,0,0,0,0,1,0,0,18,0,6,1320,0,0,0,1,0,0,0,0,0,0,0,0,0
0318 LSX Prdm12 Slit2 Gaba_2,0,0,0,0,0,0,0,0,2,0,4,737,0,0,0,0,0,0,0,0,0,0,0,0,0
0319 LSX Prdm12 Slit2 Gaba_3,0,0,0,0,0,0,0,0,0,0,2,847,0,0,0,1,0,0,0,0,0,0,0,0,0
0320 LSX Prdm12 Slit2 Gaba_4,0,0,0,0,0,0,0,0,55,0,2,503,0,0,0,0,0,0,0,0,0,3,2,0,0
0321 LSX Prdm12 Slit2 Gaba_5,0,0,0,0,0,0,0,0,0,0,0,614,0,0,0,1,0,0,0,0,0,0,0,0,0
0322 LSX Prdm12 Slit2 Gaba_6,0,0,0,0,0,0,0,0,0,0,13,69,0,32,0,0,2,0,0,0,0,0,33,0,0
0323 LSX Prdm12 Slit2 Gaba_7,0,0,0,0,0,0,0,0,0,0,0,169,0,0,0,1,0,0,0,0,0,0,0,0,0
0324 LSX Prdm12 Slit2 Gaba_8,0,0,0,0,1,0,0,0,0,0,5,207,0,11,0,0,2,0,0,0,0,0,31,0,0
0325 LSX Prdm12 Slit2 Gaba_9,0,0,0,0,0,0,0,0,0,0,7,111,0,0,0,0,0,0,0,0,0,0,17,0,0
0326 LSX Prdm12 Zeb2 Gaba_1,0,0,0,6,0,1,0,0,7,0,56,2240,0,3,0,7,56,0,0,0,0,120,124,0,0
0327 LSX Prdm12 Zeb2 Gaba_2,0,0,0,4,0,1,0,0,1,0,0,404,0,3,0,7,2,0,0,0,0,1,116,0,0
0328 LSX Prdm12 Zeb2 Gaba_3,0,0,0,0,0,0,0,0,1,0,0,417,0,0,0,2,0,0,0,0,0,2,0,0,0
0329 LSX Prdm12 Zeb2 Gaba_4,0,0,0,0,0,0,0,0,0,0,0,242,0,0,0,0,0,0,0,0,0,0,2,0,0
0330 LSX Prdm12 Zeb2 Gaba_5,0,0,0,0,0,0,0,0,5,0,2,683,0,0,0,0,0,0,0,0,0,0,3,0,0
0331 LSX Sall3 Lmo1 Gaba_1,0,0,0,0,0,0,0,0,0,0,0,120,0,0,0,0,0,0,0,0,0,0,2,0,0
0332 LSX Sall3 Lmo1 Gaba_2,0,0,0,0,0,0,0,0,0,0,6,326,0,0,0,0,0,0,0,0,0,0,17,0,0
0333 LSX Sall3 Lmo1 Gaba_3,0,0,0,115,0,0,0,0,1,0,66,387,0,5,0,0,13,0,0,0,0,12,278,0,1
0334 LSX Sall3 Lmo1 Gaba_4,0,0,0,0,0,0,0,0,0,0,0,26,0,1,0,0,0,0,0,0,0,0,0,0,0
0335 LSX Sall3 Lmo1 Gaba_5,0,0,0,0,0,0,0,0,0,0,9,195,0,1,0,0,1,0,0,0,0,0,9,0,0
0336 LSX Sall3 Lmo1 Gaba_6,0,0,0,13,0,0,0,0,18,0,32,421,0,20,0,0,27,0,0,0,0,3,78,0,0
0337 MEA-BST Sox6 Gaba_1,0,0,6,1,3,0,0,0,16,0,25,117,2,0,0,0,0,0,4,0,0,0,1,0,1
0338 MEA-BST Sox6 Gaba_2,0,0,31,1,5,0,0,0,101,1,62,332,1,0,0,0,0,0,11,0,1,1,1,0,0
0339 MEA-BST Sox6 Gaba_3,0,0,3,0,20,0,0,0,6,0,93,159,1,0,0,0,1,0,1,0,0,1,5,0,0
0340 MEA-BST Sox6 Gaba_4,0,0,17,0,5,1,0,0,63,0,8,257,0,0,0,0,0,0,8,0,0,0,2,0,0
0341 MEA-BST Sox6 Gaba_5,0,0,35,0,7,0,1,0,132,0,25,131,1,0,0,0,1,0,1,1,0,0,2,0,0
0342 MEA-BST Sox6 Gaba_6,0,0,46,0,10,0,0,0,15,0,24,362,0,0,0,0,0,0,1,0,0,0,5,0,0
0343 MEA-BST Sox6 Gaba_7,0,0,0,0,247,0,0,0,0,0,341,185,0,0,0,0,0,0,5,0,2,0,7,0,0
0344 MEA-BST Sox6 Gaba_8,0,0,0,0,3,0,0,0,0,0,11,110,0,0,0,0,0,0,1,0,0,0,0,0,0
0345 MEA-BST Sox6 Gaba_9,0,0,13,1,5,3,0,0,41,0,32,114,0,0,0,0,0,0,3,0,0,1,5,0,1
0346 MEA-BST Sox6 Gaba_10,0,0,10,0,37,0,0,0,8,0,57,32,1,0,0,0,0,0,0,0,0,0,4,0,0
0347 MEA-BST Lhx6 Sp9 Gaba_1,0,0,1,0,12,0,0,0,1,0,133,582,0,0,0,0,1,0,15,0,11,0,17,0,0
0348 MEA-BST Lhx6 Sp9 Gaba_2,0,0,0,0,145,0,0,0,0,0,231,65,0,0,0,0,2,0,0,0,10,0,9,0,0
0349 MEA-BST Lhx6 Sp9 Gaba_3,0,0,16,0,15,0,0,0,18,0,54,248,0,0,0,0,0,0,4,0,0,1,2,0,0
0350 MEA-BST Lhx6 Sp9 Gaba_4,0,0,13,0,7,0,0,0,21,0,28,288,0,0,0,0,0,0,10,0,1,0,2,0,0
0351 MEA-BST Lhx6 Sp9 Gaba_5,0,0,3,0,10,0,0,0,0,0,39,193,0,0,0,0,0,0,5,0,0,0,3,0,0
0352 MEA-BST Lhx6 Sp9 Gaba_6,0,0,0,0,38,0,0,0,0,0,165,191,0,0,0,0,1,0,4,0,6,0,15,0,0
0353 MEA-BST Lhx6 Sp9 Gaba_7,0,0,0,0,195,0,0,0,0,0,202,19,4,0,0,0,0,0,1,0,1,0,5,0,0
0354 MEA-BST Lhx6 Nr2e1 Gaba_1,0,0,3,0,3,0,0,0,1,0,16,166,0,0,0,1,1,0,5,0,0,1,2,0,0
0355 MEA-BST Lhx6 Nr2e1 Gaba_2,0,0,101,6,12,2,0,0,36,0,73,192,1,0,0,0,2,0,0,0,1,3,11,0,0
0356 MEA-BST Lhx6 Nr2e1 Gaba_3,0,0,58,1,1,0,0,0,22,0,5,35,0,0,0,0,0,0,0,0,0,0,3,0,0
0357 MEA-BST Lhx6 Nfib Gaba_1,0,0,10,1,209,0,0,0,0,0,179,161,2,0,0,1,4,0,0,0,18,0,38,0,0
0358 MEA-BST Lhx6 Nfib Gaba_2,0,0,7,5,17,0,0,0,17,0,148,436,3,0,0,0,5,0,1,0,7,0,20,0,0
0359 MEA-BST Lhx6 Nfib Gaba_3,0,0,3,1,1,0,0,0,1,0,55,412,0,0,0,0,1,0,9,0,1,1,9,0,0
0360 MEA-BST Lhx6 Nfib Gaba_4,0,0,0,0,30,0,0,0,0,0,20,3,0,0,0,0,0,0,0,0,1,0,5,0,0
0361 MEA-BST Lhx6 Nfib Gaba_5,0,0,0,0,307,0,0,0,1,0,123,11,0,0,0,0,1,0,3,0,16,0,9,0,0
0362 MEA-BST Lhx6 Nfib Gaba_6,0,0,13,7,52,0,0,0,32,0,68,244,0,0,0,0,0,0,0,0,3,0,5,0,0
0363 CEA-BST Gal Avp Gaba_1,0,0,0,0,17,0,0,0,0,0,84,56,0,0,0,0,1,0,0,0,1,3,6,0,0
0364 SI-MA-ACB Ebf1 Bnc2 Gaba_1,0,0,0,0,3,0,0,0,1,0,130,100,0,0,0,0,0,0,0,0,0,0,2,0,0
0365 SI-MA-ACB Ebf1 Bnc2 Gaba_2,0,0,1,0,4,0,0,0,5,0,111,69,0,0,0,0,0,0,0,0,0,0,0,0,0
0366 SI-MA-ACB Ebf1 Bnc2 Gaba_3,0,0,0,0,1,0,0,0,2,0,67,48,0,0,0,0,0,0,2,0,0,0,0,0,0
0367 CEA-BST Six3 Cyp26b1 Gaba_1,0,0,1,0,12,0,0,0,2,0,180,140,0,0,0,4,0,0,15,0,0,0,15,0,0
0368 CEA-BST Six3 Cyp26b1 Gaba_2,0,0,4,1,0,0,0,0,0,0,214,630,0,0,0,0,0,0,0,0,0,26,4,0,0
0369 CEA-BST Six3 Cyp26b1 Gaba_3,0,0,0,0,3,0,0,0,0,0,54,113,0,0,0,0,0,0,1,0,1,1,6,0,0
0370 CEA-BST Six3 Cyp26b1 Gaba_4,0,0,0,0,0,0,0,0,0,0,24,306,0,0,0,0,0,0,0,0,0,0,2,0,0
0371 CEA-BST Six3 Cyp26b1 Gaba_5,0,0,17,0,0,0,0,0,0,0,98,532,0,0,0,2,0,0,0,0,16,0,53,0,0
0372 CEA-BST Six3 Cyp26b1 Gaba_6,0,0,6,0,2,0,0,0,1,0,10,174,0,0,0,1,0,0,0,0,0,3,1,0,0
0373 CEA-AAA-BST Six3 Sp9 Gaba_1,0,0,27,0,38,0,0,0,43,0,127,232,1,0,0,0,0,0,0,0,1,0,7,0,0
0374 CEA-AAA-BST Six3 Sp9 Gaba_2,0,0,71,0,5,1,0,0,11,0,96,367,0,0,0,1,0,0,8,0,0,5,22,0,0
0375 CEA-AAA-BST Six3 Sp9 Gaba_3,0,0,4,0,19,0,0,0,0,0,151,115,0,0,0,3,0,0,5,0,0,0,8,0,0
0376 CEA-AAA-BST Six3 Sp9 Gaba_4,0,0,129,0,4,1,0,0,69,0,63,383,0,0,0,0,1,0,3,0,0,7,24,0,0
0377 CEA-AAA-BST Six3 Sp9 Gaba_5,0,0,26,0,0,0,0,0,0,0,0,55,0,0,0,0,0,0,0,0,0,0,1,0,0
0378 CEA-AAA-BST Six3 Sp9 Gaba_6,0,0,27,0,0,0,0,0,39,0,58,188,0,0,0,0,0,0,1,0,0,4,14,0,0
0379 CEA-AAA-BST Six3 Sp9 Gaba_7,0,0,12,0,7,0,0,0,0,0,66,59,0,0,0,0,0,0,7,0,0,0,5,0,0
0380 CEA-AAA-BST Six3 Sp9 Gaba_8,0,0,91,1,0,10,0,0,61,0,3,64,0,0,0,0,0,0,0,0,0,4,2,0,0
0381 ACB-BST-FS D1 Gaba_1,0,0,0,0,21,0,0,0,0,0,337,389,0,0,0,2,1,0,32,0,0,3,18,0,0
0382 ACB-BST-FS D1 Gaba_2,0,0,20,0,11,0,0,0,14,0,337,658,0,0,0,1,0,0,10,0,0,4,23,0,0
0383 ACB-BST-FS D1 Gaba_3,0,0,2,0,14,0,0,0,0,0,480,227,0,0,0,0,0,0,15,0,0,0,7,0,0
0384 CEA-BST Ebf1 Pdyn Gaba_1,0,0,7,0,11,0,0,0,3,0,347,443,0,0,0,1,0,0,3,0,1,27,61,0,0
0385 CEA-BST Ebf1 Pdyn Gaba_2,0,0,2,0,0,0,0,0,0,0,47,106,0,0,0,0,0,0,0,0,0,1,6,0,0
0386 CEA-BST Ebf1 Pdyn Gaba_3,0,0,1,0,0,1,0,0,0,0,249,618,0,0,0,0,1,0,0,0,0,5,22,0,0
0387 CEA-BST Ebf1 Pdyn Gaba_4,0,0,0,0,15,0,0,0,1,0,150,122,0,0,0,0,0,0,0,0,2,6,12,0,2
0388 CEA-BST Ebf1 Pdyn Gaba_5,0,0,0,0,2,0,0,0,0,0,37,101,0,0,0,0,0,0,0,0,0,3,8,0,0
0389 CEA-BST Ebf1 Pdyn Gaba_6,0,0,0,0,1,0,0,0,0,0,15,62,0,0,0,0,0,0,0,0,0,4,11,0,0
0390 CEA-BST Ebf1 Pdyn Gaba_7,0,0,0,0,4,0,0,0,0,0,52,59,0,0,0,0,0,0,2,0,0,0,2,0,0
0391 CEA-BST Ebf1 Pdyn Gaba_8,0,0,0,0,1,0,0,0,0,0,57,103,0,0,0,0,1,0,1,0,0,7,26,0,0
0392 CEA-BST Rai14 Pdyn Crh Gaba_1,0,0,5,0,4,0,0,0,0,0,96,100,0,0,0,3,1,0,2,0,1,3,27,0,0
0393 CEA-BST Rai14 Pdyn Crh Gaba_2,0,0,0,0,11,0,0,0,0,0,146,54,0,0,0,1,0,0,14,0,0,0,5,0,0
0394 BST-SI-AAA Six3 Slc22a3 Gaba_1,0,0,2,0,69,0,0,0,0,0,99,60,0,0,0,0,0,0,0,0,0,0,0,0,0
0395 BST-SI-AAA Six3 Slc22a3 Gaba_2,0,0,3,0,49,0,0,0,2,0,137,49,0,0,0,0,0,0,0,0,0,0,0,0,0
0396 SI-MPO-LPO Lhx8 Gaba_1,0,0,0,0,130,0,0,0,2,0,1057,246,0,0,0,0,0,0,0,0,0,11,4,0,1
0397 SI-MPO-LPO Lhx8 Gaba_2,0,0,0,0,557,0,0,0,0,0,190,153,0,1,0,0,0,0,0,0,0,0,7,0,0
0398 SI-MPO-LPO Lhx8 Gaba_3,0,0,0,0,337,0,0,0,0,0,37,27,2,0,0,0,8,0,1,0,0,0,9,0,0
0399 SI-MPO-LPO Lhx8 Gaba_4,0,0,0,0,204,0,0,0,0,0,29,39,0,0,0,0,0,0,0,0,0,0,1,0,0
0400 SI-MPO-LPO Lhx8 Gaba_5,0,0,0,0,128,0,0,0,0,0,101,39,0,0,0,0,0,0,0,0,0,8,2,0,0
0401 SI-MPO-LPO Lhx8 Gaba_6,0,0,0,0,14,0,0,0,0,0,0,0,0,0,0,0,0,0,0,0,0,0,0,0,0
0402 MPO-ADP Lhx8 Gaba_1,0,0,0,0,145,0,1,0,0,0,60,5,0,0,0,0,0,0,1,0,1,0,8,0,0
0403 MPO-ADP Lhx8 Gaba_2,0,0,0,0,321,0,0,0,0,0,53,63,0,0,0,0,0,0,0,0,0,0,0,0,0
0404 MPO-ADP Lhx8 Gaba_3,0,0,0,0,484,0,7,0,0,0,96,5,0,7,0,0,5,0,3,0,6,0,2,0,0
0405 MPO-ADP Lhx8 Gaba_4,0,0,0,0,263,0,0,0,0,0,368,32,0,0,0,1,0,0,6,0,1,0,0,0,0
0406 MPO-ADP Lhx8 Gaba_5,0,0,0,0,167,0,1,0,0,0,48,49,1,2,0,0,0,0,1,0,0,0,0,0,0
0407 MPN-MPO-LPO Lhx6 Zfhx3 Gaba_1,0,0,0,0,331,0,0,0,0,0,73,77,3,0,0,0,4,0,0,0,4,0,8,0,0
0408 MPN-MPO-LPO Lhx6 Zfhx3 Gaba_2,0,0,0,0,234,0,0,0,0,0,41,2,0,1,0,0,0,0,0,0,3,0,9,0,0
0409 BST Tac2 Gaba_1,0,0,0,0,425,0,1,0,0,1,314,14,1,1,0,0,0,0,1,0,1,0,4,0,0
0410 BST Tac2 Gaba_2,0,0,0,0,64,0,0,0,0,0,274,44,1,0,0,0,0,0,1,0,2,3,3,0,1
0411 PVR Six3 Sox3 Gaba_1,0,0,0,0,190,0,2,0,0,0,75,68,3,1,0,0,4,0,0,0,3,1,1,0,0
0412 PVR Six3 Sox3 Gaba_2,0,0,0,0,278,0,0,0,0,0,2,0,0,7,0,0,3,0,16,0,13,0,3,0,1
0413 PVR Six3 Sox3 Gaba_3,0,0,0,0,200,0,0,0,0,0,1,0,1,4,0,0,1,0,14,0,6,0,0,0,2
0414 PVR Six3 Sox3 Gaba_4,0,0,0,0,262,0,0,0,0,0,92,179,1,0,0,0,1,0,1,0,0,1,13,0,0
0415 PVR Six3 Sox3 Gaba_5,0,0,0,0,32,0,0,0,0,0,58,51,2,0,0,0,1,0,1,0,0,0,0,0,0
0416 PVR Six3 Sox3 Gaba_6,0,0,0,0,28,0,0,0,0,0,11,33,0,0,0,0,0,0,0,0,0,0,0,0,0
0417 PVR Six3 Sox3 Gaba_7,0,0,0,0,64,0,0,0,0,0,4,8,1,2,0,0,2,0,0,0,2,0,6,0,0
0418 PVR Six3 Sox3 Gaba_8,0,0,0,0,86,0,0,0,0,0,0,1,0,29,0,42,1,0,2,0,2,0,0,0,1
0419 PVR Six3 Sox3 Gaba_9,0,0,0,0,220,0,0,0,0,0,32,12,0,1,0,0,4,0,2,0,0,0,2,0,0
0420 BST-MPN Six3 Nrgn Gaba_1,0,0,0,0,303,0,0,0,0,0,13,3,1,0,0,0,0,0,0,0,0,0,0,0,0
0421 BST-MPN Six3 Nrgn Gaba_2,0,0,1,0,100,0,0,0,0,0,23,11,2,1,0,0,0,0,0,0,1,0,1,0,0
0422 BST-MPN Six3 Nrgn Gaba_3,0,0,0,0,500,0,3,0,0,1,9,2,2,0,0,0,1,0,0,0,1,0,3,0,0
0423 BST-MPN Six3 Nrgn Gaba_4,0,1,0,0,269,0,3,0,0,2,37,18,0,0,0,0,1,0,1,0,0,0,4,0,0
0424 BST-MPN Six3 Nrgn Gaba_5,0,0,0,0,64,0,1,0,32,0,235,563,1,0,0,0,9,0,6,0,0,0,1,0,1
0425 BST-MPN Six3 Nrgn Gaba_6,0,0,2,0,268,0,0,0,0,0,148,121,0,0,0,0,3,0,3,0,3,0,11,0,0
0426 BST-MPN Six3 Nrgn Gaba_7,0,0,0,0,140,0,0,0,0,0,7,0,0,0,0,0,0,0,2,0,0,0,2,0,0
0427 ARH-PVi Six6 Dopa-Gaba_1,0,0,0,0,142,0,0,0,0,0,0,0,0,1,0,0,0,0,0,0,0,0,0,0,0
0428 ARH-PVi Six6 Dopa-Gaba_2,0,0,0,0,50,0,0,0,0,0,0,0,0,1,0,0,0,0,1,0,0,0,0,0,0
0429 TMv-PMv Tbx3 Hist-Gaba_1,0,0,0,0,218,0,0,0,0,0,0,0,0,0,0,0,0,0,0,0,0,0,3,0,0
0430 TMv-PMv Tbx3 Hist-Gaba_2,0,0,0,0,156,0,0,0,0,0,0,0,0,0,0,0,0,0,0,0,0,0,3,0,0
0431 RT-ZI Gnb3 Gaba_1,0,0,0,0,110,0,0,0,0,0,16,2,457,0,0,0,0,0,0,1,2,5,0,0,0
0432 RT-ZI Gnb3 Gaba_2,0,0,0,0,7,0,0,0,0,0,2,0,470,0,0,0,0,0,0,0,0,0,1,0,0
0433 RT-ZI Gnb3 Gaba_3,0,0,0,0,8,0,0,0,0,0,52,3,1332,0,0,0,3,0,2,0,30,75,2,0,0
0434 RT-ZI Gnb3 Gaba_4,0,0,0,0,117,0,10,0,0,0,79,11,113,0,0,0,0,0,5,5,7,116,2,0,0
0435 RT-ZI Gnb3 Gaba_5,0,0,0,4,17,0,0,0,0,0,28,1,4822,0,0,0,79,0,0,1,83,429,26,0,0
0436 SCH Six6 Cdc14a Gaba_1,0,0,0,0,853,0,0,0,0,0,0,0,0,23,0,0,0,0,37,0,0,0,0,0,0
0437 SCH Six6 Cdc14a Gaba_2,0,0,0,0,813,0,0,0,0,0,0,0,0,3,0,0,0,0,13,0,26,0,0,0,1
0438 SCH Six6 Cdc14a Gaba_3,0,0,0,0,225,0,0,0,0,0,0,0,0,0,0,0,1,0,8,0,4,0,0,0,1
0439 DMH Prdm13 Gaba_1,0,0,0,0,232,0,0,0,0,0,0,0,0,0,0,0,0,0,0,0,0,0,0,0,0
0440 DMH Prdm13 Gaba_2,0,0,0,0,85,0,0,0,0,0,0,0,0,0,0,0,0,0,0,0,0,0,0,0,0
0441 PVHd Gsc Gaba_1,0,0,0,0,49,0,0,0,0,0,0,0,0,0,0,0,0,0,0,0,0,0,0,0,0
0442 PVHd-SBPV Six3 Prox1 Gaba_1,0,0,0,0,559,0,3,0,0,3,6,2,11,0,0,0,0,0,0,0,0,3,5,0,0
0443 PVHd-SBPV Six3 Prox1 Gaba_2,0,0,0,0,376,0,0,0,0,1,6,4,2,0,0,0,0,0,1,0,2,0,2,0,0
0444 PVHd-SBPV Six3 Prox1 Gaba_3,0,0,0,0,202,0,0,0,0,0,0,0,0,0,0,0,0,0,0,0,0,0,0,0,0
0445 PVHd-SBPV Six3 Prox1 Gaba_4,0,0,0,0,188,0,0,0,0,0,2,1,1,0,0,0,1,0,9,0,5,0,2,0,0
0446 AHN-SBPV-PVHd Pdrm12 Gaba_1,0,0,0,0,299,0,0,0,0,0,0,0,0,0,0,0,0,0,0,0,1,0,1,0,1
0447 AHN-SBPV-PVHd Pdrm12 Gaba_2,0,0,0,0,342,0,0,0,0,0,1,0,0,0,0,0,0,0,0,0,0,0,8,0,0
0448 AHN-SBPV-PVHd Pdrm12 Gaba_3,0,0,0,0,366,0,0,0,0,0,0,2,0,0,0,0,0,0,0,0,0,0,3,0,0
0449 AHN-SBPV-PVHd Pdrm12 Gaba_4,0,0,0,0,348,0,1,0,0,0,0,0,1,0,0,0,1,0,0,0,0,1,0,0,0
0450 AHN-SBPV-PVHd Pdrm12 Gaba_5,0,0,0,0,199,0,0,0,0,0,2,0,6,1,0,1,1,0,1,1,1,0,4,0,0
0451 AHN-SBPV-PVHd Pdrm12 Gaba_6,0,0,0,0,299,0,0,0,0,0,1,0,0,0,0,0,0,0,0,0,0,0,1,0,0
0452 AHN-SBPV-PVHd Pdrm12 Gaba_7,0,0,0,0,275,0,0,0,0,0,8,0,1,0,0,0,0,0,0,1,2,1,0,0,0
0453 SBPV-PVa Six6 Satb2 Gaba_1,0,0,0,0,278,0,0,0,0,0,1,0,0,1,0,0,0,0,1,0,1,0,0,0,0
0454 SBPV-PVa Six6 Satb2 Gaba_2,0,0,0,0,266,0,0,0,0,0,0,0,0,15,0,0,0,0,1,0,0,0,0,0,0
0455 SBPV-PVa Six6 Satb2 Gaba_3,0,0,0,0,241,0,1,0,0,0,0,0,0,20,0,0,0,0,1,0,1,0,0,0,0
0456 AHN Onecut3 Gaba_1,0,0,0,0,510,0,0,0,0,0,0,0,0,0,0,0,0,0,0,0,7,1,0,0,0
0457 AHN Onecut3 Gaba_2,0,0,0,0,245,0,0,0,0,0,2,0,0,0,0,0,0,0,2,0,1,0,3,0,0
0458 AHN Onecut3 Gaba_3,0,0,0,0,443,0,0,0,0,0,14,3,0,0,0,0,1,0,6,0,3,0,4,0,0
0459 ZI Pax6 Gaba_1,0,0,0,0,1021,0,24,0,0,14,12,3,22,0,0,0,0,0,1,31,0,6,20,0,0
0460 ZI Pax6 Gaba_2,0,0,0,0,311,0,1,0,0,0,1,0,0,0,0,0,0,0,0,0,0,0,0,0,0
0461 ZI Pax6 Gaba_3,0,0,0,0,339,0,5,0,1,8,101,0,50,0,0,0,3,0,2,1,13,42,4,0,0
0462 ZI Pax6 Gaba_4,0,0,0,0,1415,0,5,0,0,2,3,0,31,0,0,0,0,0,0,31,56,20,0,0,0
0463 ZI Pax6 Gaba_5,0,0,0,0,182,0,0,0,0,0,0,0,1,0,0,0,0,0,0,2,5,0,0,0,0
0464 ZI Pax6 Gaba_6,0,0,0,0,262,0,11,0,0,2,0,0,0,0,0,0,0,0,0,1,0,1,21,0,0
0465 ZI Pax6 Gaba_7,0,0,0,0,304,0,0,0,0,0,0,0,106,0,0,1,6,0,0,0,6,51,0,0,0
0466 ZI Pax6 Gaba_8,0,0,0,0,708,0,22,0,0,0,37,1,123,0,0,0,2,0,6,5,9,42,12,0,0
0467 ZI Pax6 Gaba_9,0,0,0,0,138,0,7,0,0,0,4,0,65,2,0,0,0,0,2,1,1,4,9,0,0
0468 ZI Pax6 Gaba_10,0,0,0,0,143,0,1,0,0,0,1,0,0,0,0,0,0,0,0,2,0,0,0,0,0
0469 ZI Pax6 Gaba_11,0,0,0,0,86,0,0,0,0,0,1,0,8,0,0,0,3,0,0,0,0,28,3,0,0
0470 DMH-LHA Gsx1 Gaba_1,0,0,0,0,557,0,0,0,0,0,1,0,0,0,0,0,0,0,0,0,0,1,1,0,1
0471 DMH-LHA Gsx1 Gaba_2,0,0,0,0,1031,0,5,0,0,5,28,0,1,0,0,0,0,0,0,15,1,1,26,0,0
0472 DMH-LHA Gsx1 Gaba_3,0,0,0,0,265,0,0,0,0,0,0,0,1,0,0,0,0,0,1,0,0,0,1,0,0
0473 DMH-LHA Gsx1 Gaba_4,0,0,0,0,234,0,0,0,0,0,8,0,2,0,0,0,0,0,0,0,0,0,0,0,0
0474 PVHd-DMH Lhx6 Gaba_1,0,0,0,0,437,0,10,0,0,5,0,0,0,1,0,0,0,0,2,7,0,0,3,0,0
0475 PVHd-DMH Lhx6 Gaba_2,0,0,0,0,215,0,0,0,0,0,3,0,1,0,0,0,0,0,0,0,1,0,1,0,0
0476 PVHd-DMH Lhx6 Gaba_3,0,0,0,0,240,0,1,0,0,1,0,0,0,0,0,0,0,0,0,6,0,0,0,0,0
0477 PVHd-DMH Lhx6 Gaba_4,0,0,0,0,124,0,0,0,0,0,0,0,0,1,0,0,0,0,0,0,0,0,1,0,0
0478 TU-ARH Otp Six6 Gaba_1,0,0,0,0,1354,0,0,0,0,0,0,0,0,19,0,0,0,0,0,0,0,0,2,0,0
0479 TU-ARH Otp Six6 Gaba_2,0,0,0,0,993,0,0,0,0,0,1,2,0,1,0,0,0,0,0,0,2,0,0,0,0
0480 TU-ARH Otp Six6 Gaba_3,0,0,0,0,821,0,0,0,0,0,1,1,0,1,0,0,0,0,0,0,2,0,3,0,0
0481 TMd-DMH Foxd2 Gaba_1,0,0,0,0,450,0,0,0,0,0,0,0,0,0,0,0,0,0,0,0,0,0,0,0,0
0482 PVpo-VMPO-MPN Hmx2 Gaba_1,0,0,0,0,1189,0,1,0,0,0,31,3,1,9,0,0,18,0,138,0,49,0,2,0,12
0483 PVpo-VMPO-MPN Hmx2 Gaba_2,0,1,0,0,1525,0,11,1,0,3,126,8,1,6,0,0,1,0,29,2,19,1,1,0,0
0484 PVpo-VMPO-MPN Hmx2 Gaba_3,0,0,0,0,257,0,0,0,0,0,10,2,0,14,0,0,4,0,1,0,2,0,0,0,0
0485 PVpo-VMPO-MPN Hmx2 Gaba_4,0,0,0,0,100,0,0,0,0,0,1,3,0,3,0,0,1,0,2,0,3,0,0,0,0
0486 PVpo-VMPO-MPN Hmx2 Gaba_5,0,0,0,0,163,0,0,0,0,0,1,0,0,6,0,0,1,0,3,0,4,0,0,0,0
0487 DMH Hmx2 Gaba_1,0,0,0,0,706,0,5,0,0,1,0,0,1,0,0,0,0,0,0,0,0,0,10,0,0
0488 DMH Hmx2 Gaba_2,0,0,0,0,603,0,7,0,2,1,3,0,2,2,0,0,0,0,3,0,9,0,11,0,0
0489 DMH Hmx2 Gaba_3,0,0,0,0,454,0,0,0,0,0,0,0,0,2,0,0,0,0,0,0,0,0,2,0,0
0490 DMH Hmx2 Gaba_4,0,0,0,0,152,0,1,0,0,0,0,0,0,0,0,0,0,0,0,0,0,0,0,0,0
0491 DMH Hmx2 Gaba_5,0,0,0,0,635,0,10,1,0,2,12,2,0,0,0,0,0,0,1,1,0,0,8,0,1
0492 DMH Hmx2 Gaba_6,0,0,0,0,216,0,0,0,0,0,2,0,0,3,0,0,0,0,0,0,0,0,0,0,0
0493 ARH-PVp Tbx3 Gaba_1,0,0,0,0,602,0,1,0,0,0,1,1,1,3,0,0,0,0,0,0,0,0,0,0,0
0494 ARH-PVp Tbx3 Gaba_2,0,0,0,0,96,0,0,0,0,0,0,0,0,1,0,0,0,0,0,0,0,0,0,0,0
0495 ARH-PVp Tbx3 Gaba_3,0,0,0,0,513,0,0,0,0,0,0,0,0,1,0,0,1,0,0,0,0,0,0,0,0
0496 LGv-ZI Otx2 Gaba_1,0,0,0,0,3,0,0,0,0,0,2,0,46,1,0,0,2,0,0,0,9,5,6,0,0
0497 LGv-ZI Otx2 Gaba_2,0,0,0,0,179,0,0,0,0,0,2,0,257,0,0,0,0,0,0,0,34,27,0,0,0
0498 LGv-ZI Otx2 Gaba_3,0,0,0,0,5,0,0,0,0,0,0,0,17,0,0,0,3,0,0,0,22,2,3,0,0
0499 LGv-ZI Otx2 Gaba_4,0,0,0,0,37,0,1,0,0,0,0,0,26,0,0,0,2,0,0,0,2,12,0,0,0
0500 LGv-ZI Otx2 Gaba_5,0,0,0,2,281,0,1,0,0,1,1,0,191,1,0,0,25,0,5,0,52,100,23,0,0
0501 BST-po Iigp1 Glut_1,0,0,0,0,7,0,0,0,0,0,70,0,142,0,0,0,18,0,0,0,15,0,21,0,0
0502 TRS-BAC Sln Glut_1,0,0,0,13,58,0,0,0,0,0,327,677,69,1206,0,0,66,0,0,0,2,0,718,0,0
0503 TRS-BAC Sln Glut_2,0,0,0,0,33,0,0,0,0,0,133,26,17,0,0,0,2,0,0,0,88,1,220,0,0
0504 GPi Tbr1 Cngb3 Gaba-Glut_1,0,0,0,0,17,0,0,0,0,0,29,0,0,0,0,0,0,0,0,1,0,13,0,0,0
0505 MEA-COA-BMA Ccdc42 Glut_1,0,0,1665,0,1,0,0,0,178,0,4,384,0,0,0,0,0,0,0,0,0,0,6,0,0
0506 MEA-COA-BMA Ccdc42 Glut_2,0,0,137,0,1,0,0,0,104,0,0,27,0,0,0,0,0,0,0,0,0,0,0,0,0
0507 MEA-COA-BMA Ccdc42 Glut_3,0,0,85,0,2,0,1,0,26,0,27,1927,0,0,0,0,0,0,2,0,0,0,2,0,0
0508 MEA-COA-BMA Ccdc42 Glut_4,0,0,178,0,0,0,0,0,169,0,0,205,0,0,0,0,0,0,0,0,0,0,0,0,1
0509 COAa-PAA-MEA Barhl2 Glut_1,0,0,407,0,1,2,3,0,569,0,4,229,0,0,0,0,0,0,5,0,0,2,5,0,0
0510 COAa-PAA-MEA Barhl2 Glut_2,0,0,156,1,1,15,0,0,127,0,1,44,0,0,0,0,0,0,1,0,0,0,2,0,0
0511 COAa-PAA-MEA Barhl2 Glut_3,0,0,43,0,0,0,1,0,122,0,1,418,0,0,0,0,0,0,3,0,0,0,0,0,31
0512 COAa-PAA-MEA Barhl2 Glut_4,0,0,258,23,0,33,0,0,276,0,0,104,0,0,0,0,0,0,10,0,0,12,3,0,0
0513 COAa-PAA-MEA Barhl2 Glut_5,0,0,143,0,0,4,0,0,81,0,0,35,0,0,0,0,0,0,1,0,0,2,3,0,0
0514 COAa-PAA-MEA Barhl2 Glut_6,0,0,241,40,0,121,0,0,849,0,0,24,0,0,0,2,0,0,0,0,0,8,5,0,0
0515 COAa-PAA-MEA Barhl2 Glut_7,0,0,12,0,32,0,0,0,18,0,61,233,0,0,0,0,1,0,0,0,0,0,9,0,0
0516 COAa-PAA-MEA Barhl2 Glut_8,0,0,5,0,2,0,1,0,13,1,12,52,0,0,0,0,0,0,1,0,0,0,1,0,0
0517 COAa-PAA-MEA Barhl2 Glut_9,0,1,78,0,0,0,0,0,16,0,0,97,0,0,0,0,0,0,0,0,0,0,0,0,0
0518 MS-SF Bsx Glut_1,0,1,0,0,109,0,1,0,1,0,374,531,3,8,0,3,3,0,1,0,1,2,38,0,0
0519 AVPV-MEPO-SFO Tbr1 Glut_1,0,0,0,0,129,0,1,0,1,0,53,20,0,2,0,0,2,0,0,0,1,0,1,0,0
0520 AVPV-MEPO-SFO Tbr1 Glut_2,0,0,0,0,322,0,0,0,0,0,15,4,0,3,0,0,9,0,0,0,2,0,1,0,0
0521 AVPV-MEPO-SFO Tbr1 Glut_3,0,0,0,0,267,0,0,0,0,0,7,3,0,41,0,57,5,0,1,0,0,0,1,0,9
0522 AVPV-MEPO-SFO Tbr1 Glut_4,0,0,0,0,305,0,2,0,0,0,7,2,0,1,0,0,15,0,0,0,1,0,0,0,1
0523 AVPV-MEPO-SFO Tbr1 Glut_5,0,0,0,0,37,0,0,0,3,0,25,12,0,2,0,1,4,0,0,0,2,0,0,0,0
0524 LHA Barhl2 Glut_1,0,0,0,0,367,0,0,0,0,2,79,2,2,0,0,0,2,0,7,2,1,3,2,0,0
0525 LHA Barhl2 Glut_2,0,0,0,0,534,0,5,0,0,1,7,1,34,0,0,0,1,0,3,0,9,0,56,0,0
0526 LHA Barhl2 Glut_3,0,0,0,0,39,0,0,0,0,0,17,0,1,0,0,0,0,0,0,1,0,0,0,0,0
0527 ADP-MPO Trp73 Glut_1,0,0,0,0,253,0,1,0,0,0,35,46,6,0,0,0,0,0,0,0,5,0,13,0,0
0528 ADP-MPO Trp73 Glut_2,0,0,2,0,80,0,1,0,14,0,76,29,0,0,0,1,0,0,0,0,0,0,0,0,0
0529 ADP-MPO Trp73 Glut_3,0,0,0,1,238,0,1,0,1,0,128,15,4,0,0,0,0,0,0,2,0,3,19,0,0
0530 SI-MA-LPO-LHA Skor1 Glut_1,0,0,0,0,403,0,0,0,1,0,286,42,0,0,0,0,0,0,1,1,0,0,5,0,1
0531 SI-MA-LPO-LHA Skor1 Glut_2,0,0,5,0,25,0,0,0,23,0,208,104,0,0,0,0,0,0,0,1,0,0,3,0,6
0532 SI-MA-LPO-LHA Skor1 Glut_3,0,0,0,0,256,0,0,0,0,0,202,26,10,0,0,0,1,0,0,1,2,5,14,0,0
0533 SI-MA-LPO-LHA Skor1 Glut_4,0,0,0,0,11,0,0,0,0,0,127,32,0,0,0,0,0,0,0,0,0,0,1,0,0
0534 SI-MA-LPO-LHA Skor1 Glut_5,0,0,0,0,98,0,0,0,1,0,285,50,0,0,0,0,0,0,0,0,0,0,1,0,2
0535 SI-MA-LPO-LHA Skor1 Glut_6,0,0,9,0,49,0,0,0,9,0,187,171,0,0,0,0,0,0,1,0,0,0,4,0,0
0536 SI-MA-LPO-LHA Skor1 Glut_7,0,0,0,0,30,0,1,0,1,0,151,51,1,0,0,0,0,0,0,0,0,11,2,0,0
0537 SI-MA-LPO-LHA Skor1 Glut_8,0,0,0,0,35,0,0,0,19,0,280,176,0,0,0,0,0,0,0,0,0,0,3,0,1
0538 MEA Otp Foxp2 Glut_1,0,0,18,0,0,0,0,0,8,0,6,273,0,0,0,0,0,0,1,0,0,0,2,0,0
0539 MEA-BST Otp Zic2 Glut_1,0,0,1,0,80,0,0,0,2,0,117,66,7,0,0,1,4,0,3,0,3,0,17,0,0
0540 MEA-BST Otp Zic2 Glut_2,0,0,0,0,1,0,0,0,1,0,25,136,3,0,0,0,1,0,1,0,2,0,3,0,0
0541 MEA-BST Otp Zic2 Glut_3,0,0,2,0,1,0,0,0,2,0,12,66,0,0,0,0,1,0,0,0,0,0,3,0,0
0542 LHA-MEA Otp Glut_1,0,0,2,0,96,0,3,0,1,1,32,147,0,0,0,0,0,0,1,1,0,0,0,0,0
0543 LHA-MEA Otp Glut_2,0,0,1,0,2,0,2,0,0,0,5,59,0,0,0,0,0,0,0,0,0,0,0,0,0
0544 DMH Nkx2-4 Glut_1,0,0,0,0,151,0,0,0,0,0,0,0,0,0,0,0,0,0,0,0,0,0,0,0,0
0545 DMH Nkx2-4 Glut_2,0,0,0,0,247,0,0,0,0,0,0,0,0,0,0,0,0,0,0,0,0,0,0,0,0
0546 MPN-MPO-PVpo Hmx2 Glut_1,0,0,0,0,504,0,1,0,0,0,3,0,0,1,0,0,4,0,7,0,3,0,0,0,0
0547 MPN-MPO-PVpo Hmx2 Glut_2,0,0,0,0,217,0,0,0,0,0,4,0,0,1,0,0,0,0,10,0,2,0,0,0,1
0548 MPN-MPO-PVpo Hmx2 Glut_3,0,0,0,0,243,0,0,0,0,0,4,0,0,0,0,0,1,0,7,0,2,0,0,0,0
0549 MPN-MPO-PVpo Hmx2 Glut_4,0,0,0,0,269,0,1,0,0,4,22,1,0,1,0,0,0,0,1,0,0,0,0,0,0
0550 MPN-MPO-PVpo Hmx2 Glut_5,0,0,0,0,118,0,0,0,0,0,0,1,0,1,0,0,6,0,9,0,11,0,0,0,0
0551 MPN-MPO-PVpo Hmx2 Glut_6,0,0,0,0,131,0,0,0,0,0,0,0,0,1,0,0,1,0,1,0,5,0,0,0,0
0552 DMH Hmx2 Glut_1,0,0,0,0,565,0,0,0,0,0,0,0,0,0,0,0,0,0,0,0,0,0,7,0,0
0553 DMH Hmx2 Glut_2,0,0,0,0,103,0,0,0,0,0,0,0,0,0,0,0,0,0,0,0,0,0,1,0,0
0554 ARH-PVp Tbx3 Glut_1,0,0,0,0,218,0,0,0,0,0,0,0,0,0,0,0,0,0,0,0,0,0,0,0,0
0555 ARH-PVp Tbx3 Glut_2,0,0,0,0,626,0,0,0,0,0,0,0,0,3,0,0,0,0,0,0,0,0,0,0,0
0556 ARH-PVp Tbx3 Glut_3,0,0,0,0,270,0,0,0,0,0,0,0,0,1,0,0,0,0,0,0,0,0,0,0,0
0557 ARH-PVp Tbx3 Glut_4,0,0,0,0,118,0,0,0,0,0,0,0,0,0,0,0,0,0,0,0,0,0,2,0,0
0558 ARH-PVp Tbx3 Glut_5,0,0,0,0,107,0,0,0,0,0,0,0,2,0,0,0,0,0,0,0,0,0,1,0,0
0559 DMH-LHA Vgll2 Glut_1,0,0,0,0,28,0,0,0,0,0,0,0,0,0,0,0,0,0,0,0,0,0,0,0,0
0560 DMH-LHA Vgll2 Glut_2,0,0,0,0,323,0,0,0,0,0,7,0,0,0,0,0,0,0,0,3,0,0,0,0,0
0561 DMH-LHA Vgll2 Glut_3,0,0,0,0,92,0,0,0,0,0,0,0,0,2,0,0,0,0,1,0,6,0,6,0,0
0562 DMH-LHA Vgll2 Glut_4,0,0,0,0,140,0,0,0,0,1,0,0,0,2,0,0,0,0,0,0,0,0,0,0,0
0563 VMH Fezf1 Glut_1,0,0,0,0,153,0,0,0,0,0,0,0,0,0,0,0,0,0,0,0,0,0,0,0,0
0564 VMH Fezf1 Glut_2,0,0,0,0,615,0,1,0,0,0,0,0,0,0,0,0,0,0,0,0,1,0,4,0,0
0565 VMH Fezf1 Glut_3,0,0,0,0,559,0,0,0,0,0,0,0,0,0,0,0,0,0,0,0,0,0,1,0,0
0566 VMH Nr5a1 Glut_1,0,0,0,0,298,0,0,0,0,0,1,0,0,4,0,0,0,0,5,0,14,0,3,0,0
0567 VMH Nr5a1 Glut_2,0,0,0,0,449,0,0,0,0,0,1,0,0,1,0,0,0,0,4,0,12,0,3,0,0
0568 VMH Nr5a1 Glut_3,0,0,0,0,2350,0,0,0,0,0,0,0,0,0,0,0,0,0,0,0,0,0,0,0,0
0569 VMH Nr5a1 Glut_4,0,0,0,0,470,0,0,0,0,0,0,0,0,0,0,0,0,0,0,0,0,0,0,0,0
0570 VMH Nr5a1 Glut_5,0,0,0,0,370,0,0,0,0,0,0,0,0,2,0,0,0,0,0,0,0,0,0,0,0
0571 VMH Nr5a1 Glut_6,0,0,0,0,95,0,0,0,0,0,0,0,0,0,0,0,0,0,0,0,0,0,0,0,0
0572 LHA Pmch Glut_1,0,0,0,0,270,0,0,0,0,0,17,0,0,0,0,0,0,0,0,12,0,1,2,0,0
0573 LHA Pmch Glut_2,0,0,0,0,204,0,0,0,0,0,1,0,0,0,0,0,0,0,0,0,0,0,11,0,0
0574 LHA-AHN-PVH Otp Trh Glut_1,0,0,0,0,320,0,0,0,0,0,27,5,1,3,0,0,1,0,15,0,9,0,5,0,2
0575 LHA-AHN-PVH Otp Trh Glut_2,0,0,0,0,465,0,0,0,0,0,20,23,0,2,0,0,3,0,0,0,1,0,12,0,0
0576 LHA-AHN-PVH Otp Trh Glut_3,0,0,0,0,301,0,0,0,0,1,26,0,0,0,0,0,2,0,12,0,9,0,2,0,0
0577 LHA-AHN-PVH Otp Trh Glut_4,0,0,0,0,194,0,1,0,0,2,24,0,0,0,0,0,0,0,1,0,0,0,1,0,0
0578 LHA-AHN-PVH Otp Trh Glut_5,0,0,0,0,128,0,0,0,0,0,3,0,0,2,0,0,6,0,23,0,14,0,0,0,4
0579 AHN-RCH-LHA Otp Fezf1 Glut_1,0,0,0,0,373,0,2,0,0,2,80,0,1,0,0,0,0,0,0,0,0,0,16,0,0
0580 AHN-RCH-LHA Otp Fezf1 Glut_2,0,0,0,0,1160,0,3,0,0,0,2,0,2,0,0,0,0,0,1,0,0,0,0,0,0
0581 AHN-RCH-LHA Otp Fezf1 Glut_3,0,0,0,0,237,0,0,0,0,0,1,0,0,1,0,0,1,0,7,0,2,0,3,0,0
0582 AHN-RCH-LHA Otp Fezf1 Glut_4,0,0,0,0,257,0,0,0,0,0,0,0,0,0,0,0,0,0,0,0,0,0,2,0,0
0583 AHN-RCH-LHA Otp Fezf1 Glut_5,0,0,0,0,128,0,0,0,0,0,0,0,0,1,0,0,0,0,3,0,0,0,1,0,2
0584 AHN-RCH-LHA Otp Fezf1 Glut_6,0,0,0,0,265,0,2,1,0,3,9,0,0,0,0,0,0,0,7,0,9,2,3,0,0
0585 PVH-SO-PVa Otp Glut_1,0,0,0,0,181,0,1,0,0,0,0,0,0,1,0,0,0,0,0,0,0,0,0,0,0
0586 PVH-SO-PVa Otp Glut_2,0,0,0,0,166,0,0,0,0,0,0,0,0,0,0,0,0,0,0,0,0,0,0,0,0
0587 PVH-SO-PVa Otp Glut_3,0,0,0,0,481,0,0,0,0,0,1,0,1,0,0,0,0,0,0,0,0,0,1,0,0
0588 PVH-SO-PVa Otp Glut_4,0,0,0,0,666,0,0,0,0,0,20,9,0,6,0,0,11,0,53,0,75,0,2,0,26
0589 PVH-SO-PVa Otp Glut_5,0,0,0,0,213,0,0,0,0,0,1,0,0,14,0,0,0,0,0,0,0,0,0,0,0
0590 PVH-SO-PVa Otp Glut_6,0,0,0,0,103,0,0,0,0,0,16,7,0,0,0,0,0,0,0,1,0,0,2,0,0
0591 PH-ant-LHA Otp Bsx Glut_1,0,1,0,0,441,0,40,1,0,21,0,0,3,0,0,0,0,0,1,0,0,0,7,0,0
0592 PH-ant-LHA Otp Bsx Glut_2,0,0,0,0,157,0,15,0,0,5,3,0,2,0,0,0,0,0,0,2,0,1,3,0,0
0593 PH-ant-LHA Otp Bsx Glut_3,0,0,0,0,321,0,8,0,0,4,0,0,0,0,0,0,0,0,0,0,0,0,1,0,0
0594 PH-ant-LHA Otp Bsx Glut_4,0,0,0,0,326,0,1,0,0,0,3,0,0,0,0,0,0,0,0,1,0,0,5,0,0
0595 PH-ant-LHA Otp Bsx Glut_5,0,0,0,0,300,0,4,0,0,1,0,0,0,0,0,0,0,0,0,0,0,0,0,0,0
0596 PH-ant-LHA Otp Bsx Glut_6,0,0,0,0,32,0,0,0,0,0,0,0,0,0,0,0,0,0,0,0,0,0,2,0,0
0597 PH-ant-LHA Otp Bsx Glut_7,0,0,0,0,237,0,0,0,0,0,2,0,0,1,0,0,0,0,0,1,1,1,2,0,0
0598 STN-PSTN Pitx2 Glut_1,0,0,0,0,378,0,2,0,0,0,8,0,0,0,0,0,0,0,0,5,4,2,3,0,0
0599 STN-PSTN Pitx2 Glut_2,0,0,0,0,202,0,5,0,0,1,22,0,2,0,0,0,0,0,1,1,9,11,0,0,0
0600 STN-PSTN Pitx2 Glut_3,0,0,0,0,217,0,7,0,0,0,28,0,1,0,0,0,0,0,0,0,7,9,0,0,0
0601 STN-PSTN Pitx2 Glut_4,0,0,0,0,230,0,1,0,0,0,4,0,0,0,0,0,0,0,0,4,1,0,0,0,0
0602 STN-PSTN Pitx2 Glut_5,0,0,0,0,1116,0,13,0,0,0,56,0,4,0,0,0,0,0,0,44,127,51,0,0,0
0603 STN-PSTN Pitx2 Glut_6,0,0,0,0,132,0,0,0,0,0,0,0,0,0,0,0,0,0,0,0,0,0,0,0,0
0604 STN-PSTN Pitx2 Glut_7,0,0,0,0,54,0,0,0,0,0,0,0,0,0,0,0,0,0,0,0,0,0,4,0,0
0605 PMv-TMv Pitx2 Glut_1,0,0,0,0,253,0,0,0,0,0,0,0,0,0,0,0,0,0,0,0,0,0,0,0,0
0606 PMv-TMv Pitx2 Glut_2,0,0,0,0,203,0,0,0,0,0,1,0,0,0,0,0,0,0,0,0,0,1,0,0,0
0607 PMv-TMv Pitx2 Glut_3,0,0,0,0,546,0,0,0,0,0,1,0,0,0,0,0,0,0,0,0,0,0,0,0,0
0608 PH-an Pitx2 Glut_1,0,0,0,0,153,0,0,0,0,0,0,0,0,3,0,0,0,0,0,0,0,0,0,0,0
0609 PH-an Pitx2 Glut_2,0,0,0,0,114,0,6,0,0,5,0,0,0,2,0,0,0,0,0,0,0,0,1,0,0
0610 PH Pitx2 Glut_1,0,0,0,0,159,0,0,0,0,0,0,0,0,0,0,0,0,0,0,0,0,0,1,0,0
0611 PH Pitx2 Glut_2,0,1,0,0,1038,0,214,1,0,5,0,0,26,3,0,0,0,0,1,0,0,0,38,0,0
0612 PH-LHA Foxb1 Glut_1,0,1,0,0,243,0,33,0,0,0,0,0,2,0,0,0,0,0,0,0,0,0,11,0,0
0613 PH-LHA Foxb1 Glut_2,0,0,0,0,76,0,2,0,0,0,7,0,0,0,0,0,0,0,0,0,2,1,0,0,0
0614 PH-LHA Foxb1 Glut_3,0,0,0,0,180,0,0,0,0,0,3,2,0,0,0,0,0,0,0,0,0,0,5,0,0
0615 PH-LHA Foxb1 Glut_4,0,0,0,0,99,0,1,0,0,0,0,0,0,0,0,0,0,0,0,0,0,0,0,0,0
0616 PH-LHA Foxb1 Glut_5,0,0,0,0,73,0,0,0,0,0,0,0,0,0,0,0,0,0,0,0,0,0,0,0,0
0617 PH-LHA Foxb1 Glut_6,0,0,0,0,32,0,0,0,0,0,0,0,1,0,0,0,0,0,0,0,0,0,0,0,0
0618 PH-LHA Foxb1 Glut_7,0,0,0,0,70,0,0,0,0,0,1,0,0,0,0,0,1,0,0,0,0,0,1,0,0
0619 PMd-LHA Foxb1 Glut_1,0,0,0,0,42,0,0,0,0,0,1,0,0,0,0,0,0,0,0,0,0,0,1,0,0
0620 PMd-LHA Foxb1 Glut_2,0,0,0,0,536,0,0,0,0,0,12,0,0,0,0,0,1,0,0,0,0,1,4,0,0
0621 PMd-LHA Foxb1 Glut_3,0,0,0,0,108,0,0,0,0,0,0,0,0,0,0,0,0,0,0,0,0,0,1,0,0
0622 PH-SUM Foxa1 Glut_1,0,0,0,0,164,0,63,0,0,0,0,0,10,3,0,0,0,0,0,0,0,0,6,0,0
0623 PH-SUM Foxa1 Glut_2,0,0,0,0,119,0,1,0,0,0,0,0,0,2,0,0,0,0,0,0,0,0,2,0,0
0624 PH-SUM Foxa1 Glut_3,0,0,0,0,416,0,52,0,0,2,0,0,25,3,0,0,0,0,0,0,0,0,12,0,0
0625 PH-SUM Foxa1 Glut_4,0,0,0,0,81,0,14,0,0,0,0,0,0,0,0,0,0,0,0,0,0,0,2,0,0
0626 PH-SUM Foxa1 Glut_5,0,0,0,0,468,0,6,0,0,0,0,0,1,0,0,0,0,0,0,0,0,0,12,0,0
0627 PH-SUM Foxa1 Glut_6,0,0,0,0,314,0,3,0,0,0,0,0,0,7,0,0,0,0,0,0,0,0,6,0,0
0628 HY Gnrh1 Glut_1,0,0,0,1,27,0,0,0,1,0,23,3,0,0,0,0,0,0,2,0,0,0,0,0,0
0629 MM-ant Foxb1 Glut_1,0,0,0,0,983,0,1,0,0,0,0,0,0,48,0,0,1,0,0,0,0,0,2,0,0
0630 MM Foxb1 Glut_1,0,0,0,0,1148,0,0,0,0,0,0,0,0,0,0,0,1,0,0,0,0,0,9,0,1
0631 MM Foxb1 Glut_2,0,0,0,0,1455,0,0,0,0,0,0,0,0,0,0,0,0,0,0,0,0,0,0,0,0
0632 MH Tac2 Glut_1,0,0,0,0,0,0,0,0,0,0,0,0,1372,79,0,13,2,0,0,0,0,0,5,0,0
0633 MH Tac2 Glut_2,0,0,0,2,0,0,0,0,0,0,0,0,1559,41,0,8,21,0,0,0,0,0,33,0,0
0634 MH Tac2 Glut_3,0,0,0,0,0,0,0,0,0,0,0,0,1170,10,0,0,1,0,0,0,0,0,10,0,0
0635 MH Tac2 Glut_4,0,0,0,0,0,0,0,0,0,0,0,0,52,0,0,0,2,0,0,0,0,0,1,0,0
0636 MH Tac2 Glut_5,0,0,0,1,0,0,0,0,0,0,0,0,268,2,0,0,20,0,0,0,0,0,24,0,0
0637 LH Pou4f1 Sox1 Glut_1,0,0,0,1,0,0,0,0,0,0,0,0,186,0,0,0,1,0,0,0,0,0,50,0,0
0638 LH Pou4f1 Sox1 Glut_2,0,0,0,0,0,0,0,0,0,0,0,0,227,0,0,0,0,0,0,0,0,0,9,0,0
0639 LH Pou4f1 Sox1 Glut_3,0,0,0,3,0,0,0,0,0,0,0,0,317,0,0,0,6,0,0,0,0,0,26,0,0
0640 LH Pou4f1 Sox1 Glut_4,0,0,0,1,0,0,11,0,0,0,0,0,204,1,0,0,0,0,0,0,0,0,24,0,0
0641 AD Serpinb7 Glut_1,0,0,0,22,0,0,0,0,0,0,0,0,1046,0,0,0,35,0,0,0,0,0,87,0,0
0642 AV Col27a1 Glut_1,0,0,0,0,0,0,0,0,0,0,0,0,1682,0,0,0,36,0,0,0,0,0,4,0,0
0643 PVT-PT Ntrk1 Glut_1,0,0,0,0,7,0,2,0,0,0,0,0,234,13,0,0,0,0,0,0,0,0,2,0,0
0644 PVT-PT Ntrk1 Glut_2,0,0,0,0,3,0,3,0,0,0,0,0,1197,5,0,0,1,0,0,0,0,0,23,0,0
0645 PVT-PT Ntrk1 Glut_3,0,0,0,0,27,0,4,0,0,0,0,0,1114,35,0,0,0,0,0,0,4,0,14,0,0
0646 PVT-PT Ntrk1 Glut_4,0,0,0,0,9,0,2,0,0,0,0,0,651,0,0,0,1,0,0,0,0,0,2,0,0
0647 PVT-PT Ntrk1 Glut_5,0,0,0,0,1,0,0,0,0,0,0,0,524,2,0,0,0,0,0,0,0,0,1,0,0
0648 PVT-PT Ntrk1 Glut_6,0,0,0,0,0,0,0,0,0,0,0,0,297,0,0,0,0,0,0,0,1,0,3,0,0
0649 CM-IAD-CL-PCN Sema5b Glut_1,0,0,0,0,0,0,1,0,0,0,0,0,1322,0,0,0,0,0,0,0,0,0,5,0,0
0650 CM-IAD-CL-PCN Sema5b Glut_2,0,0,0,0,0,0,0,0,0,0,0,0,758,0,0,0,1,0,0,0,0,0,10,0,0
0651 CM-IAD-CL-PCN Sema5b Glut_3,0,0,0,0,1,0,0,0,0,0,0,0,419,0,0,0,0,0,0,0,0,0,0,0,0
0652 CM-IAD-CL-PCN Sema5b Glut_4,0,0,0,0,0,0,0,0,0,0,0,0,858,0,0,0,0,0,0,0,0,0,0,0,0
0653 CM-IAD-CL-PCN Sema5b Glut_5,0,0,0,0,0,0,0,0,0,0,0,0,123,0,0,0,0,0,0,0,0,0,0,0,0
0654 TH Prkcd Grin2c Glut_1,0,0,0,16,73,0,1,0,0,0,0,1,17060,0,0,0,23,0,17,0,19,130,21,0,3
0655 TH Prkcd Grin2c Glut_2,0,0,0,28,0,0,0,0,0,0,0,0,1755,0,0,0,32,0,11,0,55,9,32,0,0
0656 TH Prkcd Grin2c Glut_3,0,0,0,3,0,0,0,0,0,0,0,0,1005,0,0,0,13,0,3,0,6,0,0,0,0
0657 TH Prkcd Grin2c Glut_4,0,0,0,1,1,0,2,0,0,0,0,0,402,0,0,0,8,0,16,0,5,0,3,0,0
0658 TH Prkcd Grin2c Glut_5,0,0,0,126,1,0,0,0,0,0,0,0,1754,0,0,0,127,0,0,0,0,6,21,0,0
0659 TH Prkcd Grin2c Glut_6,0,0,0,89,6,0,7,0,0,0,0,0,4963,0,0,0,46,0,4,0,4,4,12,0,0
0660 TH Prkcd Grin2c Glut_7,0,0,0,0,1,0,11,0,0,0,0,0,852,0,0,0,37,0,9,0,1,0,0,0,0
0661 TH Prkcd Grin2c Glut_8,0,0,0,9,0,0,23,0,0,0,0,0,713,0,0,0,10,0,0,0,0,4,3,0,0
0662 TH Prkcd Grin2c Glut_9,0,0,0,0,1,0,0,0,0,0,0,0,1346,0,0,0,0,0,0,0,0,0,1,0,0
0663 TH Prkcd Grin2c Glut_10,0,0,0,3,1,0,1,0,0,0,0,0,2968,0,0,0,1,0,0,0,0,0,7,0,0
0664 TH Prkcd Grin2c Glut_11,0,0,0,0,4,0,0,0,0,0,0,0,543,0,0,0,0,0,3,0,0,0,3,0,0
0665 TH Prkcd Grin2c Glut_12,0,0,0,1,0,0,0,0,0,0,0,0,1131,0,0,0,1,0,0,0,0,0,6,0,0
0666 TH Prkcd Grin2c Glut_13,0,0,0,0,26,0,3,0,0,0,0,0,3292,0,0,0,1,0,0,0,0,5,2,0,0
0667 TH Prkcd Grin2c Glut_14,0,0,0,0,1,0,0,0,0,0,0,0,426,0,0,0,1,0,0,0,0,0,3,0,0
0668 RE-Xi Nox4 Glut_1,0,0,0,0,10,0,1,0,0,0,0,0,774,0,0,0,1,0,1,0,1,0,5,0,0
0669 RE-Xi Nox4 Glut_2,0,0,0,0,96,0,0,0,0,0,0,0,1160,0,0,0,0,0,0,0,0,0,36,0,0
0670 RE-Xi Nox4 Glut_3,0,0,0,0,30,0,0,0,0,0,0,0,1695,0,0,0,13,0,1,0,0,0,1,0,0
0671 RE-Xi Nox4 Glut_4,0,0,0,0,6,0,1,0,0,0,0,0,28,0,0,0,0,0,0,0,0,0,0,0,0
0672 MG-POL-SGN Nts Glut_1,0,0,0,0,2,0,34,0,0,0,0,0,558,0,0,0,21,0,2,0,0,1,0,0,0
0673 MG-POL-SGN Nts Glut_2,0,0,0,1,1,0,20,0,0,0,0,0,141,0,0,0,22,0,2,0,5,0,0,0,0
0674 PF Fzd5 Glut_1,0,0,0,0,19,0,48,0,0,0,0,0,1211,0,0,0,0,0,3,0,0,0,56,0,0
0675 PF Fzd5 Glut_2,0,0,0,1,4,0,26,0,0,0,0,0,2750,0,0,0,2,0,2,0,0,2,17,0,0
0676 PRC-PAG Pax6 Glut_1,0,0,0,0,0,0,135,0,0,0,0,0,0,0,0,0,0,0,6,0,0,0,0,0,0
0677 PRC-PAG Pax6 Glut_2,0,0,0,1,0,0,169,0,0,0,0,0,42,19,0,0,14,0,14,0,0,0,2,0,0
0678 PRC-PAG Pax6 Glut_3,0,0,0,0,0,0,318,1,0,1,0,0,0,0,0,0,0,1,1,3,0,0,1,0,0
0679 PRC-PAG Pax6 Glut_4,0,0,0,0,0,0,29,0,0,0,0,0,0,0,0,0,0,0,3,0,0,0,0,0,0
0680 PRC-PAG Pax6 Glut_5,0,0,0,0,0,0,22,0,0,0,0,0,1,0,0,0,2,0,0,0,0,0,0,0,0
0681 MB-ant-ve Dmrta2 Glut_1,0,0,0,0,105,0,377,0,0,1,0,0,86,0,0,0,0,0,6,14,0,1,17,0,0
0682 RN Spp1 Glut_1,0,0,0,0,0,0,323,0,0,3,0,0,0,0,0,0,0,0,3,11,0,0,0,0,0
0683 MRN-PAG Nkx6-1 Glut_1,0,0,0,0,0,0,97,0,0,7,0,0,1,0,0,0,0,0,0,1,0,0,1,0,0
0684 MRN-PAG Nkx6-1 Glut_2,0,0,0,0,0,0,45,0,0,1,0,0,0,0,0,0,0,0,1,0,0,0,0,0,0
0685 IF-RL-CLI-PAG Foxa1 Glut_1,0,0,0,0,153,0,214,0,0,0,0,0,0,0,0,0,0,0,0,1,0,0,28,0,0
0686 IF-RL-CLI-PAG Foxa1 Glut_2,0,0,0,0,8,0,72,0,0,0,0,0,2,0,0,0,0,0,0,0,0,0,2,0,0
0687 IF-RL-CLI-PAG Foxa1 Glut_3,0,0,0,0,2,0,82,0,0,0,0,0,0,0,0,0,0,0,3,1,0,0,1,0,0
0688 IF-RL-CLI-PAG Foxa1 Glut_4,0,0,0,0,1,0,127,0,0,0,0,0,0,0,0,0,0,0,3,14,0,0,2,0,0
0689 IF-RL-CLI-PAG Foxa1 Glut_5,0,0,0,0,11,0,52,0,0,0,0,0,14,0,0,0,0,0,0,0,0,0,4,0,0
0690 PAG-SC Neurod2 Meis2 Glut_1,0,0,0,0,0,0,374,0,0,0,0,0,0,0,0,0,0,0,3,0,0,0,0,0,0
0691 PAG-SC Neurod2 Meis2 Glut_2,1,0,0,0,0,0,241,0,0,3,0,0,0,0,0,0,0,0,0,0,0,0,0,0,0
0692 PAG-SC Neurod2 Meis2 Glut_3,0,0,0,0,0,0,16,0,0,0,0,0,0,0,0,0,0,0,0,0,0,0,0,0,0
0693 PAG-SC Neurod2 Meis2 Glut_4,0,0,0,0,0,0,366,0,0,0,0,0,1,0,0,0,0,0,6,0,0,0,0,0,0
0694 PAG Pou4f3 Glut_1,1,2,0,0,0,0,602,0,0,0,0,0,0,0,0,0,0,0,6,0,0,0,0,0,0
0695 PAG Pou4f3 Glut_2,0,0,0,0,0,0,553,0,0,0,0,0,0,0,0,0,0,0,4,0,0,0,0,0,0
0696 PAG Pou4f3 Glut_3,0,0,0,0,0,0,38,0,0,0,0,0,0,0,0,0,0,0,0,0,0,0,0,0,0
0697 CUN Evx2 Lhx2 Glut_1,0,47,0,0,0,0,325,0,0,0,0,0,0,0,0,0,0,0,2,0,0,0,0,0,0
0698 CUN Evx2 Lhx2 Glut_2,0,35,0,0,0,0,625,0,0,0,0,0,0,0,0,0,0,0,15,0,0,0,0,0,0
0699 CUN Evx2 Lhx2 Glut_3,0,1,0,0,0,0,244,0,0,9,0,0,0,0,0,0,0,0,3,0,0,0,0,0,0
0700 CUN Evx2 Lhx2 Glut_4,0,3,0,0,0,0,163,0,0,0,0,0,0,0,0,0,0,0,0,0,0,0,0,0,0
0701 CUN Evx2 Lhx2 Glut_5,0,4,0,0,0,0,107,0,0,1,0,0,0,0,0,0,0,0,1,0,0,0,0,0,0
0702 APN C1ql2 Glut_1,0,0,0,15,0,0,1255,0,0,0,0,0,52,0,0,0,21,0,8,0,1,0,0,0,0
0703 APN C1ql4 Glut_1,0,0,0,0,0,0,1359,0,0,0,0,0,75,0,0,0,10,0,16,0,0,0,1,0,0
0704 PAG-MRN Pou3f1 Glut_1,2,0,0,0,0,0,600,0,0,6,0,0,0,0,0,0,0,1,6,0,0,0,0,0,0
0705 PAG-MRN Pou3f1 Glut_2,0,0,0,0,0,0,57,0,0,0,0,0,0,0,0,0,0,0,0,0,0,0,0,0,0
0706 PAG-MRN Pou3f1 Glut_3,0,0,0,0,0,0,16,0,0,0,0,0,0,0,0,0,0,0,0,0,0,0,0,0,0
0707 PAG-MRN Pou3f1 Glut_4,0,0,0,0,0,0,136,0,0,0,0,0,0,0,0,0,0,0,0,0,0,0,0,0,0
0708 PAG-MRN Pou3f1 Glut_5,0,0,0,0,0,0,148,0,0,1,0,0,0,0,0,0,0,0,1,0,0,0,0,0,0
0709 PAG-MRN Pou3f1 Glut_6,0,0,0,0,0,0,144,0,0,0,0,0,0,0,0,0,0,0,1,0,0,0,0,0,0
0710 MRN Pou3f1 C1ql4 Glut_1,0,4,0,0,4,0,121,0,0,0,0,0,24,0,0,0,0,0,1,0,0,0,0,0,0
0711 MRN Pou3f1 C1ql4 Glut_2,0,0,0,0,0,0,212,0,0,0,0,0,8,0,0,0,0,0,5,0,0,0,1,0,0
0712 MRN Pou3f1 C1ql4 Glut_3,0,0,0,0,0,0,125,0,0,0,0,0,0,0,0,0,0,0,0,0,0,0,0,0,0
0713 PRC-PAG Tcf7l2 Irx2 Glut_1,0,0,0,0,0,0,492,0,0,0,0,0,65,5,0,0,2,0,5,0,0,0,4,0,0
0714 PRC-PAG Tcf7l2 Irx2 Glut_2,2,0,0,1,46,0,241,0,0,0,0,0,43,2,0,0,3,0,18,0,0,0,9,0,0
0715 PRC-PAG Tcf7l2 Irx2 Glut_3,0,0,0,0,0,0,101,0,0,0,0,0,0,0,0,0,0,0,5,0,0,0,0,0,0
0716 PRC-PAG Tcf7l2 Irx2 Glut_4,0,0,0,0,0,0,55,0,0,0,0,0,0,0,0,0,0,0,0,0,0,0,0,0,0
0717 PRC-PAG Tcf7l2 Irx2 Glut_5,0,0,0,0,0,0,331,0,0,0,0,0,94,0,0,0,9,0,1,0,0,0,0,0,0
0718 SPA-SPFm-SPFp-POL-PIL-PoT Sp9 Glut_1,0,2,0,3,4,0,418,0,0,0,0,0,165,0,0,0,5,0,23,0,2,0,13,0,0
0719 SPA-SPFm-SPFp-POL-PIL-PoT Sp9 Glut_2,0,0,0,0,8,0,193,0,0,0,0,0,89,0,0,0,1,0,11,0,0,0,8,0,0
0720 SPA-SPFm-SPFp-POL-PIL-PoT Sp9 Glut_3,0,0,0,0,105,0,114,0,0,0,11,0,310,17,0,0,4,0,0,0,9,0,44,0,0
0721 SPA-SPFm-SPFp-POL-PIL-PoT Sp9 Glut_4,0,0,0,0,19,0,351,0,0,0,0,0,351,0,0,0,11,0,32,0,0,7,5,0,0
0722 SPA-SPFm-SPFp-POL-PIL-PoT Sp9 Glut_5,0,0,0,0,60,0,96,0,0,0,0,0,302,0,0,0,1,0,10,0,0,0,12,0,0
0723 SPA-SPFm-SPFp-POL-PIL-PoT Sp9 Glut_6,0,0,0,0,56,0,73,0,0,0,1,0,165,3,0,0,3,0,3,0,1,0,11,0,0
0724 SPA-SPFm-SPFp-POL-PIL-PoT Sp9 Glut_7,0,0,0,0,23,0,214,0,0,0,1,0,337,0,0,0,0,0,34,0,0,2,1,0,0
0725 SPA-SPFm-SPFp-POL-PIL-PoT Sp9 Glut_8,0,1,0,7,49,0,325,1,0,0,0,0,205,0,0,0,12,0,19,0,4,8,0,0,0
0726 SPA-SPFm-SPFp-POL-PIL-PoT Sp9 Glut_9,0,0,0,0,84,0,1,0,0,0,0,0,17,0,0,0,0,0,1,0,1,0,0,0,0
0727 SPA-SPFm-SPFp-POL-PIL-PoT Sp9 Glut_10,0,0,0,0,8,0,91,0,0,0,0,0,31,0,0,0,0,0,0,0,0,0,5,0,0
0728 SPA-SPFm-SPFp-POL-PIL-PoT Sp9 Glut_11,0,0,0,0,0,0,15,0,0,0,0,0,7,3,0,0,3,0,0,0,0,0,1,0,0
0729 SPA-SPFm-SPFp-POL-PIL-PoT Sp9 Glut_12,0,0,0,0,80,0,17,0,0,0,0,0,52,0,0,0,0,0,0,0,9,27,1,0,0
0730 PAG-SC Pou4f1 Zic1 Glut_1,0,0,0,0,0,0,1419,0,0,0,0,0,7,1,0,0,0,0,50,0,0,0,0,0,0
0731 PAG-SC Pou4f1 Zic1 Glut_2,0,0,0,0,0,0,1639,0,0,0,0,0,1,0,0,0,0,0,22,0,0,0,0,0,0
0732 PAG-SC Pou4f1 Zic1 Glut_3,0,0,0,0,0,0,146,0,0,0,0,0,0,0,0,0,1,0,7,0,0,0,0,0,0
0733 PAG-MRN Tfap2b Glut_1,1,24,0,0,2,0,1128,0,0,5,0,0,2,0,4,0,0,0,12,0,0,0,0,0,0
0734 PAG-MRN Tfap2b Glut_2,0,0,0,1,0,0,127,0,0,0,0,0,0,0,0,0,1,0,0,0,0,3,0,0,0
0735 PAG Pou4f1 Bnc2 Glut_1,0,0,0,0,1,0,546,0,0,0,0,0,0,0,0,0,0,0,2,0,0,0,0,0,0
0736 PAG Pou4f1 Bnc2 Glut_2,0,2,0,0,0,0,476,0,0,1,0,0,0,0,0,0,0,0,1,0,0,0,0,0,1
0737 PAG Pou4f1 Ebf2 Glut_1,0,0,0,0,0,0,185,0,0,0,0,0,0,0,0,0,0,0,0,0,0,0,0,0,0
0738 PAG Pou4f1 Ebf2 Glut_2,0,0,0,0,0,0,467,0,0,0,0,0,0,0,0,0,0,0,0,0,0,0,0,0,0
0739 PAG Pou4f1 Ebf2 Glut_3,0,0,0,0,0,0,383,0,0,0,0,0,0,0,0,0,0,0,1,0,0,0,0,0,0
0740 PAG Pou4f1 Ebf2 Glut_4,1,0,0,0,0,0,279,0,0,0,0,0,0,0,0,0,0,0,0,0,0,0,0,0,0
0741 PAG Pou4f1 Ebf2 Glut_5,1,0,0,0,0,0,335,0,0,0,0,0,0,0,0,0,0,0,2,0,0,0,0,0,0
0742 PAG Pou4f1 Ebf2 Glut_6,0,0,0,0,0,0,184,0,0,0,0,0,0,0,0,0,0,0,0,0,0,0,0,0,0
0743 PAG Pou4f1 Ebf2 Glut_7,0,0,0,0,1,0,80,0,0,0,0,0,0,0,0,0,0,0,0,0,0,0,0,0,0
0744 PAG Pou4f1 Ebf2 Glut_8,0,0,0,0,0,0,77,0,0,0,0,0,0,0,0,0,0,0,0,0,0,0,0,0,0
0745 PAG Pou4f2 Glut_1,0,2,0,0,0,0,1484,0,0,0,0,0,1,0,0,0,0,0,31,0,0,0,0,0,0
0746 PAG Pou4f2 Glut_2,0,0,0,0,0,0,271,0,0,0,0,0,0,0,0,0,0,0,3,0,0,0,0,0,0
0747 PAG Pou4f2 Glut_3,0,1,0,0,0,0,265,0,0,0,0,0,2,0,0,0,0,0,7,0,0,0,0,0,0
0748 PAG Pou4f2 Glut_4,0,0,0,1,0,0,390,0,0,0,0,0,0,0,0,0,0,0,7,0,0,0,0,0,0
0749 PAG Pou4f2 Glut_5,0,0,0,0,0,0,344,0,0,0,0,0,0,0,0,0,0,0,3,0,0,0,0,0,0
0750 PAG Pou4f2 Mesi2 Glut_1,0,0,0,0,0,0,142,0,0,0,0,0,0,0,0,0,0,0,2,0,0,0,0,0,0
0751 PAG Pou4f2 Mesi2 Glut_2,3,0,0,0,0,0,390,0,0,0,0,0,1,0,0,0,0,0,3,0,0,0,0,0,0
0752 PAG Pou4f2 Mesi2 Glut_3,0,0,0,0,0,0,300,0,0,0,0,0,0,0,0,0,0,0,1,0,0,0,0,0,0
0753 PAG Pou4f2 Mesi2 Glut_4,0,0,0,0,0,0,211,0,0,0,0,0,0,0,0,0,0,0,1,0,0,0,0,0,1
0754 PAG Pou4f2 Mesi2 Glut_5,0,0,0,0,0,0,124,0,0,0,0,0,0,0,0,0,0,0,0,0,0,0,0,0,0
0755 PAG Pou4f2 Mesi2 Glut_6,0,0,0,0,0,0,303,0,0,0,0,0,0,0,0,0,0,0,7,0,0,0,0,0,0
0756 SC Bnc2 Glut_1,0,0,0,1,0,0,275,0,0,0,0,0,1,0,0,0,0,0,0,0,0,0,0,0,1
0757 SC Bnc2 Glut_2,0,0,0,0,0,0,289,0,0,0,0,0,0,0,0,0,0,0,1,0,0,0,0,0,0
0758 SC Bnc2 Glut_3,0,0,0,10,0,6,879,0,0,0,0,0,0,0,0,0,4,0,0,0,0,0,0,0,17
0759 SC Bnc2 Glut_4,0,0,0,0,0,0,118,0,0,0,0,0,0,0,0,0,0,0,0,0,0,0,0,0,0
0760 SCig Foxb1 Glut_1,0,0,0,5,0,0,1328,0,0,0,0,0,0,0,0,0,5,0,2,0,1,0,0,0,2
0761 SCig Foxb1 Glut_2,0,0,0,5,0,0,1076,0,0,0,0,0,2,0,0,0,4,0,10,0,0,0,0,0,3
0762 SCig Foxb1 Glut_3,0,0,0,17,0,0,489,0,0,0,0,0,0,0,0,0,15,0,23,0,1,0,0,0,0
0763 SCig Foxb1 Glut_4,1,0,0,0,0,0,998,0,0,0,0,0,0,0,0,0,0,0,12,0,0,0,0,0,0
0764 SCig-an-PPT Foxb1 Glut_1,0,0,0,8,4,0,1924,0,0,0,0,0,11,0,0,0,7,0,21,0,3,0,0,0,0
0765 SCig Foxb1 Otx2 Glut_1,0,0,0,0,0,0,250,0,0,0,0,0,0,0,0,0,3,0,1,0,0,0,0,0,0
0766 SCdg-PAG Tfap2b Glut_1,0,0,0,0,0,0,899,0,0,0,0,0,0,0,0,0,0,0,17,0,0,0,0,0,0
0767 SCiw Pitx2 Glut_1,0,0,0,0,0,0,373,0,0,0,0,0,0,0,0,0,0,0,0,0,0,0,1,0,0
0768 SCiw Pitx2 Glut_2,0,0,0,0,0,0,660,0,0,0,0,0,0,0,0,0,0,0,2,0,0,0,0,0,0
0769 SCiw Pitx2 Glut_3,0,0,0,0,0,0,1001,0,0,0,0,0,0,0,0,0,0,0,0,0,1,0,0,0,0
0770 IC Tfap2d Maf Glut_1,0,509,0,0,2,0,13037,0,0,0,0,0,4,0,0,0,1,0,20,0,0,0,0,0,60
0771 IC Tfap2d Maf Glut_2,3,878,0,2,0,0,1679,0,0,0,0,0,0,0,0,0,9,0,87,0,0,0,0,0,62
0772 IC Tfap2d Maf Glut_3,5,807,0,0,0,0,10315,0,0,0,0,0,0,0,0,0,4,0,56,0,0,0,0,0,211
0773 IC Tfap2d Maf Glut_4,0,16,0,1,0,0,1273,0,0,1,0,0,0,0,0,0,0,0,40,0,0,0,0,0,8
0774 IC Tfap2d Maf Glut_5,0,30,0,0,0,0,517,0,0,0,0,0,1,0,0,0,0,0,8,0,0,0,0,0,25
0775 IC Tfap2d Maf Glut_6,0,68,0,0,0,0,1417,0,0,0,0,0,0,0,0,0,1,0,7,0,0,0,0,0,12
0776 CUN-PPN Evx2 Meis2 Glut_1,0,24,0,0,0,0,904,0,0,45,0,0,0,0,0,0,0,9,32,0,0,0,0,0,0
0777 CUN-PPN Evx2 Meis2 Glut_2,1,0,0,0,0,0,51,0,0,13,0,0,0,0,0,0,0,0,6,0,0,0,0,0,0
0778 CUN-PPN Evx2 Meis2 Glut_3,4,2,0,0,0,0,140,0,0,177,0,0,0,0,0,0,3,10,0,0,0,0,0,0,0
0779 CUN-PPN Evx2 Meis2 Glut_4,0,2,0,0,0,0,408,0,0,134,0,0,0,0,1,0,0,9,1,2,0,0,0,0,0
0780 CUN-PPN Evx2 Meis2 Glut_5,0,0,0,0,0,0,408,0,0,49,0,0,0,0,0,0,0,0,83,0,0,0,0,0,1
0781 PBG Mtnr1a Glut-Chol_1,0,0,0,0,0,0,238,0,0,6,0,0,0,0,0,0,3,0,46,0,0,0,0,0,0
0782 PAG Tcf24 Glut_1,0,0,0,0,14,0,31,0,0,0,0,0,9,0,0,0,0,0,0,0,0,0,2,0,0
0783 SCig Tfap2b Chrnb3 Glut_1,0,0,0,3,0,0,969,0,0,5,0,0,0,0,0,0,6,0,0,0,0,0,0,0,0
0784 SCop Pou4f2 Neurod2 Glut_1,0,0,0,1,0,0,373,0,0,0,0,0,0,0,0,0,2,0,1,0,0,0,0,0,1
0785 SCsg Pde5a Glut_1,0,0,0,21,0,80,563,0,0,0,0,0,0,0,0,0,11,0,0,0,0,0,0,0,105
0786 SCsg Pde5a Glut_2,0,0,0,26,0,52,786,0,0,0,0,0,0,0,0,0,5,0,2,0,0,0,0,0,99
0787 SCsg Pde5a Glut_3,0,0,0,49,0,95,1435,0,0,0,0,0,2,0,0,0,19,0,4,0,3,0,0,0,165
0788 SCop Sln Glut_1,0,0,0,8,0,0,1261,0,0,1,0,0,0,0,0,0,0,0,0,0,0,0,0,0,0
0789 PAG Ucn Glut_1,0,0,0,0,1,0,74,0,0,1,0,0,0,0,0,0,0,0,0,0,0,0,0,0,0
0790 ND-INC Foxd2 Glut_1,0,0,0,0,25,0,321,0,0,1,0,0,20,0,0,0,0,0,1,0,0,0,11,0,0
0791 PAG-MRN Rln3 Gaba_1,0,0,0,0,0,0,84,0,0,1,0,0,1,0,0,0,0,0,1,0,0,0,0,0,0
0792 PPN-CUN-PCG Otp En1 Gaba_1,0,0,0,0,0,0,67,0,0,77,0,0,0,0,1,0,0,2,1,4,0,0,0,0,0
0793 PPN-CUN-PCG Otp En1 Gaba_2,0,0,0,0,0,0,558,0,0,171,0,0,0,0,0,0,2,0,82,22,0,0,0,0,0
0794 PPN-CUN-PCG Otp En1 Gaba_3,0,14,0,0,0,0,222,0,0,153,0,0,0,0,0,0,3,13,30,0,0,0,0,0,0
0795 MRN-PPN-CUN Pax8 Gaba_1,1,0,0,0,0,0,257,0,0,39,0,0,0,0,0,0,0,23,10,7,0,0,0,0,0
0796 MRN-PPN-CUN Pax8 Gaba_2,1,3,0,0,0,0,58,0,0,13,0,0,0,0,1,0,0,3,1,2,0,0,0,0,0
0797 MRN-PPN-CUN Pax8 Gaba_3,0,0,0,0,0,0,29,0,0,7,0,0,0,0,0,0,0,0,1,0,0,0,0,0,0
0798 MRN-VTN-PPN Pax5 Cdh23 Gaba_1,6,0,0,0,0,0,404,0,0,5,0,0,0,0,0,0,0,34,0,3,0,0,0,0,0
0799 MRN-VTN-PPN Pax5 Cdh23 Gaba_2,0,3,0,0,0,0,363,0,0,88,0,0,0,0,0,0,0,11,13,18,0,0,2,0,0
0800 SNr-VTA Pax5 Npas1 Gaba_1,0,2,0,1,38,0,1085,1,2,108,15,7,0,0,0,0,21,45,40,11,0,78,6,0,1
0801 SNr-VTA Pax5 Npas1 Gaba_2,0,0,0,0,0,0,251,0,0,0,1,0,0,0,0,0,1,0,4,0,0,15,1,0,0
0802 PAG-PPN Pax5 Sox21 Gaba_1,0,1,0,0,0,0,260,0,0,2,0,0,0,0,0,0,0,0,0,1,0,0,0,0,0
0803 PAG-PPN Pax5 Sox21 Gaba_2,7,1,0,0,0,0,171,0,0,0,0,0,0,0,0,0,0,0,0,0,0,0,0,0,0
0804 PAG-PPN Pax5 Sox21 Gaba_3,1,0,0,0,0,0,319,0,0,5,0,0,0,0,0,0,0,0,8,1,0,3,3,0,0
0805 PAG-PPN Pax5 Sox21 Gaba_4,3,0,0,0,0,0,349,0,0,7,0,0,0,0,0,0,0,11,6,5,0,0,1,0,0
0806 SNr Six3 Gaba_1,0,50,0,34,326,3,1845,106,13,140,317,21,43,0,0,0,13,22,28,5,22,199,13,0,3
0807 IC Six3 En2 Gaba_1,0,380,0,2,5,0,4342,0,0,9,0,0,8,0,0,0,7,0,124,0,4,0,0,0,56
0808 IC Six3 En2 Gaba_2,0,19,0,0,0,0,480,0,0,6,0,0,0,0,0,0,4,0,16,0,0,0,0,0,1
0809 IC Six3 En2 Gaba_3,0,13,0,1,0,0,947,0,0,2,0,0,1,0,0,0,5,0,38,0,0,0,0,0,4
0810 IC Six3 En2 Gaba_4,0,161,0,0,0,0,660,0,0,11,0,0,0,0,0,0,5,0,84,0,0,0,0,0,6
0811 IC Six3 En2 Gaba_5,0,2,0,0,0,0,602,0,0,0,0,0,0,0,0,0,3,0,11,0,0,0,0,0,0
0812 IC Six3 En2 Gaba_6,0,22,0,0,0,0,355,0,0,4,0,0,0,0,0,0,0,0,11,0,0,0,0,0,0
0813 IC Six3 En2 Gaba_7,0,1,0,0,0,0,157,0,0,0,0,0,1,0,0,0,1,0,10,0,0,0,0,0,0
0814 PAG-MRN-RN Foxa2 Gaba_1,0,0,0,0,25,0,329,0,0,3,0,0,0,0,0,0,0,4,14,13,0,0,5,0,0
0815 PAG-MRN-RN Foxa2 Gaba_2,0,0,0,0,1,0,249,0,0,1,0,0,0,0,0,0,0,0,1,0,0,0,0,0,0
0816 PAG-MRN-RN Foxa2 Gaba_3,0,0,0,0,0,0,167,0,0,2,0,0,0,0,0,0,0,1,2,9,0,0,0,0,0
0817 PAG-MRN-RN Foxa2 Gaba_4,0,0,0,0,0,0,317,0,0,0,0,0,0,0,0,0,0,0,5,5,0,0,0,0,0
0818 PAG-ND-PCG Onecut1 Gaba_1,0,8,0,0,0,0,369,30,0,14,0,0,1,0,0,0,0,4,0,1,0,0,1,0,0
0819 PAG-ND-PCG Onecut1 Gaba_2,1,0,0,0,0,0,31,0,0,179,0,0,0,0,0,0,0,0,1,0,0,0,0,0,0
0820 PAG-ND-PCG Onecut1 Gaba_3,0,3,0,0,1,0,46,8,0,386,0,0,0,0,0,0,0,0,2,1,0,0,0,0,0
0821 PAG-ND-PCG Onecut1 Gaba_4,0,0,0,0,1,0,18,0,0,64,0,0,0,0,0,0,15,0,1,0,0,1,0,0,0
0822 PAG-ND-PCG Onecut1 Gaba_5,0,0,0,0,0,0,2,6,0,141,0,0,0,0,0,0,0,0,12,2,0,0,0,0,0
0823 PAG-RN Nkx2-2 Otx1 Gaba_1,0,0,0,0,3,0,743,1,0,21,0,0,0,0,0,0,1,1,13,5,0,0,6,0,0
0824 PAG-RN Nkx2-2 Otx1 Gaba_2,0,0,0,0,1,0,383,0,0,0,0,0,0,0,0,0,0,0,0,0,0,0,0,0,0
0825 PAG-RN Nkx2-2 Otx1 Gaba_3,3,5,0,0,0,0,477,0,0,4,0,0,0,0,0,0,0,2,1,1,0,0,0,0,1
0826 PAG-RN Nkx2-2 Otx1 Gaba_4,0,0,0,0,0,0,98,0,0,0,0,0,0,0,0,0,2,0,0,0,0,0,0,0,0
0827 PAG-RN Nkx2-2 Otx1 Gaba_5,0,0,0,0,0,0,108,0,0,0,0,0,0,0,0,0,0,0,0,0,0,0,0,0,0
0828 PAG-RN Nkx2-2 Otx1 Gaba_6,0,0,0,0,0,0,131,0,0,0,0,0,0,0,0,0,0,0,0,0,0,0,0,0,0
0829 PRT Tcf7l2 Gaba_1,0,0,0,0,48,0,651,0,0,4,0,0,9,0,0,0,0,0,11,0,0,1,1,0,0
0830 PRT Tcf7l2 Gaba_2,0,0,0,0,0,0,245,0,0,2,0,0,6,0,0,0,3,0,5,0,0,0,0,0,0
0831 PRT Tcf7l2 Gaba_3,0,0,0,12,12,0,1576,0,0,3,0,0,77,9,0,0,31,0,12,0,0,0,4,0,0
0832 PRT Tcf7l2 Gaba_4,0,0,0,1,1,0,516,0,0,0,0,0,0,14,0,0,17,0,2,0,0,0,0,0,0
0833 PRT Tcf7l2 Gaba_5,0,0,0,0,0,0,97,0,0,0,0,0,1,0,0,0,0,0,0,0,0,0,0,0,0
0834 LGv-SPFp-SPFm Nkx2-2 Tcf7l2 Gaba_1,0,0,0,1,118,0,331,0,0,0,0,0,142,0,0,0,9,0,4,0,9,10,3,0,0
0835 LGv-SPFp-SPFm Nkx2-2 Tcf7l2 Gaba_2,0,0,0,4,166,0,56,0,0,0,0,0,131,0,0,0,7,0,23,0,106,14,28,0,0
0836 LGv-SPFp-SPFm Nkx2-2 Tcf7l2 Gaba_3,0,0,0,0,31,0,11,0,0,0,1,0,35,0,0,0,4,0,0,0,8,11,1,0,0
0837 LGv-SPFp-SPFm Nkx2-2 Tcf7l2 Gaba_4,0,0,0,5,14,0,4,0,0,0,0,0,86,0,0,0,2,0,0,0,41,16,3,0,0
0838 LGv-SPFp-SPFm Nkx2-2 Tcf7l2 Gaba_5,0,0,0,18,18,0,32,0,0,0,0,0,104,0,0,0,27,0,0,0,16,19,2,0,0
0839 LGv-SPFp-SPFm Nkx2-2 Tcf7l2 Gaba_6,0,0,0,0,136,0,49,0,0,0,0,0,173,0,0,0,1,0,3,0,0,0,6,0,0
0840 LGv-SPFp-SPFm Nkx2-2 Tcf7l2 Gaba_7,0,0,0,2,1,0,2,0,0,0,0,0,101,0,0,0,1,0,0,0,7,1,1,0,0
0841 SC Otx2 Gcnt4 Gaba_1,0,0,0,1,0,0,98,0,0,0,0,0,0,0,0,0,6,0,3,0,0,0,0,0,0
0842 SC Otx2 Gcnt4 Gaba_2,0,0,0,4,0,10,239,0,0,0,0,0,0,0,0,0,2,0,0,0,0,0,0,0,15
0843 SC-PAG Lef1 Emx2 Gaba_1,0,0,0,2,0,2,842,0,0,0,0,0,0,0,0,0,4,0,0,0,0,0,0,0,12
0844 SC-PAG Lef1 Emx2 Gaba_2,0,0,0,0,0,0,1594,0,0,1,0,0,0,0,0,0,0,0,12,0,0,0,0,0,0
0845 SC-PAG Lef1 Emx2 Gaba_3,0,0,0,2,0,0,216,0,0,0,0,0,0,0,0,0,0,0,3,0,0,0,0,0,0
0846 SC-PAG Lef1 Emx2 Gaba_4,0,0,0,0,0,0,1042,0,0,0,0,0,0,0,0,0,0,0,13,0,0,0,0,0,0
0847 SC-PAG Lef1 Emx2 Gaba_5,0,0,0,0,0,0,673,0,0,0,0,0,0,0,0,0,0,0,3,0,0,0,0,0,0
0848 SCm-PAG Cdh23 Gaba_1,0,0,0,0,0,0,665,0,0,0,0,0,0,0,0,0,0,0,23,0,0,0,0,0,0
0849 SCm-PAG Cdh23 Gaba_2,0,0,0,0,1,0,830,0,0,9,0,0,1,0,0,0,0,0,14,0,0,0,0,0,0
0850 SCm-PAG Cdh23 Gaba_3,0,1,0,0,0,0,316,0,0,0,0,0,0,0,0,0,1,0,10,0,0,0,0,0,1
0851 SCm-PAG Cdh23 Gaba_4,0,0,0,0,0,0,100,0,0,2,0,0,0,0,0,0,0,0,2,0,0,0,0,0,0
0852 SCs Dmbx1 Gaba_1,0,0,0,30,0,65,1866,0,0,1,0,0,0,0,0,0,9,0,1,0,0,0,0,0,125
0853 SCs Dmbx1 Gaba_2,0,1,0,3,0,10,859,0,0,0,0,0,0,0,0,0,2,0,0,0,0,0,0,0,49
0854 SCs Dmbx1 Gaba_3,0,0,0,1,0,0,251,0,0,0,0,0,0,0,0,0,3,0,2,0,0,0,0,0,0
0855 SCs Dmbx1 Gaba_4,0,3,0,1,2,0,895,0,0,14,0,0,0,0,0,0,10,0,11,0,0,0,0,0,0
0856 SCs Dmbx1 Gaba_5,0,0,0,1,7,2,619,0,0,4,0,0,0,0,0,0,6,0,4,0,0,0,0,0,2
0857 SC Lef1 Otx2 Gaba_1,0,0,0,27,0,68,1451,0,0,0,0,0,0,0,0,0,9,0,5,0,0,0,0,0,112
0858 SC Lef1 Otx2 Gaba_2,0,0,0,1,0,1,193,0,0,0,0,0,0,0,0,0,1,0,0,0,0,0,0,0,2
0859 SCs Pax7 Nfia Gaba_1,1,0,0,2,0,0,425,0,0,0,0,0,0,0,0,0,2,0,2,0,0,0,0,0,0
0860 SCs Pax7 Nfia Gaba_2,0,0,0,26,0,5,1261,0,0,0,0,0,0,0,0,0,4,0,1,0,0,0,0,0,7
0861 SCs Pax7 Nfia Gaba_3,0,0,0,9,0,1,968,0,0,0,0,0,0,0,0,0,1,0,2,0,0,0,0,0,14
0862 SCs Pax7 Nfia Gaba_4,0,0,0,1,0,0,377,0,0,0,0,0,0,0,0,0,0,0,3,0,0,0,0,0,0
0863 SCs Pax7 Nfia Gaba_5,1,0,0,2,0,0,205,0,0,0,0,0,1,0,0,0,0,0,1,0,1,0,0,0,1
0864 PRT Mecom Gaba_1,0,0,0,2,0,0,183,0,0,0,0,0,1,5,0,0,15,0,16,0,1,0,1,0,0
0865 PRT Mecom Gaba_2,0,0,0,0,0,0,146,0,0,0,0,0,0,0,0,0,6,0,0,0,0,0,0,0,0
0866 PRT Mecom Gaba_3,0,0,0,0,0,0,228,0,0,0,0,0,0,6,0,0,9,0,3,0,0,0,0,0,0
0867 SC Tnnt1 Gli3 Gaba_1,0,0,0,0,0,0,604,0,0,0,0,0,0,0,0,0,0,0,0,0,0,0,0,0,1
0868 SC Tnnt1 Gli3 Gaba_2,0,0,0,16,0,18,626,0,0,0,0,0,0,0,0,0,2,0,3,0,0,0,0,0,34
0869 SCs Lef1 Gli3 Gaba_1,0,0,0,1,0,0,656,0,0,0,0,0,0,0,0,0,2,0,5,0,0,0,0,0,0
0870 SCs Lef1 Gli3 Gaba_2,0,0,0,6,0,3,648,0,0,0,0,0,0,0,0,0,2,0,0,0,0,0,0,0,4
0871 SCs Lef1 Gli3 Gaba_3,0,0,0,2,0,0,593,0,0,1,0,0,0,0,0,0,1,0,3,0,0,0,0,0,1
0872 SCsg Gabrr2 Gaba_1,0,1,0,34,10,34,478,0,0,4,1,0,224,0,0,0,50,0,15,1,19,13,2,0,39
0873 SCsg Gabrr2 Gaba_2,0,2,0,39,0,91,1049,0,0,0,0,0,2,0,0,0,22,0,0,0,0,0,0,0,169
0874 SCsg Gabrr2 Gaba_3,0,0,0,12,0,65,615,0,0,0,0,0,0,0,0,0,10,0,0,0,0,0,0,0,98
0875 SCsg Gabrr2 Gaba_4,0,8,0,21,0,24,558,0,0,0,0,0,0,0,0,0,5,0,1,0,0,0,0,0,77
0876 SCsg Gabrr2 Gaba_5,0,0,0,5,0,8,218,0,0,0,0,0,0,0,0,0,1,0,1,0,0,0,0,0,18
0877 IPN Otp Crisp1 Gaba_1,0,0,0,0,0,0,110,0,0,4,0,0,0,0,0,0,0,0,0,0,0,0,0,0,0
0878 IPN Otp Crisp1 Gaba_2,0,0,0,0,18,0,281,0,0,48,0,0,0,0,0,0,5,0,0,0,0,0,1,0,0
0879 IPN Otp Crisp1 Gaba_3,0,0,0,0,0,0,49,0,0,49,0,0,0,0,0,0,6,0,0,0,0,0,0,0,0
0880 SNc-VTA-RAmb Foxa1 Dopa_1,0,0,0,0,54,0,491,0,0,0,0,0,4,3,0,0,0,0,1,33,0,0,7,0,0
0881 SNc-VTA-RAmb Foxa1 Dopa_2,0,0,0,0,20,0,576,0,0,1,0,0,0,0,0,0,0,4,31,28,0,0,17,0,0
0882 SNc-VTA-RAmb Foxa1 Dopa_3,0,0,0,0,104,0,1401,0,0,17,0,0,1,0,0,0,0,1,46,19,0,26,23,0,0
0883 SNc-VTA-RAmb Foxa1 Dopa_4,4,0,0,0,6,0,339,0,0,0,0,0,0,0,0,0,0,0,2,3,0,0,2,0,0
0884 SNc-VTA-RAmb Foxa1 Dopa_5,0,0,0,0,3,0,212,0,0,0,0,0,3,0,0,0,0,3,3,9,0,0,3,0,0
0885 SNc-VTA-RAmb Foxa1 Dopa_6,0,0,0,0,15,0,269,0,0,0,0,0,1,0,0,0,0,0,5,3,0,0,4,0,0
0886 SNc-VTA-RAmb Foxa1 Dopa_7,1,0,0,0,3,0,188,0,0,1,0,0,0,0,0,0,0,2,5,5,0,0,1,0,0
0887 SNc-VTA-RAmb Foxa1 Dopa_8,0,0,0,0,11,0,49,0,0,1,0,0,0,0,0,0,0,0,3,4,0,0,4,0,0
0888 MB-MY Tph2 Glut-Sero_1,19,0,0,0,0,0,745,0,0,302,0,0,0,0,2,0,0,18,26,1,0,0,0,0,0
0889 MB-MY Tph2 Glut-Sero_2,13,0,0,0,0,0,97,2,0,177,0,0,0,0,0,0,0,2,1,0,0,0,0,0,0
0890 MB-MY Tph2 Glut-Sero_3,10,0,0,0,0,0,183,1,0,19,0,0,0,0,0,0,0,14,3,0,0,0,0,0,0
0891 MB-MY Tph2 Glut-Sero_4,0,0,0,0,0,0,170,288,0,354,0,0,0,0,0,0,2,28,93,22,0,16,2,0,3
0892 MB-MY Tph2 Glut-Sero_5,0,0,0,0,0,0,0,149,0,52,0,0,0,0,0,0,0,4,12,2,0,6,0,0,9
0893 MB-MY Tph2 Glut-Sero_6,4,0,0,0,0,0,14,0,0,56,0,0,0,0,0,0,0,0,1,0,0,0,0,0,0
0894 MB-MY Tph2 Glut-Sero_7,0,0,0,0,0,0,7,0,0,72,0,0,0,0,0,0,0,0,0,0,0,0,0,0,0
0895 PB Lmx1a Glut_1,0,29,0,0,0,0,4,15,0,529,0,0,0,0,1,0,1,114,0,0,0,0,0,0,0
0896 PB Lmx1a Glut_2,0,10,0,0,0,0,0,0,0,29,0,0,0,0,0,0,0,6,0,0,0,0,0,0,0
0897 PB Lmx1a Glut_3,0,74,0,0,0,0,5,1,0,216,0,0,0,0,1,0,1,38,1,0,0,0,0,0,0
0898 PB Lmx1a Glut_4,0,111,0,0,0,0,0,0,0,283,0,0,0,0,0,0,1,44,0,0,0,0,0,0,0
0899 PB Lmx1a Glut_5,0,55,0,0,0,0,7,4,0,200,0,0,0,0,0,0,0,68,0,0,0,0,0,0,0
0900 PB Lmx1a Glut_6,0,7,0,0,0,0,0,0,0,125,0,0,0,0,0,0,0,30,0,0,0,0,0,0,0
0901 PB Lmx1a Glut_7,0,2,0,0,0,0,0,0,0,71,0,0,0,0,0,0,0,4,0,0,0,0,0,0,0
0902 PSV Lmx1a Trpv6 Glut_1,0,3,0,0,0,0,1,27,0,142,0,0,0,0,0,0,0,4,0,0,0,0,0,0,0
0903 PB-SUT Tlx3 Lhx2 Glut_1,0,0,0,0,0,0,0,0,0,120,0,0,0,0,0,0,0,5,0,0,0,0,0,0,0
0904 PB Pax5 Glut_1,1,28,0,0,0,0,64,0,0,282,0,0,1,0,0,0,5,16,3,0,0,0,0,0,0
0905 PB Pax5 Glut_2,0,10,0,0,0,0,8,1,0,95,0,0,0,0,0,0,0,10,0,0,0,0,0,0,0
0906 LDT-PCG Vsx2 Lhx4 Glut_1,0,0,0,0,0,0,244,0,0,121,0,0,0,0,0,0,1,6,0,0,0,0,0,0,0
0907 LDT-PCG Vsx2 Lhx4 Glut_2,0,0,0,0,0,0,10,5,0,160,0,1,0,0,0,0,0,0,0,0,0,0,0,0,0
0908 LDT-PCG Vsx2 Lhx4 Glut_3,0,0,0,0,0,0,0,0,0,112,0,0,0,0,1,0,0,0,0,0,0,0,0,0,0
0909 LDT-PCG Vsx2 Lhx4 Glut_4,0,0,0,0,0,0,111,0,0,4,0,0,0,0,0,0,0,0,0,0,0,0,0,0,0
0910 LDT-PCG Vsx2 Lhx4 Glut_5,0,0,0,0,1,0,1,76,0,294,0,0,0,0,1,0,0,0,3,19,0,0,0,0,0
0911 LDT-PCG Vsx2 Lhx4 Glut_6,3,0,0,0,0,0,35,0,0,81,0,0,0,0,0,0,0,0,0,0,0,0,0,0,0
0912 LDT-PCG Vsx2 Lhx4 Glut_7,1,0,0,0,0,0,56,1,0,140,0,0,0,0,0,0,1,1,1,0,0,0,0,0,0
0913 LDT-PCG Vsx2 Lhx4 Glut_8,0,0,0,0,0,0,223,0,0,58,0,0,0,0,0,0,0,12,0,4,0,0,0,0,0
0914 PB Evx2 Glut_1,0,45,0,0,4,0,68,9,0,299,2,0,0,0,0,0,0,12,15,0,0,0,0,0,1
0915 PB Evx2 Glut_2,0,128,0,0,1,0,126,0,0,281,0,0,0,0,0,0,0,8,16,0,0,0,0,0,0
0916 PB Evx2 Glut_3,0,129,0,0,2,0,198,2,0,354,0,0,2,0,0,0,1,35,4,0,0,0,2,0,0
0917 PB Evx2 Glut_4,0,96,0,0,0,0,11,0,0,280,0,0,0,0,2,0,1,37,1,0,0,0,0,0,0
0918 PB Evx2 Glut_5,0,8,0,0,3,0,2,0,0,185,0,0,0,0,0,0,0,15,0,0,0,0,0,0,0
0919 PB Evx2 Glut_6,0,9,0,0,0,0,9,0,0,148,0,0,0,0,0,0,0,50,0,0,0,0,0,0,0
0920 PB Evx2 Glut_7,0,13,0,0,0,0,6,0,0,104,0,0,0,0,0,0,1,3,2,0,0,0,0,0,0
0921 PB Evx2 Glut_8,0,4,0,0,0,0,169,1,0,329,0,0,0,0,0,0,3,86,1,7,0,0,0,0,0
0922 PB Evx2 Glut_9,0,58,0,0,0,0,181,0,0,532,0,0,0,0,0,0,37,24,84,18,0,0,0,0,6
0923 B-PB Nr4a2 Glut_1,0,3,0,0,0,0,4,5,0,242,0,0,0,0,0,0,1,3,4,1,0,0,0,0,0
0924 B-PB Nr4a2 Glut_2,0,12,0,0,0,0,0,0,0,21,0,0,0,0,0,0,1,2,2,0,0,0,0,0,1
0925 PCG-PRNr Vsx2 Nkx6-1 Glut_1,0,0,0,0,0,0,1,1,0,262,0,0,0,0,0,0,0,0,0,10,0,0,0,0,0
0926 PCG-PRNr Vsx2 Nkx6-1 Glut_2,0,0,0,0,0,0,117,0,0,438,0,0,0,0,0,0,0,1,0,7,0,0,0,0,0
0927 PCG-PRNr Vsx2 Nkx6-1 Glut_3,0,0,0,0,0,0,19,0,0,97,0,0,0,0,1,0,0,1,0,0,0,0,0,0,0
0928 PCG-PRNr Vsx2 Nkx6-1 Glut_4,0,0,0,0,0,0,0,0,0,79,0,0,0,0,0,0,0,0,0,0,0,0,0,0,0
0929 PCG-PRNr Vsx2 Nkx6-1 Glut_5,0,0,0,0,0,0,4,180,0,89,0,0,0,0,13,0,0,2,2,1,0,1,0,0,0
0930 PCG-PRNr Vsx2 Nkx6-1 Glut_6,0,0,0,0,0,0,93,0,0,19,0,0,0,0,0,0,0,2,0,1,0,0,1,0,0
0931 PRNc-NI-SG-RPO Vsx2 Nr4a2 Glut_1,0,0,0,0,0,0,0,7,0,123,0,0,0,0,0,0,0,0,3,1,0,0,0,0,0
0932 PRNc-NI-SG-RPO Vsx2 Nr4a2 Glut_2,0,0,0,0,0,0,1,12,0,137,0,0,0,0,0,0,0,0,8,0,0,0,0,0,0
0933 PRNc-NI-SG-RPO Vsx2 Nr4a2 Glut_3,0,0,0,0,0,0,0,0,0,168,0,0,0,0,0,0,0,0,4,2,0,0,0,0,0
0934 PRNc-NI-SG-RPO Vsx2 Nr4a2 Glut_4,0,0,0,0,0,0,0,25,0,27,0,0,0,0,0,0,0,0,4,0,0,0,0,0,0
0935 PRNc-PARN Tlx1 Glut_1,0,0,0,0,0,0,0,60,0,146,0,0,0,0,0,0,0,1,4,0,0,0,0,0,0
0936 PRNc-PARN Tlx1 Glut_2,0,0,0,0,0,0,0,41,0,47,0,0,0,0,0,0,0,0,2,0,0,0,0,0,0
0937 PRNc-PARN Tlx1 Glut_3,0,0,0,0,0,0,0,41,0,3,0,0,0,0,0,0,0,0,1,1,0,0,0,0,0
0938 PB-PSV Phox2b Glut_1,0,0,0,0,0,0,0,6,0,90,0,0,0,0,0,0,0,24,2,1,0,0,0,0,0
0939 PSV Pvalb Lhx2 Glut_1,0,43,0,0,1,0,14,326,0,2634,0,0,0,0,0,0,0,126,285,6,0,0,0,0,0
0940 PSV Pvalb Lhx2 Glut_2,0,1,0,0,0,0,0,25,0,132,0,0,0,0,0,0,0,4,8,0,0,0,0,0,0
0941 PSV Pvalb Lhx2 Glut_3,0,3,0,0,0,0,0,61,0,222,0,0,0,0,0,0,0,7,30,0,0,0,0,0,0
0942 PSV Pvalb Lhx2 Glut_4,0,0,0,0,1,0,5,28,0,88,0,0,1,0,0,0,0,1,7,0,0,0,0,0,0
0943 PB-NTS Phox2b Ebf3 Lmx1b Glut_1,0,1,0,0,0,0,1,6,0,503,0,0,0,0,0,0,1,22,0,0,0,0,0,0,0
0944 PB-NTS Phox2b Ebf3 Lmx1b Glut_2,0,0,0,0,0,0,0,193,0,33,0,0,0,0,0,0,3,4,5,0,0,0,0,0,0
0945 PRNr Otp Nfib Glut_1,0,0,0,0,0,0,1,34,0,243,0,0,0,0,0,0,0,0,3,0,0,0,0,0,0
0946 IPN-LDT Vsx2 Nkx6-1 Glut_1,0,0,0,0,14,0,206,0,0,0,0,0,0,0,0,0,0,0,1,1,0,0,11,0,0
0947 IPN-LDT Vsx2 Nkx6-1 Glut_2,0,0,0,0,0,0,141,0,0,9,0,0,0,0,0,0,0,0,0,0,0,0,0,0,0
0948 LDT Vsx2 Nkx6-1 Nfib Glut_1,1,0,0,0,0,0,171,0,0,1,0,0,0,0,0,0,0,0,1,0,0,0,0,0,0
0949 LDT Vsx2 Nkx6-1 Nfib Glut_2,0,0,0,0,0,0,59,0,0,1,0,0,0,0,0,0,0,0,3,0,0,0,0,0,0
0950 NLL-SOC Spp1 Glut_1,0,0,0,0,0,0,0,69,0,509,0,0,0,0,0,0,0,3,20,9,0,0,0,0,0
0951 NLL-SOC Spp1 Glut_2,0,90,0,0,3,0,30,70,0,383,2,0,0,0,2,0,20,58,66,0,0,0,0,0,8
0952 MEV Ppp1r1c Glut_1,0,13,0,0,0,0,48,11,0,66,0,0,0,0,1,1,0,11,0,0,0,0,0,0,0
0953 PG-TRN-LRN Fat2 Glut_1,0,155,0,0,0,0,0,1703,0,8811,0,0,0,0,58,133,291,398,364,18,0,119,0,0,1629
0954 IRN Vip Glut_1,0,0,0,0,0,0,0,94,0,0,0,0,0,0,0,0,0,0,0,0,0,0,0,0,0
0955 PRP-NI-PRNc-GRN Otp Glut_1,0,0,0,0,0,0,0,60,0,0,0,0,0,0,3,4,0,0,1,0,0,0,0,0,0
0956 PRP-NI-PRNc-GRN Otp Glut_2,0,0,0,0,0,0,1,183,0,99,0,0,0,0,2,0,0,0,9,3,0,1,0,0,5
0957 PRP-NI-PRNc-GRN Otp Glut_3,0,0,0,0,0,0,0,10,0,378,0,0,0,0,0,0,0,1,3,1,0,0,0,0,0
0958 PRP-NI-PRNc-GRN Otp Glut_4,0,0,0,0,0,0,0,0,0,155,0,0,0,0,0,0,0,0,1,0,0,0,0,0,0
0959 NTS Phox2b Glut_1,0,0,0,0,0,0,0,525,0,6,0,0,0,0,1,0,1,0,0,1,0,0,0,0,0
0960 NTS Phox2b Glut_2,0,1,0,0,0,0,0,160,0,0,0,0,0,0,0,0,0,1,0,0,0,0,0,0,0
0961 NTS Phox2b Glut_3,0,0,0,0,0,0,0,112,0,0,0,0,0,0,0,0,1,0,1,0,0,0,0,0,0
0962 NTS Phox2b Glut_4,0,25,0,0,0,0,0,137,0,0,0,0,0,0,0,0,20,0,0,0,0,0,0,0,0
0963 NTS Phox2b Glut_5,0,4,0,0,0,0,1,252,0,1,0,0,0,0,0,0,9,0,0,0,0,0,0,0,0
0964 NTS Phox2b Glut_6,0,2,0,0,0,0,0,186,0,0,0,0,0,0,0,0,4,0,0,0,0,0,0,0,0
0965 NTS Phox2b Glut_7,0,0,0,0,0,0,0,208,0,1,0,0,0,0,0,0,0,0,0,0,0,0,0,0,0
0966 NTS Phox2b Glut_8,0,1,0,0,0,0,0,57,0,0,0,0,0,0,0,0,3,0,0,0,0,0,0,0,0
0967 NTS Phox2b Glut_9,0,0,0,0,0,0,0,204,0,9,0,0,0,0,0,0,0,3,4,0,0,0,0,0,0
0968 NTS Phox2b Glut_10,0,0,0,0,0,0,0,255,0,9,0,0,0,0,0,0,0,0,1,0,0,0,0,0,0
0969 MARN-GRN Pyy Glut_1,0,0,0,0,0,0,0,59,0,1,0,0,0,0,0,0,0,0,0,2,0,0,0,0,0
0970 MDRNv Lhx4 Qrfprl Glut_1,0,0,0,0,0,0,0,11,0,1,0,0,0,0,0,0,0,0,0,0,0,0,0,0,0
0971 NTS Mbnl3 Glut_1,0,0,0,0,0,0,0,40,0,0,0,0,0,0,0,0,0,0,0,0,0,0,0,0,0
0972 PGRNd Dmbx1 Glut_1,0,0,0,0,0,0,0,92,0,1,0,0,0,0,16,0,0,0,6,0,0,0,0,0,0
0973 PGRN-PARN-MDRN Hoxb5 Glut_1,0,0,0,0,0,0,0,379,0,1,0,0,0,0,0,1,0,0,2,0,0,0,0,0,0
0974 PGRN-PARN-MDRN Hoxb5 Glut_2,0,1,0,0,0,0,53,556,0,55,0,0,2,0,14,1,0,1,9,10,0,1,0,0,0
0975 PGRN-PARN-MDRN Hoxb5 Glut_3,0,0,0,0,0,0,4,176,0,67,0,0,0,0,0,0,0,0,2,0,0,0,0,0,0
0976 PGRN-PARN-MDRN Hoxb5 Glut_4,0,0,0,0,0,0,0,253,0,2,0,0,0,0,0,0,0,0,1,2,0,0,0,0,0
0977 PGRN-PARN-MDRN Hoxb5 Glut_5,0,1,0,0,0,0,8,402,0,18,0,0,0,0,2,0,0,5,12,0,0,0,0,0,1
0978 PGRN-PARN-MDRN Hoxb5 Glut_6,0,2,0,0,0,0,2,278,0,115,0,0,0,0,0,0,0,5,7,1,0,0,0,0,0
0979 PGRN-PARN-MDRN Hoxb5 Glut_7,0,13,0,0,168,0,1986,2409,0,2199,34,2,17,0,6,7,3,29,90,42,1,7,4,0,1
0980 MV-SPIV Slc6a2 Glut_1,0,21,0,0,0,0,0,208,0,1,0,0,0,0,15,10,2,1,1,5,0,1,0,0,0
0981 SPVI-SPVC Tlx3 Ebf3 Glut_1,0,45,0,0,0,0,0,42,0,0,0,0,0,0,0,0,1,0,1,0,0,0,0,0,5
0982 SPVI-SPVC Tlx3 Ebf3 Glut_2,0,9,0,0,0,0,4,333,0,11,0,0,0,0,1,0,0,0,6,0,0,0,0,0,5
0983 SPVI-SPVC Tlx3 Ebf3 Glut_3,0,4,0,0,0,0,0,17,0,0,0,0,0,0,0,0,0,0,0,0,0,0,0,0,12
0984 SPVI-SPVC Tlx3 Ebf3 Glut_4,0,13,0,0,0,0,0,381,0,1,0,0,0,0,2,0,2,3,26,0,0,0,0,0,38
0985 SPVI-SPVC Tlx3 Ebf3 Glut_5,0,0,0,0,0,0,0,75,0,0,0,0,0,0,0,0,0,0,1,1,0,0,0,0,0
0986 SPVI-SPVC Tlx3 Ebf3 Glut_6,0,0,0,0,0,0,0,1,0,0,0,0,0,0,0,0,0,0,0,0,0,0,0,0,1
0987 SPVI-SPVC Tlx3 Ebf3 Glut_7,0,53,0,0,0,0,0,69,0,0,0,0,0,0,0,0,7,0,5,0,0,0,0,0,14
0988 CU-ECU-SPVI Foxb1 Glut_1,0,13,0,0,7,0,46,577,0,85,0,0,0,0,10,5,14,17,53,3,0,0,0,0,7
0989 CU-ECU-SPVI Foxb1 Glut_2,0,31,0,0,0,0,14,502,0,15,0,0,0,0,10,8,8,6,67,0,0,0,0,0,53
0990 CU-ECU-SPVI Foxb1 Glut_3,0,1,0,0,0,0,5,42,0,4,0,0,0,0,0,0,0,0,0,0,0,1,0,0,0
0991 CU-ECU-SPVI Foxb1 Glut_4,0,1,0,0,0,0,0,8,0,0,0,0,0,0,0,0,0,0,0,0,0,0,0,0,0
0992 MV-SPIV Phox2b Ebf3 Lbx1 Glut_1,0,1,0,0,0,0,0,374,0,36,0,0,0,0,7,5,0,2,6,0,0,0,0,0,0
0993 MV-SPIV Phox2b Ebf3 Lbx1 Glut_2,0,1,0,0,0,0,0,34,0,51,0,0,0,0,0,0,0,0,2,0,0,0,0,0,0
0994 MV-SPIV Phox2b Ebf3 Lbx1 Glut_3,0,0,0,0,0,0,0,21,0,0,0,0,0,0,3,1,0,1,0,0,0,0,0,0,0
0995 MV-SPIV Phox2b Ebf3 Lbx1 Glut_4,0,0,0,0,0,0,0,31,0,3,0,0,0,0,0,0,0,0,1,0,0,0,0,0,0
0996 MV-SPIV Phox2b Ebf3 Lbx1 Glut_5,0,1,0,0,0,0,0,21,0,0,0,0,0,0,4,3,0,0,0,0,0,0,0,0,0
0997 MV-SPIV Zic4 Neurod2 Glut_1,0,3,0,0,0,0,0,300,0,0,0,0,0,0,32,13,1,2,2,0,0,0,0,0,3
0998 MV-SPIV Zic4 Neurod2 Glut_2,0,5,0,0,0,0,0,85,0,0,0,0,0,0,18,8,0,0,0,0,0,0,0,0,0
0999 MV-SPIV Zic4 Neurod2 Glut_3,0,22,0,0,0,0,0,357,0,1,0,0,0,0,96,43,0,21,9,0,0,0,0,0,0
1000 MV-SPIV Zic4 Neurod2 Glut_4,0,0,0,0,0,0,0,119,0,0,0,0,0,0,10,9,0,0,0,0,0,0,0,0,0
1001 MV-SPIV Zic4 Neurod2 Glut_5,0,2,0,0,0,0,1,51,0,0,0,0,0,0,5,1,0,11,0,0,0,0,0,0,0
1002 NTS Aldh1a2 Glut_1,0,0,0,0,0,0,0,2,0,0,0,0,0,0,0,0,0,0,0,0,0,0,0,0,0
1003 CBN Neurod2 Pvalb Glut_1,0,794,0,0,6,0,71,219,0,32,0,0,0,0,26,3,0,560,2,1,0,0,0,0,0
1004 NTS Dbh Glut_1,0,29,0,0,0,0,0,17,0,0,0,0,0,0,0,0,3,0,0,0,0,0,0,0,0
1005 NTS Dbh Glut_2,0,16,0,0,0,0,0,229,0,5,0,0,0,0,0,2,5,3,2,12,0,0,0,0,0
1006 NTS Dbh Glut_3,0,16,0,0,0,0,0,29,0,0,0,0,0,0,0,0,13,0,1,0,0,0,0,0,0
1007 NTS Dbh Glut_4,0,3,0,0,0,0,22,41,0,464,0,0,0,0,0,1,4,7,2,2,0,0,0,0,0
1008 NTS Dbh Glut_5,0,1,0,0,0,0,0,1,0,0,0,0,0,0,0,0,1,0,0,0,0,0,0,0,0
1009 NTS Dbh Glut_6,0,0,0,0,0,0,0,6,0,0,0,0,0,0,0,0,0,0,0,0,0,0,0,0,0
1010 DMX VII Tbx20 Chol_1,0,0,0,0,0,0,0,312,0,2,0,0,0,0,3,1,6,0,0,0,0,0,0,0,0
1011 DMX VII Tbx20 Chol_2,0,0,0,0,0,0,0,4,0,62,0,0,0,0,0,0,0,0,0,4,0,0,0,0,0
1012 IO Fgl2 Glut_1,0,0,0,0,0,0,0,1639,0,0,0,0,0,0,0,0,0,0,0,17,0,207,0,0,5
1013 VCO Mafa Meis2 Glut_1,0,337,0,0,0,0,0,359,0,4,0,0,0,0,21,17,4,38,6,0,0,0,0,0,6
1014 VCO Mafa Meis2 Glut_2,0,223,0,0,0,0,19,675,0,26,0,0,0,0,14,15,0,27,29,0,0,0,0,0,3
1015 VCO Mafa Meis2 Glut_3,0,510,0,0,0,0,0,498,0,11,0,0,0,0,13,9,0,46,1,1,0,0,0,0,3
1016 VCO Mafa Meis2 Glut_4,0,43,0,0,0,0,0,90,0,7,0,0,0,0,23,0,0,25,0,0,0,0,0,0,0
1017 SPVO Mafa Meis2 Glut_1,0,0,0,0,0,0,0,411,0,48,0,0,0,0,0,0,0,1,107,1,0,0,0,0,0
1018 SPVC Mafa Glut_1,0,0,0,0,0,0,0,21,0,0,0,0,0,0,0,0,0,0,0,0,0,0,0,0,0
1019 SPVC Mafa Glut_2,0,0,0,0,0,0,0,116,0,2,0,0,0,0,0,0,0,0,12,0,0,0,0,0,0
1020 SPVC Ccdc172 Glut_1,0,2,0,0,0,0,0,10,0,0,0,0,0,0,0,0,0,0,2,0,0,0,0,0,7
1021 SPVC Nmu Glut_1,0,0,0,0,0,0,0,6,0,0,0,0,0,0,0,0,1,0,1,0,0,0,0,0,0
1022 SPVC Nmu Glut_2,0,0,0,0,0,0,0,4,0,0,0,0,0,0,0,0,0,0,0,0,0,0,0,0,0
1023 MDRNd Bves Glut_1,0,0,0,0,0,0,0,89,0,0,0,0,0,0,0,0,0,0,0,0,0,0,0,0,0
1024 MDRNv Crp Glut_1,0,0,0,0,0,0,0,15,0,0,0,0,0,0,0,0,0,0,0,0,0,0,0,0,0
1025 HB Calcb Chol_1,0,0,0,0,0,0,0,6,0,36,0,0,0,0,0,0,0,0,0,0,0,0,0,0,0
1026 HB Calcb Chol_2,0,0,0,0,0,0,89,20,0,1,0,0,0,0,0,0,0,0,9,1,0,0,1,0,0
1027 HB Calcb Chol_3,0,0,0,0,0,0,5,129,0,545,0,0,0,0,0,0,0,0,2,0,0,0,0,0,0
1028 HB Calcb Chol_4,0,0,0,0,0,0,0,745,0,67,0,0,0,0,0,0,0,0,2,5,0,0,0,0,0
1029 HB Calcb Chol_5,0,0,0,0,0,0,1,151,0,1,0,0,0,0,0,0,0,0,0,0,0,0,0,0,0
1030 Pineal Crx Glut_1,0,0,0,0,0,0,0,0,0,0,0,0,0,8,0,0,0,0,0,0,0,0,1,0,12
1031 CS-RPO Meis2 Gaba_1,0,0,0,0,0,0,10,6,0,358,0,0,0,0,0,0,0,2,0,3,0,0,0,0,0
1032 CS-RPO Meis2 Gaba_2,0,0,0,0,0,0,14,0,0,128,0,0,0,0,0,0,0,0,2,1,0,0,0,0,0
1033 CS-RPO Meis2 Gaba_3,0,0,0,0,0,0,68,2,0,287,0,0,0,0,3,0,0,0,1,0,0,0,0,0,0
1034 CS-RPO Meis2 Gaba_4,0,0,0,0,0,0,16,0,0,224,0,0,0,0,0,0,1,0,0,0,0,0,0,0,0
1035 CS-RPO Meis2 Gaba_5,0,0,0,0,0,0,0,2,0,160,0,0,0,0,0,0,0,0,6,5,0,0,0,0,0
1036 PRNc Otp Gly-Gaba_1,0,0,0,0,0,0,0,34,0,295,0,0,0,0,0,0,0,0,8,3,0,0,0,0,0
1037 PRNc Otp Gly-Gaba_2,0,0,0,0,0,0,8,18,0,264,0,0,0,0,0,0,0,0,7,4,0,1,0,0,0
1038 PRNc Otp Gly-Gaba_3,0,0,0,0,0,0,1,29,0,367,0,0,0,0,0,0,0,0,2,11,0,0,0,0,0
1039 PRNc Otp Gly-Gaba_4,0,0,0,0,0,0,2,57,0,267,0,0,0,0,0,0,0,0,18,2,0,2,0,0,0
1040 PRNc Otp Gly-Gaba_5,0,30,0,0,0,0,80,271,0,1385,0,0,0,0,3,1,0,10,21,12,0,2,0,0,0
1041 PB Sst Gly-Gaba_1,1,29,0,0,0,0,6,1,0,113,0,0,0,0,5,0,0,21,2,0,0,0,0,0,0
1042 PB Sst Gly-Gaba_2,0,5,0,0,0,0,1,28,0,96,0,0,0,0,0,0,0,5,17,5,0,0,0,0,0
1043 PRNc Prox1 Brs3 Gly-Gaba_1,0,0,0,0,0,0,0,65,0,110,0,0,0,0,0,0,0,0,3,1,0,0,0,0,0
1044 CS-PRNr-PCG Tmem163 Otp Gaba_1,0,0,0,0,0,0,144,0,0,536,0,0,0,0,0,0,3,2,12,5,0,0,1,0,0
1045 CS-PRNr-PCG Tmem163 Otp Gaba_2,0,0,0,0,0,0,62,0,0,141,0,0,0,0,0,0,0,1,2,9,0,0,0,0,0
1046 CS-PRNr-PCG Tmem163 Otp Gaba_3,0,0,0,0,0,0,0,0,0,13,0,0,0,0,0,0,0,0,0,0,0,0,0,0,0
1047 CS-PRNr-DR En1 Sox2 Gaba_1,22,0,0,0,1,0,300,0,0,81,0,0,0,0,0,0,0,24,7,6,0,0,2,0,0
1048 CS-PRNr-DR En1 Sox2 Gaba_2,0,0,0,0,0,0,320,0,0,449,0,0,0,0,0,0,0,13,36,30,0,0,0,0,0
1049 LDT Fgf7 Gaba_1,6,0,0,0,0,0,70,0,0,29,0,0,0,0,4,0,0,1,1,1,0,0,0,0,0
1050 LDT-DTN Gata3 Nfix Gaba_1,0,0,0,0,0,0,238,1,0,436,0,0,0,0,0,0,0,1,3,0,0,0,0,0,0
1051 LDT-DTN Gata3 Nfix Gaba_2,0,0,0,0,0,0,59,0,0,117,0,0,0,0,0,0,0,0,1,0,0,0,0,0,0
1052 NI-RPO Gata3 Nr4a2 Gaba_1,0,0,0,0,0,0,5,0,0,151,0,0,0,0,2,0,0,0,0,1,0,0,0,0,0
1053 NI-RPO Gata3 Nr4a2 Gaba_2,0,0,0,0,0,0,0,0,0,178,0,0,0,0,1,0,0,0,2,0,0,0,0,0,0
1054 NI-RPO Gata3 Nr4a2 Gaba_3,0,0,0,0,0,0,0,0,0,27,0,0,0,0,0,0,0,0,0,0,0,0,0,0,0
1055 NI-RPO Gata3 Nr4a2 Gaba_4,0,0,0,0,0,0,9,1,0,208,0,0,0,0,0,0,0,0,2,1,0,0,0,0,0
1056 LDT-PCG-CS Gata3 Lhx1 Gaba_1,5,0,0,0,0,0,71,0,0,165,0,0,0,0,0,0,2,8,0,1,0,0,0,0,0
1057 LDT-PCG-CS Gata3 Lhx1 Gaba_2,0,0,0,0,0,0,9,1,0,101,0,0,0,0,1,0,0,0,0,0,0,0,0,0,0
1058 LDT-PCG-CS Gata3 Lhx1 Gaba_3,0,1,0,0,0,0,44,0,0,234,0,0,0,0,1,0,2,2,2,6,0,0,0,0,0
1059 LDT-PCG-CS Gata3 Lhx1 Gaba_4,9,0,0,0,0,0,23,0,0,7,0,0,0,0,0,0,0,5,0,0,0,0,0,0,0
1060 LDT-PCG-CS Gata3 Lhx1 Gaba_5,0,0,0,0,0,0,6,0,0,119,0,0,0,0,0,0,0,0,0,0,0,0,0,0,0
1061 PDTg-PCG Pax6 Gaba_1,4,0,0,0,0,0,33,0,0,301,0,0,0,0,2,0,0,0,2,2,0,0,0,0,0
1062 PDTg-PCG Pax6 Gaba_2,0,0,0,0,0,0,33,0,0,140,0,0,0,0,3,0,0,0,0,0,0,0,0,0,0
1063 PDTg-PCG Pax6 Gaba_3,0,0,0,0,0,0,1,0,0,254,0,0,0,0,0,0,0,0,0,0,0,0,0,0,0
1064 PDTg-PCG Pax6 Gaba_4,0,0,0,0,0,0,0,0,0,37,0,0,0,0,0,0,0,0,0,0,0,0,0,0,0
1065 PDTg Otp Shroom3 Gaba_1,0,0,0,0,0,0,0,0,0,51,0,0,0,0,0,0,0,0,0,0,0,0,0,0,0
1066 PDTg Otp Olig3 Gaba_1,0,0,0,0,0,0,1,0,0,151,0,0,0,0,0,0,0,0,0,0,0,0,0,0,0
1067 LDT-PCG St18 Gaba_1,2,0,0,0,0,0,74,1,0,237,0,0,0,0,3,0,0,4,1,1,0,0,0,0,0
1068 LDT-PCG St18 Gaba_2,0,0,0,0,0,0,8,0,0,39,0,0,0,0,0,0,0,0,0,0,0,0,0,0,0
1069 DTN-LDT-IPN Otp Pax3 Gaba_1,0,1,0,0,0,0,37,1,0,163,0,0,0,0,0,0,1,0,4,1,0,0,0,0,0
1070 DTN-LDT-IPN Otp Pax3 Gaba_2,0,0,0,0,0,0,175,0,0,137,0,0,0,0,0,0,0,0,0,0,0,0,0,0,0
1071 DTN-LDT-IPN Otp Pax3 Gaba_3,0,0,0,0,1,0,180,0,0,316,0,0,0,0,0,0,6,0,3,0,0,0,3,0,0
1072 DTN-LDT-IPN Otp Pax3 Gaba_4,0,0,0,0,0,0,44,0,0,579,0,0,0,0,1,0,0,1,0,3,0,0,0,0,0
1073 DTN-LDT-IPN Otp Pax3 Gaba_5,0,0,0,0,66,0,290,0,0,3,0,0,0,0,0,0,0,0,0,0,0,0,0,0,0
1074 NLL Gata3 Gly-Gaba_1,0,13,0,0,0,0,16,385,0,774,0,0,0,0,0,0,12,194,177,7,0,13,0,0,3
1075 NLL Gata3 Gly-Gaba_2,0,1,0,0,0,0,5,8,0,267,0,0,0,0,0,0,2,67,31,7,0,0,0,0,0
1076 NLL Gata3 Gly-Gaba_3,0,6,0,0,5,1,100,377,0,810,0,0,0,0,1,0,1,13,39,45,0,0,0,0,1
1077 NLL Gata3 Gly-Gaba_4,0,13,0,0,0,0,0,0,0,304,0,0,0,0,0,0,7,25,37,0,0,0,0,0,1
1078 PSV Pax2 Gly-Gaba_1,0,1,0,0,0,0,0,20,0,110,0,0,0,0,0,0,0,1,21,1,0,0,0,0,0
1079 PSV Pax2 Gly-Gaba_2,0,0,0,0,0,0,0,4,0,78,0,0,0,0,0,0,0,4,0,0,0,0,0,0,0
1080 NLL-po Pax7 Gaba_1,0,40,0,0,0,0,25,0,0,95,0,0,0,0,0,0,7,0,77,0,0,0,0,0,0
1081 POR Gata3 Gly-Gaba_1,0,3,0,0,0,0,1,18,0,469,0,0,0,0,0,0,3,18,77,10,0,0,0,0,3
1082 POR Spp1 Gly-Gaba_1,0,47,0,0,1,0,4,707,0,324,0,0,0,0,7,6,0,19,33,16,0,0,0,0,0
1083 PRP Otp Gly-Gaba_1,0,0,0,0,0,0,0,403,0,21,0,0,0,0,51,30,0,0,4,1,0,4,0,0,0
1084 PRP Otp Gly-Gaba_2,0,0,0,0,0,0,0,102,0,2,0,0,0,0,19,3,0,0,1,0,0,0,0,0,0
1085 PRP Otp Gly-Gaba_3,0,0,0,0,0,0,0,296,0,69,0,0,0,0,62,31,0,0,5,3,0,0,0,0,0
1086 PRP Otp Gly-Gaba_4,0,0,0,0,0,0,0,174,0,35,0,0,0,0,29,2,0,0,3,0,0,2,0,0,1
1087 PRP Otp Gly-Gaba_5,0,0,0,0,0,0,0,176,0,7,0,0,0,0,20,37,0,0,11,3,0,1,0,0,0
1088 GRN-IRN-MDRNd Ikzf1 Gly-Gaba_1,0,0,0,0,0,0,0,25,0,0,0,0,0,0,0,0,0,0,0,0,0,0,0,0,0
1089 MY Lhx1 Gly-Gaba_1,0,1,0,0,107,0,1166,1009,0,2179,1,1,4,0,1,0,3,41,92,60,0,8,1,0,1
1090 MY Lhx1 Gly-Gaba_2,0,0,0,0,12,0,9,1233,0,124,0,0,0,0,41,7,0,1,14,10,0,1,0,0,0
1091 MY Lhx1 Gly-Gaba_3,0,20,0,0,3,0,1,156,0,550,0,0,0,0,0,0,0,21,23,14,0,0,0,0,2
1092 MY Lhx1 Gly-Gaba_4,0,0,0,0,0,0,0,83,0,3,0,0,0,0,0,0,0,0,0,0,0,0,0,0,0
1093 MY Lhx1 Gly-Gaba_5,0,2,0,0,23,0,43,1829,0,530,0,0,0,0,1,3,0,3,14,15,0,0,0,0,1
1094 MY Lhx1 Gly-Gaba_6,0,0,0,0,0,0,0,78,0,9,0,0,0,0,0,0,0,0,1,0,0,0,0,0,0
1095 MY Lhx1 Gly-Gaba_7,0,0,0,0,0,0,0,25,0,52,0,0,0,0,0,0,0,0,1,0,0,0,0,0,0
1096 MY Lhx1 Gly-Gaba_8,0,25,0,0,3,0,3,213,0,150,1,0,0,0,0,4,1,16,53,1,0,0,0,0,0
1097 MY Lhx1 Gly-Gaba_9,0,0,0,0,0,0,1,584,0,26,0,0,0,0,0,0,0,0,12,9,0,3,0,0,0
1098 PPY-PGRNl Vip Glyc-Gaba_1,0,2,0,0,0,0,0,360,0,1,0,0,0,0,1,2,1,0,4,8,0,1,0,0,0
1099 MV-SPIV-PRP Dmbx1 Gly-Gaba_1,0,77,0,0,0,0,5,541,0,3,0,0,0,0,32,16,0,20,5,0,0,0,0,0,0
1100 MV-SPIV-PRP Dmbx1 Gly-Gaba_2,0,2,0,0,0,0,0,60,0,1,0,0,0,0,40,13,0,0,2,0,0,0,0,0,0
1101 MV-SPIV-PRP Dmbx1 Gly-Gaba_3,0,54,0,0,0,0,1,6,0,49,0,0,0,0,0,0,0,42,0,0,0,0,0,0,0
1102 MDRN Hoxb5 Ebf2 Gly-Gaba_1,0,0,0,0,0,0,4,171,0,8,0,0,0,0,5,5,0,0,6,1,0,0,0,0,0
1103 MDRNd Prox1 Pax6 Gly-Gaba_1,0,0,0,0,0,0,0,9,0,3,0,0,0,0,0,0,0,0,0,0,0,0,0,0,0
1104 MY Prox1 Lmo7 Gly-Gaba_1,0,3,0,0,0,0,0,295,0,84,0,0,0,0,3,2,0,6,11,10,0,0,0,0,0
1105 NTS-MDRNd Prox1 Zic1 Gly-Gaba_1,0,6,0,0,0,0,0,15,0,2,0,0,0,0,6,2,2,2,0,0,0,0,0,0,5
1106 NTS-MDRNd Prox1 Zic1 Gly-Gaba_2,0,2,0,0,0,0,0,47,0,0,0,0,0,0,0,0,0,0,0,0,0,0,0,0,0
1107 MV Nkx6-1 Gly-Gaba_1,0,3,0,0,0,0,0,160,0,1,0,0,0,0,143,42,0,5,0,0,0,0,0,0,0
1108 MV Nkx6-1 Gly-Gaba_2,0,2,0,0,0,0,0,284,0,0,0,0,0,0,26,11,0,1,0,0,0,0,0,0,0
1109 PAS-MV Ebf2 Gly-Gaba_1,0,44,0,0,0,0,0,298,0,3,0,0,0,0,78,16,0,2,2,0,0,0,0,0,0
1110 PAS-MV Ebf2 Gly-Gaba_2,0,56,0,0,0,0,0,451,0,1,0,0,0,0,1,9,14,1,2,0,0,0,0,0,2
1111 PAS-MV Ebf2 Gly-Gaba_3,0,10,0,0,0,0,0,91,0,0,0,0,0,0,24,8,0,1,0,0,0,0,0,0,0
1112 PAS-MV Ebf2 Gly-Gaba_4,0,0,0,0,0,0,0,17,0,0,0,0,0,0,0,0,0,0,0,0,0,0,0,0,0
1113 MV Pax6 Gly-Gaba_1,0,17,0,0,0,0,0,127,0,22,0,0,0,0,16,1,0,1,1,0,0,0,0,0,0
1114 MV Pax6 Gly-Gaba_2,0,53,0,0,0,0,0,127,0,4,0,0,0,0,23,3,0,4,0,0,0,0,0,0,0
1115 CBN Dmbx1 Gaba_1,0,465,0,0,0,0,1,39,0,3,0,0,0,0,20,0,0,189,0,0,0,0,0,0,0
1116 RPA Pax6 Hoxb5 Gly-Gaba_1,0,0,0,0,0,0,0,316,0,17,0,0,0,0,1,0,0,0,16,6,0,38,0,0,2
1117 CU-ECU Pax2 Gly-Gaba_1,0,5,0,0,0,0,0,18,0,0,0,0,0,0,0,0,0,2,6,0,0,0,0,0,0
1118 PRP Gata3 Slc6a5 Gly-Gaba_1,0,0,0,0,0,0,0,149,0,0,0,0,0,0,42,27,0,0,0,0,0,0,0,0,0
1119 MARN-PPY Ngfr Gly-Gaba_1,0,0,0,0,0,0,0,249,0,44,0,0,0,0,0,0,0,0,16,0,0,6,0,0,0
1120 PARN-MDRNd-NTS Gbx2 Gly-Gaba_1,0,1,0,0,0,0,0,346,0,0,0,0,0,0,0,0,0,0,2,0,0,0,0,0,1
1121 PARN-MDRNd-NTS Gbx2 Gly-Gaba_2,0,3,0,0,0,0,0,303,0,3,0,0,0,0,0,0,6,0,3,0,0,0,0,0,0
1122 PARN-MDRNd-NTS Gbx2 Gly-Gaba_3,0,6,0,0,0,0,0,275,0,0,0,0,0,0,0,0,4,0,0,0,0,0,0,0,0
1123 PARN-MDRNd-NTS Gbx2 Gly-Gaba_4,0,2,0,0,0,0,2,211,0,2,0,0,0,0,0,0,1,0,11,0,0,0,0,0,0
1124 PARN-MDRNd-NTS Gbx2 Gly-Gaba_5,0,1,0,0,0,0,0,17,0,0,0,0,0,0,0,0,1,0,0,0,0,0,0,0,4
1125 PARN-MDRNd-NTS Gbx2 Gly-Gaba_6,0,3,0,0,0,0,0,191,0,0,0,0,0,0,0,1,2,2,2,0,0,0,0,0,0
1126 PARN-MDRNd-NTS Gbx2 Gly-Gaba_7,0,0,0,0,0,0,0,113,0,0,0,0,0,0,0,0,6,0,0,0,0,0,0,0,0
1127 MV Nr4a2 Gly-Gaba_1,0,0,0,0,0,0,0,15,0,39,0,0,0,0,0,0,0,0,1,1,0,0,0,0,0
1128 MV Xdh Gly-Gaba_1,0,0,0,0,0,0,0,65,0,60,0,0,0,0,0,0,0,0,1,0,0,0,0,0,0
1129 IRN Dmbx1 Pax2 Gly-Gaba_1,0,0,0,0,0,0,0,353,0,1,0,0,0,0,0,0,0,0,0,0,0,3,0,0,1
1130 NTS-PARN Neurod2 Gly-Gaba_1,0,105,0,0,0,0,0,105,0,0,0,0,0,0,0,0,23,0,1,0,0,0,0,0,1
1131 NTS-PARN Neurod2 Gly-Gaba_2,0,3,0,0,0,0,5,169,0,17,0,0,0,0,0,0,0,0,0,0,0,0,0,0,0
1132 NTS-PARN Neurod2 Gly-Gaba_3,0,2,0,0,5,0,1,450,0,58,0,0,0,0,1,0,0,13,37,14,0,0,0,0,1
1133 NTS-PARN Neurod2 Gly-Gaba_4,0,19,0,0,0,0,0,224,0,0,0,0,0,0,0,1,29,0,0,0,0,0,0,0,0
1134 NTS-PARN Neurod2 Gly-Gaba_5,0,35,0,0,0,0,0,108,0,0,0,0,0,0,2,2,21,1,1,0,0,0,0,0,0
1135 NTS-PARN Neurod2 Gly-Gaba_6,0,4,0,0,0,0,0,319,0,0,0,0,0,0,2,2,0,1,5,0,0,0,0,0,0
1136 SPVI-SPVC Sall3 Nfib Gly-Gaba_1,0,40,0,0,0,0,0,156,0,0,0,0,0,0,6,8,1,15,9,0,0,0,0,0,11
1137 SPVI-SPVC Sall3 Nfib Gly-Gaba_2,0,41,0,0,0,0,0,564,0,0,0,0,0,0,17,7,10,5,47,0,0,0,0,0,43
1138 SPVI-SPVC Sall3 Lhx1 Gly-Gaba_1,0,29,0,0,10,0,0,687,0,10,0,0,1,0,15,13,8,13,108,0,0,0,1,0,95
1139 SPVI-SPVC Sall3 Lhx1 Gly-Gaba_2,0,63,0,0,0,0,0,1279,0,8,0,0,0,0,33,17,30,11,170,1,0,1,0,0,210
1140 RO-RPA Pkd2l1 Gaba_1,0,0,0,0,0,0,1,11,0,1,0,0,0,0,3,0,0,0,1,1,0,1,0,0,1
1141 DCO Il22 Gly-Gaba_1,0,145,0,0,0,0,0,117,0,8,0,0,0,0,70,19,4,66,0,0,0,0,0,0,1
1142 DCO Il22 Gly-Gaba_2,0,101,0,0,0,0,0,161,0,0,0,0,0,0,59,5,0,75,0,0,0,0,0,0,0
1143 DCO Il22 Gly-Gaba_3,0,322,0,0,12,2,1,1085,0,103,0,0,5,0,64,19,3,120,25,1,1,0,0,0,6
1144 CB PLI Gly-Gaba_1,2,2936,0,0,0,0,1,49,0,0,0,0,0,0,19,2,0,288,0,0,0,0,0,0,79
1145 CB PLI Gly-Gaba_2,0,163,0,0,0,0,0,5,0,1,0,0,0,0,1,0,0,30,0,0,0,0,0,0,7
1146 CB PLI Gly-Gaba_3,0,205,0,0,0,0,0,25,0,12,1,0,0,0,4,0,0,69,0,0,0,0,0,0,7
1147 CB PLI Gly-Gaba_4,0,255,0,0,0,0,2,7,0,4,0,0,0,0,4,0,0,50,0,0,0,0,0,0,2
1148 CBX Golgi Gly-Gaba_1,0,1290,0,0,0,0,1,23,0,5,0,0,0,0,3,1,0,97,1,1,0,0,0,0,66
1149 CBX MLI Megf11 Gaba_1,50,59131,0,0,0,1,49,29,0,4,0,0,0,0,76,1,24,1001,0,0,0,0,0,0,6446
1150 CBX MLI Megf11 Gaba_2,0,8315,0,0,0,0,2,6,0,2,0,0,0,0,4,0,1,167,0,0,0,0,0,0,861
1151 CBX MLI Cdh22 Gaba_1,14,15591,0,0,0,0,28,5,0,3,0,0,0,0,34,2,7,242,0,0,0,0,0,0,1529
1152 CBX Purkinje Gaba_1,0,2485,0,0,0,0,0,2,0,1,0,0,0,0,0,0,0,87,0,0,0,0,0,0,332
1153 CBX Purkinje Gaba_2,0,14141,0,0,0,0,6,2,0,3,0,0,0,0,0,0,0,339,1,0,0,0,0,0,631
1154 CB Granule Glut_1,0,3738,0,0,0,0,0,2787,0,621,0,1,0,0,208,67,22,1524,133,0,0,0,0,0,70
1155 CB Granule Glut_2,2,156814,0,5,0,5,11,56,0,4,0,0,0,0,99,13,2,9728,2,0,0,0,0,0,8116
1156 DCO UBC Glut_1,1,597,0,0,0,0,1,727,0,102,0,0,0,0,81,9,2,197,39,1,0,0,0,0,13
1157 Bergmann NN_1,1,26890,0,0,0,0,17,0,0,0,0,0,1,0,10,2,0,712,0,0,0,0,0,0,1980
1158 Astro-CB NN_1,0,2724,0,0,0,0,2,61,0,23,0,0,0,0,10,3,1,482,1,0,0,0,0,0,84
1159 Astro-NT NN_1,407,9157,16,1404,3479,273,8942,5792,304,3715,1365,800,1386,533,1219,683,2170,6130,3695,228,1302,2930,1199,0,2832
1160 Astro-NT NN_2,82,4141,341,184,16790,113,36411,19369,110,18065,9021,3049,15268,134,620,299,504,2597,2022,554,316,1433,771,1,510
1161 Astro-TE NN_1,3,781,2475,29527,460,29075,709,913,12627,440,880,3160,493,167,73,1402,1077,650,2272,72,562,11227,4873,2599,7263
1162 Astro-TE NN_2,0,0,0,953,0,0,0,0,0,0,0,9,0,0,0,1,1,0,0,0,0,15,9,1,0
1163 Astro-TE NN_3,0,325,5353,29494,297,74064,264,542,21330,211,2886,29477,520,154,41,541,333,81,1273,9,78,2724,2632,445,862
1164 Astro-TE NN_4,0,0,493,440,1,28,0,0,25,0,1,84,0,0,0,156,12,0,0,0,5,477,296,22,0
1165 Astro-TE NN_5,0,0,0,6,0,2,0,0,1110,0,4,762,2,0,0,1380,9,0,24,0,0,810,25,5,0
1166 Astro-OLF NN_1,0,0,0,0,2,8,1,0,960,0,0,0,0,0,0,0,0,0,557,0,0,0,0,0,41
1167 Astro-OLF NN_2,0,0,3,18,1,55,9,1,2664,3,25,34,5,0,0,1,0,0,196,0,0,0,3,0,10
1168 Astro-OLF NN_3,0,0,0,0,0,0,0,0,567,0,0,0,0,0,0,0,0,0,0,0,0,0,0,0,0
1169 Astroependymal NN_1,9,47,2,207,598,8,229,4,7,5,317,558,1020,683,4,125,241,11,118,0,69,111,455,0,14
1170 Astroependymal NN_2,0,75,0,0,0,0,0,128,0,0,0,0,0,0,2,0,36,0,0,0,0,0,0,0,0
1171 Astroependymal NN_3,63,0,0,0,0,0,104,0,0,1,0,0,1,7,4,0,0,1,0,0,0,0,0,0,0
1172 Tanycyte NN_1,0,0,0,1,146,0,0,0,0,0,0,0,0,31,0,195,5,0,0,0,2,3,0,0,2
1173 Tanycyte NN_2,0,0,0,0,778,0,0,0,0,0,0,0,0,213,0,1,10,0,2,0,3,0,0,0,0
1174 Tanycyte NN_3,0,0,0,0,358,0,0,0,0,0,0,0,0,126,0,0,0,0,0,0,0,0,0,0,3
1175 Ependymal NN_1,1741,1312,357,449,1065,3,560,20,5,6,0,2054,774,4651,1992,5869,295,648,178,0,195,2471,2297,5,1
1176 Ependymal NN_2,126,160,0,38,12,0,66,4,0,6,0,1,24,133,247,176,28,6,39,0,17,3,204,0,0
1177 Hypendymal NN_1,23,0,0,0,0,0,82,0,0,0,0,0,0,152,0,0,0,0,0,0,0,0,0,0,0
1178 CHOR NN_1,0,2911,731,328,3,7,0,65,0,0,1,1220,164,915,2728,12631,141,1568,259,0,657,938,2065,0,3
1179 OPC NN_1,7,557,203,336,946,599,2058,923,520,1178,683,826,433,13,30,30,33,164,232,53,37,250,126,14,102
1180 OPC NN_2,16,1549,1394,6214,2180,13849,4229,2006,4608,1865,1507,4286,1915,97,81,198,206,700,893,93,195,1775,1058,361,440
1181 COP NN_1,2,476,201,888,411,2481,862,558,794,506,498,916,600,27,18,86,67,305,362,25,95,1170,571,146,142
1182 NFOL NN_2,0,167,54,240,247,993,660,327,235,340,270,481,254,13,12,55,22,110,154,12,49,565,317,96,35
1183 MFOL NN_3,0,199,136,494,290,1633,754,326,520,377,409,830,330,20,9,60,40,89,298,15,92,1138,499,154,46
1184 MOL NN_4,23,19366,2540,16015,16108,35261,57093,46958,10376,42262,16389,27426,20835,1377,1155,3479,2889,21466,20588,2236,4966,47016,23458,7459,3405
1185 OEC NN_1,0,0,0,0,0,14,0,2,3573,0,0,0,0,0,0,0,0,0,5103,0,0,0,0,0,565
1186 ABC NN_1,0,1885,58,1448,261,3420,459,329,1554,151,93,255,2,50,98,29,938,202,686,1,95,167,11,3,6886
1187 VLMC NN_1,10,6369,98,4539,1448,7900,2570,1448,5028,380,688,1071,64,221,332,169,3032,1040,2546,8,550,825,505,5,12756
1188 VLMC NN_2,12,2689,158,1237,524,2362,1657,910,830,752,345,1118,602,56,66,52,171,321,314,40,82,254,186,28,268
1189 VLMC NN_3,0,221,23,37,1,7,7,14,10,0,4,46,21,99,179,638,32,66,18,0,34,50,160,0,29
1190 VLMC NN_4,0,6,0,0,139,1,0,0,2,0,0,0,0,7,1,0,1,3,2,0,0,0,0,0,12
1191 Peri NN_1,22,3330,863,3619,1644,12452,4303,2770,2989,2341,1110,4321,2162,45,94,153,108,708,732,85,106,971,514,200,492
1192 SMC NN_1,7,2680,245,2254,1003,4570,2472,1800,1786,1334,847,2079,754,13,44,135,946,434,845,73,208,509,211,29,1421
1193 Endo NN_1,107,19095,3897,22206,8587,73865,24155,16666,18124,13728,5851,21664,10309,283,595,833,1147,3858,4558,530,626,4839,2522,1035,4130
1194 Microglia NN_1,20,1424,1144,4933,1439,14811,3155,1942,4095,1730,1999,5011,1250,80,78,173,161,711,938,85,161,1838,835,297,435
1195 BAM NN_1,3,305,29,118,69,280,202,117,90,86,60,108,42,17,19,21,61,46,54,8,14,53,25,3,67
1196 Monocytes NN_1,0,5,0,3,2,8,2,1,0,3,0,2,0,1,0,0,1,0,0,0,0,0,0,0,4
1197 DC NN_1,0,32,1,10,5,22,16,11,6,3,8,7,4,0,0,0,11,3,4,1,1,4,1,0,14
1198 B cells NN_1,0,37,3,17,4,59,16,13,9,5,8,13,4,1,0,2,6,5,5,1,3,6,2,0,18
1199 ILC NN_2,0,0,0,1,0,0,0,0,0,0,0,1,0,0,0,0,1,0,0,0,0,0,0,0,1
1200 NK cells NN_3,0,5,0,0,1,2,1,1,1,4,0,1,1,0,0,0,1,0,2,1,1,1,1,0,4
1201 T cells NN_4,0,17,1,5,0,16,11,6,2,3,2,5,0,1,1,3,0,3,6,0,2,3,3,1,13
