symbol,iri,curie
A13,https://purl.brain-bican.org/ontology/mbao/MBA_796,MBA:796
AAA,https://purl.brain-bican.org/ontology/mbao/MBA_23,MBA:23
ACA,https://purl.brain-bican.org/ontology/mbao/MBA_31,MBA:31
ACA1,https://purl.brain-bican.org/ontology/mbao/MBA_572,MBA:572
ACA2/3,https://purl.brain-bican.org/ontology/mbao/MBA_1053,MBA:1053
ACA5,https://purl.brain-bican.org/ontology/mbao/MBA_739,MBA:739
ACA6a,https://purl.brain-bican.org/ontology/mbao/MBA_179,MBA:179
ACA6b,https://purl.brain-bican.org/ontology/mbao/MBA_227,MBA:227
ACAd,https://purl.brain-bican.org/ontology/mbao/MBA_39,MBA:39
ACAd1,https://purl.brain-bican.org/ontology/mbao/MBA_935,MBA:935
ACAd2/3,https://purl.brain-bican.org/ontology/mbao/MBA_211,MBA:211
ACAd5,https://purl.brain-bican.org/ontology/mbao/MBA_1015,MBA:1015
ACAd6a,https://purl.brain-bican.org/ontology/mbao/MBA_919,MBA:919
ACAv,https://purl.brain-bican.org/ontology/mbao/MBA_48,MBA:48
ACAv1,https://purl.brain-bican.org/ontology/mbao/MBA_588,MBA:588
ACAv2/3,https://purl.brain-bican.org/ontology/mbao/MBA_296,MBA:296
ACAv5,https://purl.brain-bican.org/ontology/mbao/MBA_772,MBA:772
ACAv6a,https://purl.brain-bican.org/ontology/mbao/MBA_810,MBA:810
ACB,https://purl.brain-bican.org/ontology/mbao/MBA_56,MBA:56
AD,https://purl.brain-bican.org/ontology/mbao/MBA_64,MBA:64
ADP,https://purl.brain-bican.org/ontology/mbao/MBA_72,MBA:72
AHN,https://purl.brain-bican.org/ontology/mbao/MBA_88,MBA:88
AI,https://purl.brain-bican.org/ontology/mbao/MBA_95,MBA:95
AId,https://purl.brain-bican.org/ontology/mbao/MBA_104,MBA:104
AId1,https://purl.brain-bican.org/ontology/mbao/MBA_996,MBA:996
AId2/3,https://purl.brain-bican.org/ontology/mbao/MBA_328,MBA:328
AId5,https://purl.brain-bican.org/ontology/mbao/MBA_1101,MBA:1101
AId6a,https://purl.brain-bican.org/ontology/mbao/MBA_783,MBA:783
AIp,https://purl.brain-bican.org/ontology/mbao/MBA_111,MBA:111
AIp2/3,https://purl.brain-bican.org/ontology/mbao/MBA_163,MBA:163
AIp5,https://purl.brain-bican.org/ontology/mbao/MBA_344,MBA:344
AIp6a,https://purl.brain-bican.org/ontology/mbao/MBA_314,MBA:314
AIv,https://purl.brain-bican.org/ontology/mbao/MBA_119,MBA:119
AIv2/3,https://purl.brain-bican.org/ontology/mbao/MBA_694,MBA:694
AIv5,https://purl.brain-bican.org/ontology/mbao/MBA_800,MBA:800
AIv6a,https://purl.brain-bican.org/ontology/mbao/MBA_675,MBA:675
AM,https://purl.brain-bican.org/ontology/mbao/MBA_127,MBA:127
AMB,https://purl.brain-bican.org/ontology/mbao/MBA_135,MBA:135
AMBv,https://purl.brain-bican.org/ontology/mbao/MBA_143,MBA:143
AMd,https://purl.brain-bican.org/ontology/mbao/MBA_1096,MBA:1096
AMv,https://purl.brain-bican.org/ontology/mbao/MBA_1104,MBA:1104
AN,https://purl.brain-bican.org/ontology/mbao/MBA_1017,MBA:1017
ANcr1,https://purl.brain-bican.org/ontology/mbao/MBA_1056,MBA:1056
ANcr1gr,https://purl.brain-bican.org/ontology/mbao/MBA_10675,MBA:10675
ANcr1mo,https://purl.brain-bican.org/ontology/mbao/MBA_10677,MBA:10677
ANcr1pu,https://purl.brain-bican.org/ontology/mbao/MBA_10676,MBA:10676
ANcr2,https://purl.brain-bican.org/ontology/mbao/MBA_1064,MBA:1064
ANcr2gr,https://purl.brain-bican.org/ontology/mbao/MBA_10678,MBA:10678
ANcr2mo,https://purl.brain-bican.org/ontology/mbao/MBA_10680,MBA:10680
ANcr2pu,https://purl.brain-bican.org/ontology/mbao/MBA_10679,MBA:10679
AOB,https://purl.brain-bican.org/ontology/mbao/MBA_151,MBA:151
AOBgl,https://purl.brain-bican.org/ontology/mbao/MBA_188,MBA:188
AOBmi,https://purl.brain-bican.org/ontology/mbao/MBA_204,MBA:204
AON,https://purl.brain-bican.org/ontology/mbao/MBA_159,MBA:159
AP,https://purl.brain-bican.org/ontology/mbao/MBA_207,MBA:207
APN,https://purl.brain-bican.org/ontology/mbao/MBA_215,MBA:215
APr,https://purl.brain-bican.org/ontology/mbao/MBA_484682508,MBA:484682508
AQ,https://purl.brain-bican.org/ontology/mbao/MBA_140,MBA:140
ARH,https://purl.brain-bican.org/ontology/mbao/MBA_223,MBA:223
AT,https://purl.brain-bican.org/ontology/mbao/MBA_231,MBA:231
ATN,https://purl.brain-bican.org/ontology/mbao/MBA_239,MBA:239
AUD,https://purl.brain-bican.org/ontology/mbao/MBA_247,MBA:247
AUDd,https://purl.brain-bican.org/ontology/mbao/MBA_1011,MBA:1011
AUDd1,https://purl.brain-bican.org/ontology/mbao/MBA_527,MBA:527
AUDd2/3,https://purl.brain-bican.org/ontology/mbao/MBA_600,MBA:600
AUDd5,https://purl.brain-bican.org/ontology/mbao/MBA_252,MBA:252
AUDd6a,https://purl.brain-bican.org/ontology/mbao/MBA_156,MBA:156
AUDd6b,https://purl.brain-bican.org/ontology/mbao/MBA_243,MBA:243
AUDp,https://purl.brain-bican.org/ontology/mbao/MBA_1002,MBA:1002
AUDp2/3,https://purl.brain-bican.org/ontology/mbao/MBA_251,MBA:251
AUDp4,https://purl.brain-bican.org/ontology/mbao/MBA_816,MBA:816
AUDp5,https://purl.brain-bican.org/ontology/mbao/MBA_847,MBA:847
AUDp6a,https://purl.brain-bican.org/ontology/mbao/MBA_954,MBA:954
AUDv,https://purl.brain-bican.org/ontology/mbao/MBA_1018,MBA:1018
AUDv2/3,https://purl.brain-bican.org/ontology/mbao/MBA_755,MBA:755
AUDv4,https://purl.brain-bican.org/ontology/mbao/MBA_990,MBA:990
AUDv5,https://purl.brain-bican.org/ontology/mbao/MBA_1023,MBA:1023
AUDv6a,https://purl.brain-bican.org/ontology/mbao/MBA_520,MBA:520
AV,https://purl.brain-bican.org/ontology/mbao/MBA_255,MBA:255
AVP,https://purl.brain-bican.org/ontology/mbao/MBA_263,MBA:263
AVPV,https://purl.brain-bican.org/ontology/mbao/MBA_272,MBA:272
B,https://purl.brain-bican.org/ontology/mbao/MBA_280,MBA:280
BA,https://purl.brain-bican.org/ontology/mbao/MBA_292,MBA:292
BAC,https://purl.brain-bican.org/ontology/mbao/MBA_287,MBA:287
BLA,https://purl.brain-bican.org/ontology/mbao/MBA_295,MBA:295
BLAa,https://purl.brain-bican.org/ontology/mbao/MBA_303,MBA:303
BLAp,https://purl.brain-bican.org/ontology/mbao/MBA_311,MBA:311
BLAv,https://purl.brain-bican.org/ontology/mbao/MBA_451,MBA:451
BMA,https://purl.brain-bican.org/ontology/mbao/MBA_319,MBA:319
BMAa,https://purl.brain-bican.org/ontology/mbao/MBA_327,MBA:327
BMAp,https://purl.brain-bican.org/ontology/mbao/MBA_334,MBA:334
BS,https://purl.brain-bican.org/ontology/mbao/MBA_343,MBA:343
BST,https://purl.brain-bican.org/ontology/mbao/MBA_351,MBA:351
CA,https://purl.brain-bican.org/ontology/mbao/MBA_375,MBA:375
CA1,https://purl.brain-bican.org/ontology/mbao/MBA_382,MBA:382
CA1slm,https://purl.brain-bican.org/ontology/mbao/MBA_391,MBA:391
CA1so,https://purl.brain-bican.org/ontology/mbao/MBA_399,MBA:399
CA1sp,https://purl.brain-bican.org/ontology/mbao/MBA_407,MBA:407
CA1sr,https://purl.brain-bican.org/ontology/mbao/MBA_415,MBA:415
CA2,https://purl.brain-bican.org/ontology/mbao/MBA_423,MBA:423
CA2slm,https://purl.brain-bican.org/ontology/mbao/MBA_431,MBA:431
CA2so,https://purl.brain-bican.org/ontology/mbao/MBA_438,MBA:438
CA2sp,https://purl.brain-bican.org/ontology/mbao/MBA_446,MBA:446
CA2sr,https://purl.brain-bican.org/ontology/mbao/MBA_454,MBA:454
CA3,https://purl.brain-bican.org/ontology/mbao/MBA_463,MBA:463
CA3slm,https://purl.brain-bican.org/ontology/mbao/MBA_471,MBA:471
CA3slu,https://purl.brain-bican.org/ontology/mbao/MBA_479,MBA:479
CA3so,https://purl.brain-bican.org/ontology/mbao/MBA_486,MBA:486
CA3sp,https://purl.brain-bican.org/ontology/mbao/MBA_495,MBA:495
CA3sr,https://purl.brain-bican.org/ontology/mbao/MBA_504,MBA:504
CB,https://purl.brain-bican.org/ontology/mbao/MBA_512,MBA:512
CBN,https://purl.brain-bican.org/ontology/mbao/MBA_519,MBA:519
CBX,https://purl.brain-bican.org/ontology/mbao/MBA_528,MBA:528
CBXgr,https://purl.brain-bican.org/ontology/mbao/MBA_1143,MBA:1143
CBXmo,https://purl.brain-bican.org/ontology/mbao/MBA_1144,MBA:1144
CBXpu,https://purl.brain-bican.org/ontology/mbao/MBA_1145,MBA:1145
CEA,https://purl.brain-bican.org/ontology/mbao/MBA_536,MBA:536
CEAc,https://purl.brain-bican.org/ontology/mbao/MBA_544,MBA:544
CEAl,https://purl.brain-bican.org/ontology/mbao/MBA_551,MBA:551
CEAm,https://purl.brain-bican.org/ontology/mbao/MBA_559,MBA:559
CENT,https://purl.brain-bican.org/ontology/mbao/MBA_920,MBA:920
CENT2,https://purl.brain-bican.org/ontology/mbao/MBA_976,MBA:976
CENT2gr,https://purl.brain-bican.org/ontology/mbao/MBA_10708,MBA:10708
CENT2mo,https://purl.brain-bican.org/ontology/mbao/MBA_10710,MBA:10710
CENT2pu,https://purl.brain-bican.org/ontology/mbao/MBA_10709,MBA:10709
CENT3,https://purl.brain-bican.org/ontology/mbao/MBA_984,MBA:984
CENT3gr,https://purl.brain-bican.org/ontology/mbao/MBA_10711,MBA:10711
CENT3mo,https://purl.brain-bican.org/ontology/mbao/MBA_10713,MBA:10713
CENT3pu,https://purl.brain-bican.org/ontology/mbao/MBA_10712,MBA:10712
CH,https://purl.brain-bican.org/ontology/mbao/MBA_567,MBA:567
CL,https://purl.brain-bican.org/ontology/mbao/MBA_575,MBA:575
CLA,https://purl.brain-bican.org/ontology/mbao/MBA_583,MBA:583
CLI,https://purl.brain-bican.org/ontology/mbao/MBA_591,MBA:591
CM,https://purl.brain-bican.org/ontology/mbao/MBA_599,MBA:599
CN,https://purl.brain-bican.org/ontology/mbao/MBA_607,MBA:607
CNU,https://purl.brain-bican.org/ontology/mbao/MBA_623,MBA:623
COA,https://purl.brain-bican.org/ontology/mbao/MBA_631,MBA:631
COAa,https://purl.brain-bican.org/ontology/mbao/MBA_639,MBA:639
COAp,https://purl.brain-bican.org/ontology/mbao/MBA_647,MBA:647
COApl,https://purl.brain-bican.org/ontology/mbao/MBA_655,MBA:655
COApm,https://purl.brain-bican.org/ontology/mbao/MBA_663,MBA:663
COPY,https://purl.brain-bican.org/ontology/mbao/MBA_1033,MBA:1033
COPYgr,https://purl.brain-bican.org/ontology/mbao/MBA_10684,MBA:10684
COPYmo,https://purl.brain-bican.org/ontology/mbao/MBA_10686,MBA:10686
COPYpu,https://purl.brain-bican.org/ontology/mbao/MBA_10685,MBA:10685
CP,https://purl.brain-bican.org/ontology/mbao/MBA_672,MBA:672
CS,https://purl.brain-bican.org/ontology/mbao/MBA_679,MBA:679
CTX,https://purl.brain-bican.org/ontology/mbao/MBA_688,MBA:688
CTXpl,https://purl.brain-bican.org/ontology/mbao/MBA_695,MBA:695
CTXsp,https://purl.brain-bican.org/ontology/mbao/MBA_703,MBA:703
CU,https://purl.brain-bican.org/ontology/mbao/MBA_711,MBA:711
CUN,https://purl.brain-bican.org/ontology/mbao/MBA_616,MBA:616
DCN,https://purl.brain-bican.org/ontology/mbao/MBA_720,MBA:720
DCO,https://purl.brain-bican.org/ontology/mbao/MBA_96,MBA:96
DEC,https://purl.brain-bican.org/ontology/mbao/MBA_936,MBA:936
DECgr,https://purl.brain-bican.org/ontology/mbao/MBA_10723,MBA:10723
DECmo,https://purl.brain-bican.org/ontology/mbao/MBA_10725,MBA:10725
DECpu,https://purl.brain-bican.org/ontology/mbao/MBA_10724,MBA:10724
DG,https://purl.brain-bican.org/ontology/mbao/MBA_726,MBA:726
DG-mo,https://purl.brain-bican.org/ontology/mbao/MBA_10703,MBA:10703
DG-po,https://purl.brain-bican.org/ontology/mbao/MBA_10704,MBA:10704
DG-sg,https://purl.brain-bican.org/ontology/mbao/MBA_632,MBA:632
DGcr,https://purl.brain-bican.org/ontology/mbao/MBA_734,MBA:734
DGcr-mo,https://purl.brain-bican.org/ontology/mbao/MBA_742,MBA:742
DGcr-sg,https://purl.brain-bican.org/ontology/mbao/MBA_758,MBA:758
DGlb,https://purl.brain-bican.org/ontology/mbao/MBA_766,MBA:766
DGlb-sg,https://purl.brain-bican.org/ontology/mbao/MBA_790,MBA:790
DGmb,https://purl.brain-bican.org/ontology/mbao/MBA_799,MBA:799
DGmb-sg,https://purl.brain-bican.org/ontology/mbao/MBA_823,MBA:823
DMH,https://purl.brain-bican.org/ontology/mbao/MBA_830,MBA:830
DMX,https://purl.brain-bican.org/ontology/mbao/MBA_839,MBA:839
DN,https://purl.brain-bican.org/ontology/mbao/MBA_846,MBA:846
DORpm,https://purl.brain-bican.org/ontology/mbao/MBA_856,MBA:856
DORsm,https://purl.brain-bican.org/ontology/mbao/MBA_864,MBA:864
DP,https://purl.brain-bican.org/ontology/mbao/MBA_814,MBA:814
DP1,https://purl.brain-bican.org/ontology/mbao/MBA_496,MBA:496
DP2,https://purl.brain-bican.org/ontology/mbao/MBA_535,MBA:535
DP2/3,https://purl.brain-bican.org/ontology/mbao/MBA_360,MBA:360
DP5,https://purl.brain-bican.org/ontology/mbao/MBA_646,MBA:646
DP6a,https://purl.brain-bican.org/ontology/mbao/MBA_267,MBA:267
DR,https://purl.brain-bican.org/ontology/mbao/MBA_872,MBA:872
DTN,https://purl.brain-bican.org/ontology/mbao/MBA_880,MBA:880
ECT,https://purl.brain-bican.org/ontology/mbao/MBA_895,MBA:895
ECT1,https://purl.brain-bican.org/ontology/mbao/MBA_836,MBA:836
ECT2/3,https://purl.brain-bican.org/ontology/mbao/MBA_427,MBA:427
ECT5,https://purl.brain-bican.org/ontology/mbao/MBA_988,MBA:988
ECT6a,https://purl.brain-bican.org/ontology/mbao/MBA_977,MBA:977
ECT6b,https://purl.brain-bican.org/ontology/mbao/MBA_1045,MBA:1045
ECU,https://purl.brain-bican.org/ontology/mbao/MBA_903,MBA:903
ENT,https://purl.brain-bican.org/ontology/mbao/MBA_909,MBA:909
ENTl,https://purl.brain-bican.org/ontology/mbao/MBA_918,MBA:918
ENTl1,https://purl.brain-bican.org/ontology/mbao/MBA_1121,MBA:1121
ENTl2,https://purl.brain-bican.org/ontology/mbao/MBA_20,MBA:20
ENTl3,https://purl.brain-bican.org/ontology/mbao/MBA_52,MBA:52
ENTl5,https://purl.brain-bican.org/ontology/mbao/MBA_139,MBA:139
ENTl6a,https://purl.brain-bican.org/ontology/mbao/MBA_28,MBA:28
ENTm,https://purl.brain-bican.org/ontology/mbao/MBA_926,MBA:926
ENTm1,https://purl.brain-bican.org/ontology/mbao/MBA_526,MBA:526
ENTm2,https://purl.brain-bican.org/ontology/mbao/MBA_543,MBA:543
ENTm3,https://purl.brain-bican.org/ontology/mbao/MBA_664,MBA:664
ENTm5,https://purl.brain-bican.org/ontology/mbao/MBA_727,MBA:727
ENTm6,https://purl.brain-bican.org/ontology/mbao/MBA_743,MBA:743
EP,https://purl.brain-bican.org/ontology/mbao/MBA_942,MBA:942
EPI,https://purl.brain-bican.org/ontology/mbao/MBA_958,MBA:958
EPd,https://purl.brain-bican.org/ontology/mbao/MBA_952,MBA:952
EPv,https://purl.brain-bican.org/ontology/mbao/MBA_966,MBA:966
EW,https://purl.brain-bican.org/ontology/mbao/MBA_975,MBA:975
Eth,https://purl.brain-bican.org/ontology/mbao/MBA_560581551,MBA:560581551
FC,https://purl.brain-bican.org/ontology/mbao/MBA_982,MBA:982
FF,https://purl.brain-bican.org/ontology/mbao/MBA_804,MBA:804
FL,https://purl.brain-bican.org/ontology/mbao/MBA_1049,MBA:1049
FLgr,https://purl.brain-bican.org/ontology/mbao/MBA_10690,MBA:10690
FLmo,https://purl.brain-bican.org/ontology/mbao/MBA_10692,MBA:10692
FLpu,https://purl.brain-bican.org/ontology/mbao/MBA_10691,MBA:10691
FN,https://purl.brain-bican.org/ontology/mbao/MBA_989,MBA:989
FOTU,https://purl.brain-bican.org/ontology/mbao/MBA_944,MBA:944
FOTUgr,https://purl.brain-bican.org/ontology/mbao/MBA_10726,MBA:10726
FOTUmo,https://purl.brain-bican.org/ontology/mbao/MBA_10728,MBA:10728
FOTUpu,https://purl.brain-bican.org/ontology/mbao/MBA_10727,MBA:10727
FS,https://purl.brain-bican.org/ontology/mbao/MBA_998,MBA:998
GENd,https://purl.brain-bican.org/ontology/mbao/MBA_1008,MBA:1008
GENv,https://purl.brain-bican.org/ontology/mbao/MBA_1014,MBA:1014
GPe,https://purl.brain-bican.org/ontology/mbao/MBA_1022,MBA:1022
GPi,https://purl.brain-bican.org/ontology/mbao/MBA_1031,MBA:1031
GRN,https://purl.brain-bican.org/ontology/mbao/MBA_1048,MBA:1048
GU,https://purl.brain-bican.org/ontology/mbao/MBA_1057,MBA:1057
GU1,https://purl.brain-bican.org/ontology/mbao/MBA_36,MBA:36
GU2/3,https://purl.brain-bican.org/ontology/mbao/MBA_180,MBA:180
GU4,https://purl.brain-bican.org/ontology/mbao/MBA_148,MBA:148
GU5,https://purl.brain-bican.org/ontology/mbao/MBA_187,MBA:187
GU6a,https://purl.brain-bican.org/ontology/mbao/MBA_638,MBA:638
GU6b,https://purl.brain-bican.org/ontology/mbao/MBA_662,MBA:662
HATA,https://purl.brain-bican.org/ontology/mbao/MBA_589508447,MBA:589508447
HB,https://purl.brain-bican.org/ontology/mbao/MBA_1065,MBA:1065
HEM,https://purl.brain-bican.org/ontology/mbao/MBA_1073,MBA:1073
HIP,https://purl.brain-bican.org/ontology/mbao/MBA_1080,MBA:1080
HPF,https://purl.brain-bican.org/ontology/mbao/MBA_1089,MBA:1089
HY,https://purl.brain-bican.org/ontology/mbao/MBA_1097,MBA:1097
I5,https://purl.brain-bican.org/ontology/mbao/MBA_549009227,MBA:549009227
IA,https://purl.brain-bican.org/ontology/mbao/MBA_1105,MBA:1105
IAD,https://purl.brain-bican.org/ontology/mbao/MBA_1113,MBA:1113
IAM,https://purl.brain-bican.org/ontology/mbao/MBA_1120,MBA:1120
IB,https://purl.brain-bican.org/ontology/mbao/MBA_1129,MBA:1129
IC,https://purl.brain-bican.org/ontology/mbao/MBA_4,MBA:4
ICB,https://purl.brain-bican.org/ontology/mbao/MBA_372,MBA:372
ICc,https://purl.brain-bican.org/ontology/mbao/MBA_811,MBA:811
ICd,https://purl.brain-bican.org/ontology/mbao/MBA_820,MBA:820
ICe,https://purl.brain-bican.org/ontology/mbao/MBA_828,MBA:828
IF,https://purl.brain-bican.org/ontology/mbao/MBA_12,MBA:12
IG,https://purl.brain-bican.org/ontology/mbao/MBA_19,MBA:19
IGL,https://purl.brain-bican.org/ontology/mbao/MBA_27,MBA:27
III,https://purl.brain-bican.org/ontology/mbao/MBA_35,MBA:35
IIIn,https://purl.brain-bican.org/ontology/mbao/MBA_832,MBA:832
IIn,https://purl.brain-bican.org/ontology/mbao/MBA_848,MBA:848
ILA,https://purl.brain-bican.org/ontology/mbao/MBA_44,MBA:44
ILA1,https://purl.brain-bican.org/ontology/mbao/MBA_707,MBA:707
ILA2,https://purl.brain-bican.org/ontology/mbao/MBA_747,MBA:747
ILA2/3,https://purl.brain-bican.org/ontology/mbao/MBA_556,MBA:556
ILA5,https://purl.brain-bican.org/ontology/mbao/MBA_827,MBA:827
ILA6a,https://purl.brain-bican.org/ontology/mbao/MBA_1054,MBA:1054
ILA6b,https://purl.brain-bican.org/ontology/mbao/MBA_1081,MBA:1081
ILM,https://purl.brain-bican.org/ontology/mbao/MBA_51,MBA:51
IMD,https://purl.brain-bican.org/ontology/mbao/MBA_59,MBA:59
INC,https://purl.brain-bican.org/ontology/mbao/MBA_67,MBA:67
IO,https://purl.brain-bican.org/ontology/mbao/MBA_83,MBA:83
IP,https://purl.brain-bican.org/ontology/mbao/MBA_91,MBA:91
IPA,https://purl.brain-bican.org/ontology/mbao/MBA_607344842,MBA:607344842
IPC,https://purl.brain-bican.org/ontology/mbao/MBA_607344838,MBA:607344838
IPDL,https://purl.brain-bican.org/ontology/mbao/MBA_607344858,MBA:607344858
IPDM,https://purl.brain-bican.org/ontology/mbao/MBA_607344854,MBA:607344854
IPI,https://purl.brain-bican.org/ontology/mbao/MBA_607344850,MBA:607344850
IPL,https://purl.brain-bican.org/ontology/mbao/MBA_607344846,MBA:607344846
IPN,https://purl.brain-bican.org/ontology/mbao/MBA_100,MBA:100
IPR,https://purl.brain-bican.org/ontology/mbao/MBA_607344834,MBA:607344834
IRN,https://purl.brain-bican.org/ontology/mbao/MBA_136,MBA:136
ISN,https://purl.brain-bican.org/ontology/mbao/MBA_106,MBA:106
IV,https://purl.brain-bican.org/ontology/mbao/MBA_115,MBA:115
IVd,https://purl.brain-bican.org/ontology/mbao/MBA_384,MBA:384
IVn,https://purl.brain-bican.org/ontology/mbao/MBA_911,MBA:911
IXn,https://purl.brain-bican.org/ontology/mbao/MBA_808,MBA:808
In,https://purl.brain-bican.org/ontology/mbao/MBA_840,MBA:840
IntG,https://purl.brain-bican.org/ontology/mbao/MBA_563807439,MBA:563807439
Isocortex,https://purl.brain-bican.org/ontology/mbao/MBA_315,MBA:315
KF,https://purl.brain-bican.org/ontology/mbao/MBA_123,MBA:123
LA,https://purl.brain-bican.org/ontology/mbao/MBA_131,MBA:131
LAT,https://purl.brain-bican.org/ontology/mbao/MBA_138,MBA:138
LAV,https://purl.brain-bican.org/ontology/mbao/MBA_209,MBA:209
LC,https://purl.brain-bican.org/ontology/mbao/MBA_147,MBA:147
LD,https://purl.brain-bican.org/ontology/mbao/MBA_155,MBA:155
LDT,https://purl.brain-bican.org/ontology/mbao/MBA_162,MBA:162
LGd,https://purl.brain-bican.org/ontology/mbao/MBA_170,MBA:170
LGd-co,https://purl.brain-bican.org/ontology/mbao/MBA_496345668,MBA:496345668
LGd-ip,https://purl.brain-bican.org/ontology/mbao/MBA_496345672,MBA:496345672
LGd-sh,https://purl.brain-bican.org/ontology/mbao/MBA_496345664,MBA:496345664
LGv,https://purl.brain-bican.org/ontology/mbao/MBA_178,MBA:178
LH,https://purl.brain-bican.org/ontology/mbao/MBA_186,MBA:186
LHA,https://purl.brain-bican.org/ontology/mbao/MBA_194,MBA:194
LIN,https://purl.brain-bican.org/ontology/mbao/MBA_203,MBA:203
LM,https://purl.brain-bican.org/ontology/mbao/MBA_210,MBA:210
LP,https://purl.brain-bican.org/ontology/mbao/MBA_218,MBA:218
LPO,https://purl.brain-bican.org/ontology/mbao/MBA_226,MBA:226
LRN,https://purl.brain-bican.org/ontology/mbao/MBA_235,MBA:235
LRNm,https://purl.brain-bican.org/ontology/mbao/MBA_955,MBA:955
LRNp,https://purl.brain-bican.org/ontology/mbao/MBA_963,MBA:963
LS,https://purl.brain-bican.org/ontology/mbao/MBA_242,MBA:242
LSX,https://purl.brain-bican.org/ontology/mbao/MBA_275,MBA:275
LSc,https://purl.brain-bican.org/ontology/mbao/MBA_250,MBA:250
LSr,https://purl.brain-bican.org/ontology/mbao/MBA_258,MBA:258
LSv,https://purl.brain-bican.org/ontology/mbao/MBA_266,MBA:266
LT,https://purl.brain-bican.org/ontology/mbao/MBA_66,MBA:66
LZ,https://purl.brain-bican.org/ontology/mbao/MBA_290,MBA:290
MA,https://purl.brain-bican.org/ontology/mbao/MBA_298,MBA:298
MA3,https://purl.brain-bican.org/ontology/mbao/MBA_549009211,MBA:549009211
MARN,https://purl.brain-bican.org/ontology/mbao/MBA_307,MBA:307
MB,https://purl.brain-bican.org/ontology/mbao/MBA_313,MBA:313
MBO,https://purl.brain-bican.org/ontology/mbao/MBA_331,MBA:331
MBmot,https://purl.brain-bican.org/ontology/mbao/MBA_323,MBA:323
MBsen,https://purl.brain-bican.org/ontology/mbao/MBA_339,MBA:339
MBsta,https://purl.brain-bican.org/ontology/mbao/MBA_348,MBA:348
MD,https://purl.brain-bican.org/ontology/mbao/MBA_362,MBA:362
MDRN,https://purl.brain-bican.org/ontology/mbao/MBA_395,MBA:395
MDRNd,https://purl.brain-bican.org/ontology/mbao/MBA_1098,MBA:1098
MDRNv,https://purl.brain-bican.org/ontology/mbao/MBA_1107,MBA:1107
ME,https://purl.brain-bican.org/ontology/mbao/MBA_10671,MBA:10671
MEA,https://purl.brain-bican.org/ontology/mbao/MBA_403,MBA:403
MED,https://purl.brain-bican.org/ontology/mbao/MBA_444,MBA:444
MEPO,https://purl.brain-bican.org/ontology/mbao/MBA_452,MBA:452
MEZ,https://purl.brain-bican.org/ontology/mbao/MBA_467,MBA:467
MG,https://purl.brain-bican.org/ontology/mbao/MBA_475,MBA:475
MGd,https://purl.brain-bican.org/ontology/mbao/MBA_1072,MBA:1072
MGm,https://purl.brain-bican.org/ontology/mbao/MBA_1088,MBA:1088
MGv,https://purl.brain-bican.org/ontology/mbao/MBA_1079,MBA:1079
MH,https://purl.brain-bican.org/ontology/mbao/MBA_483,MBA:483
MM,https://purl.brain-bican.org/ontology/mbao/MBA_491,MBA:491
MMd,https://purl.brain-bican.org/ontology/mbao/MBA_606826659,MBA:606826659
MMl,https://purl.brain-bican.org/ontology/mbao/MBA_606826647,MBA:606826647
MMm,https://purl.brain-bican.org/ontology/mbao/MBA_606826651,MBA:606826651
MMme,https://purl.brain-bican.org/ontology/mbao/MBA_732,MBA:732
MO,https://purl.brain-bican.org/ontology/mbao/MBA_500,MBA:500
MO1,https://purl.brain-bican.org/ontology/mbao/MBA_107,MBA:107
MO5,https://purl.brain-bican.org/ontology/mbao/MBA_299,MBA:299
MO6a,https://purl.brain-bican.org/ontology/mbao/MBA_644,MBA:644
MO6b,https://purl.brain-bican.org/ontology/mbao/MBA_947,MBA:947
MOB,https://purl.brain-bican.org/ontology/mbao/MBA_507,MBA:507
MOBgl,https://purl.brain-bican.org/ontology/mbao/MBA_212,MBA:212
MOBgr,https://purl.brain-bican.org/ontology/mbao/MBA_220,MBA:220
MOBipl,https://purl.brain-bican.org/ontology/mbao/MBA_228,MBA:228
MOBmi,https://purl.brain-bican.org/ontology/mbao/MBA_236,MBA:236
MOBopl,https://purl.brain-bican.org/ontology/mbao/MBA_244,MBA:244
MOp,https://purl.brain-bican.org/ontology/mbao/MBA_985,MBA:985
MOp1,https://purl.brain-bican.org/ontology/mbao/MBA_320,MBA:320
MOp2/3,https://purl.brain-bican.org/ontology/mbao/MBA_943,MBA:943
MOp5,https://purl.brain-bican.org/ontology/mbao/MBA_648,MBA:648
MOp6a,https://purl.brain-bican.org/ontology/mbao/MBA_844,MBA:844
MOs,https://purl.brain-bican.org/ontology/mbao/MBA_993,MBA:993
MOs1,https://purl.brain-bican.org/ontology/mbao/MBA_656,MBA:656
MOs2/3,https://purl.brain-bican.org/ontology/mbao/MBA_962,MBA:962
MOs5,https://purl.brain-bican.org/ontology/mbao/MBA_767,MBA:767
MOs6a,https://purl.brain-bican.org/ontology/mbao/MBA_1021,MBA:1021
MPN,https://purl.brain-bican.org/ontology/mbao/MBA_515,MBA:515
MPO,https://purl.brain-bican.org/ontology/mbao/MBA_523,MBA:523
MRN,https://purl.brain-bican.org/ontology/mbao/MBA_128,MBA:128
MS,https://purl.brain-bican.org/ontology/mbao/MBA_564,MBA:564
MSC,https://purl.brain-bican.org/ontology/mbao/MBA_904,MBA:904
MTN,https://purl.brain-bican.org/ontology/mbao/MBA_571,MBA:571
MV,https://purl.brain-bican.org/ontology/mbao/MBA_202,MBA:202
MY,https://purl.brain-bican.org/ontology/mbao/MBA_354,MBA:354
MY-mot,https://purl.brain-bican.org/ontology/mbao/MBA_370,MBA:370
MY-sat,https://purl.brain-bican.org/ontology/mbao/MBA_379,MBA:379
MY-sen,https://purl.brain-bican.org/ontology/mbao/MBA_386,MBA:386
NB,https://purl.brain-bican.org/ontology/mbao/MBA_580,MBA:580
ND,https://purl.brain-bican.org/ontology/mbao/MBA_587,MBA:587
NDB,https://purl.brain-bican.org/ontology/mbao/MBA_596,MBA:596
NI,https://purl.brain-bican.org/ontology/mbao/MBA_604,MBA:604
NLL,https://purl.brain-bican.org/ontology/mbao/MBA_612,MBA:612
NLOT,https://purl.brain-bican.org/ontology/mbao/MBA_619,MBA:619
NLOT2,https://purl.brain-bican.org/ontology/mbao/MBA_268,MBA:268
NLOT3,https://purl.brain-bican.org/ontology/mbao/MBA_1139,MBA:1139
NOD,https://purl.brain-bican.org/ontology/mbao/MBA_968,MBA:968
NODgr,https://purl.brain-bican.org/ontology/mbao/MBA_10735,MBA:10735
NODmo,https://purl.brain-bican.org/ontology/mbao/MBA_10737,MBA:10737
NODpu,https://purl.brain-bican.org/ontology/mbao/MBA_10736,MBA:10736
NOT,https://purl.brain-bican.org/ontology/mbao/MBA_628,MBA:628
NPC,https://purl.brain-bican.org/ontology/mbao/MBA_634,MBA:634
NR,https://purl.brain-bican.org/ontology/mbao/MBA_177,MBA:177
NTB,https://purl.brain-bican.org/ontology/mbao/MBA_642,MBA:642
NTS,https://purl.brain-bican.org/ontology/mbao/MBA_651,MBA:651
OLF,https://purl.brain-bican.org/ontology/mbao/MBA_698,MBA:698
OP,https://purl.brain-bican.org/ontology/mbao/MBA_706,MBA:706
ORB,https://purl.brain-bican.org/ontology/mbao/MBA_714,MBA:714
ORBl,https://purl.brain-bican.org/ontology/mbao/MBA_723,MBA:723
ORBl2/3,https://purl.brain-bican.org/ontology/mbao/MBA_412,MBA:412
ORBl5,https://purl.brain-bican.org/ontology/mbao/MBA_630,MBA:630
ORBl6a,https://purl.brain-bican.org/ontology/mbao/MBA_440,MBA:440
ORBm,https://purl.brain-bican.org/ontology/mbao/MBA_731,MBA:731
ORBm1,https://purl.brain-bican.org/ontology/mbao/MBA_484,MBA:484
ORBm2/3,https://purl.brain-bican.org/ontology/mbao/MBA_582,MBA:582
ORBm5,https://purl.brain-bican.org/ontology/mbao/MBA_620,MBA:620
ORBm6a,https://purl.brain-bican.org/ontology/mbao/MBA_910,MBA:910
ORBvl,https://purl.brain-bican.org/ontology/mbao/MBA_746,MBA:746
ORBvl1,https://purl.brain-bican.org/ontology/mbao/MBA_969,MBA:969
ORBvl2/3,https://purl.brain-bican.org/ontology/mbao/MBA_288,MBA:288
ORBvl5,https://purl.brain-bican.org/ontology/mbao/MBA_1125,MBA:1125
ORBvl6a,https://purl.brain-bican.org/ontology/mbao/MBA_608,MBA:608
OT,https://purl.brain-bican.org/ontology/mbao/MBA_754,MBA:754
OV,https://purl.brain-bican.org/ontology/mbao/MBA_763,MBA:763
P,https://purl.brain-bican.org/ontology/mbao/MBA_771,MBA:771
P-mot,https://purl.brain-bican.org/ontology/mbao/MBA_987,MBA:987
P-sat,https://purl.brain-bican.org/ontology/mbao/MBA_1117,MBA:1117
P-sen,https://purl.brain-bican.org/ontology/mbao/MBA_1132,MBA:1132
P5,https://purl.brain-bican.org/ontology/mbao/MBA_549009215,MBA:549009215
PA,https://purl.brain-bican.org/ontology/mbao/MBA_780,MBA:780
PAA,https://purl.brain-bican.org/ontology/mbao/MBA_788,MBA:788
PAG,https://purl.brain-bican.org/ontology/mbao/MBA_795,MBA:795
PAL,https://purl.brain-bican.org/ontology/mbao/MBA_803,MBA:803
PALc,https://purl.brain-bican.org/ontology/mbao/MBA_809,MBA:809
PALd,https://purl.brain-bican.org/ontology/mbao/MBA_818,MBA:818
PALm,https://purl.brain-bican.org/ontology/mbao/MBA_826,MBA:826
PALv,https://purl.brain-bican.org/ontology/mbao/MBA_835,MBA:835
PAR,https://purl.brain-bican.org/ontology/mbao/MBA_843,MBA:843
PARN,https://purl.brain-bican.org/ontology/mbao/MBA_852,MBA:852
PAS,https://purl.brain-bican.org/ontology/mbao/MBA_859,MBA:859
PB,https://purl.brain-bican.org/ontology/mbao/MBA_867,MBA:867
PBG,https://purl.brain-bican.org/ontology/mbao/MBA_874,MBA:874
PC5,https://purl.brain-bican.org/ontology/mbao/MBA_549009223,MBA:549009223
PCG,https://purl.brain-bican.org/ontology/mbao/MBA_898,MBA:898
PCN,https://purl.brain-bican.org/ontology/mbao/MBA_907,MBA:907
PD,https://purl.brain-bican.org/ontology/mbao/MBA_914,MBA:914
PDTg,https://purl.brain-bican.org/ontology/mbao/MBA_599626927,MBA:599626927
PERI,https://purl.brain-bican.org/ontology/mbao/MBA_922,MBA:922
PERI1,https://purl.brain-bican.org/ontology/mbao/MBA_540,MBA:540
PERI2/3,https://purl.brain-bican.org/ontology/mbao/MBA_888,MBA:888
PERI5,https://purl.brain-bican.org/ontology/mbao/MBA_692,MBA:692
PF,https://purl.brain-bican.org/ontology/mbao/MBA_930,MBA:930
PFL,https://purl.brain-bican.org/ontology/mbao/MBA_1041,MBA:1041
PFLgr,https://purl.brain-bican.org/ontology/mbao/MBA_10687,MBA:10687
PFLmo,https://purl.brain-bican.org/ontology/mbao/MBA_10689,MBA:10689
PFLpu,https://purl.brain-bican.org/ontology/mbao/MBA_10688,MBA:10688
PG,https://purl.brain-bican.org/ontology/mbao/MBA_931,MBA:931
PGRN,https://purl.brain-bican.org/ontology/mbao/MBA_938,MBA:938
PGRNd,https://purl.brain-bican.org/ontology/mbao/MBA_970,MBA:970
PGRNl,https://purl.brain-bican.org/ontology/mbao/MBA_978,MBA:978
PH,https://purl.brain-bican.org/ontology/mbao/MBA_946,MBA:946
PHY,https://purl.brain-bican.org/ontology/mbao/MBA_154,MBA:154
PIL,https://purl.brain-bican.org/ontology/mbao/MBA_560581563,MBA:560581563
PIN,https://purl.brain-bican.org/ontology/mbao/MBA_953,MBA:953
PIR,https://purl.brain-bican.org/ontology/mbao/MBA_961,MBA:961
PL,https://purl.brain-bican.org/ontology/mbao/MBA_972,MBA:972
PL1,https://purl.brain-bican.org/ontology/mbao/MBA_171,MBA:171
PL2,https://purl.brain-bican.org/ontology/mbao/MBA_195,MBA:195
PL2/3,https://purl.brain-bican.org/ontology/mbao/MBA_304,MBA:304
PL5,https://purl.brain-bican.org/ontology/mbao/MBA_363,MBA:363
PL6a,https://purl.brain-bican.org/ontology/mbao/MBA_84,MBA:84
PL6b,https://purl.brain-bican.org/ontology/mbao/MBA_132,MBA:132
PMd,https://purl.brain-bican.org/ontology/mbao/MBA_980,MBA:980
PMv,https://purl.brain-bican.org/ontology/mbao/MBA_1004,MBA:1004
PN,https://purl.brain-bican.org/ontology/mbao/MBA_607344830,MBA:607344830
PO,https://purl.brain-bican.org/ontology/mbao/MBA_1020,MBA:1020
POL,https://purl.brain-bican.org/ontology/mbao/MBA_1029,MBA:1029
POR,https://purl.brain-bican.org/ontology/mbao/MBA_122,MBA:122
POST,https://purl.brain-bican.org/ontology/mbao/MBA_1037,MBA:1037
PP,https://purl.brain-bican.org/ontology/mbao/MBA_1044,MBA:1044
PPN,https://purl.brain-bican.org/ontology/mbao/MBA_1052,MBA:1052
PPT,https://purl.brain-bican.org/ontology/mbao/MBA_1061,MBA:1061
PPY,https://purl.brain-bican.org/ontology/mbao/MBA_1069,MBA:1069
PR,https://purl.brain-bican.org/ontology/mbao/MBA_1077,MBA:1077
PRC,https://purl.brain-bican.org/ontology/mbao/MBA_50,MBA:50
PRE,https://purl.brain-bican.org/ontology/mbao/MBA_1084,MBA:1084
PRM,https://purl.brain-bican.org/ontology/mbao/MBA_1025,MBA:1025
PRMgr,https://purl.brain-bican.org/ontology/mbao/MBA_10681,MBA:10681
PRMmo,https://purl.brain-bican.org/ontology/mbao/MBA_10683,MBA:10683
PRMpu,https://purl.brain-bican.org/ontology/mbao/MBA_10682,MBA:10682
PRNc,https://purl.brain-bican.org/ontology/mbao/MBA_1093,MBA:1093
PRNr,https://purl.brain-bican.org/ontology/mbao/MBA_146,MBA:146
PRP,https://purl.brain-bican.org/ontology/mbao/MBA_169,MBA:169
PRT,https://purl.brain-bican.org/ontology/mbao/MBA_1100,MBA:1100
PS,https://purl.brain-bican.org/ontology/mbao/MBA_1109,MBA:1109
PSTN,https://purl.brain-bican.org/ontology/mbao/MBA_364,MBA:364
PSV,https://purl.brain-bican.org/ontology/mbao/MBA_7,MBA:7
PT,https://purl.brain-bican.org/ontology/mbao/MBA_15,MBA:15
PTLp,https://purl.brain-bican.org/ontology/mbao/MBA_22,MBA:22
PVH,https://purl.brain-bican.org/ontology/mbao/MBA_38,MBA:38
PVHd,https://purl.brain-bican.org/ontology/mbao/MBA_63,MBA:63
PVR,https://purl.brain-bican.org/ontology/mbao/MBA_141,MBA:141
PVT,https://purl.brain-bican.org/ontology/mbao/MBA_149,MBA:149
PVZ,https://purl.brain-bican.org/ontology/mbao/MBA_157,MBA:157
PVa,https://purl.brain-bican.org/ontology/mbao/MBA_30,MBA:30
PVi,https://purl.brain-bican.org/ontology/mbao/MBA_118,MBA:118
PVp,https://purl.brain-bican.org/ontology/mbao/MBA_126,MBA:126
PVpo,https://purl.brain-bican.org/ontology/mbao/MBA_133,MBA:133
Pa4,https://purl.brain-bican.org/ontology/mbao/MBA_606826663,MBA:606826663
Pa5,https://purl.brain-bican.org/ontology/mbao/MBA_589508451,MBA:589508451
PeF,https://purl.brain-bican.org/ontology/mbao/MBA_576073704,MBA:576073704
PoT,https://purl.brain-bican.org/ontology/mbao/MBA_563807435,MBA:563807435
ProS,https://purl.brain-bican.org/ontology/mbao/MBA_484682470,MBA:484682470
RAmb,https://purl.brain-bican.org/ontology/mbao/MBA_165,MBA:165
RCH,https://purl.brain-bican.org/ontology/mbao/MBA_173,MBA:173
RE,https://purl.brain-bican.org/ontology/mbao/MBA_181,MBA:181
RH,https://purl.brain-bican.org/ontology/mbao/MBA_189,MBA:189
RHP,https://purl.brain-bican.org/ontology/mbao/MBA_822,MBA:822
RL,https://purl.brain-bican.org/ontology/mbao/MBA_197,MBA:197
RM,https://purl.brain-bican.org/ontology/mbao/MBA_206,MBA:206
RN,https://purl.brain-bican.org/ontology/mbao/MBA_214,MBA:214
RO,https://purl.brain-bican.org/ontology/mbao/MBA_222,MBA:222
RPA,https://purl.brain-bican.org/ontology/mbao/MBA_230,MBA:230
RPF,https://purl.brain-bican.org/ontology/mbao/MBA_549009203,MBA:549009203
RPO,https://purl.brain-bican.org/ontology/mbao/MBA_238,MBA:238
RR,https://purl.brain-bican.org/ontology/mbao/MBA_246,MBA:246
RSP,https://purl.brain-bican.org/ontology/mbao/MBA_254,MBA:254
RSPagl,https://purl.brain-bican.org/ontology/mbao/MBA_894,MBA:894
RSPagl1,https://purl.brain-bican.org/ontology/mbao/MBA_671,MBA:671
RSPagl2/3,https://purl.brain-bican.org/ontology/mbao/MBA_965,MBA:965
RSPagl5,https://purl.brain-bican.org/ontology/mbao/MBA_774,MBA:774
RSPagl6a,https://purl.brain-bican.org/ontology/mbao/MBA_906,MBA:906
RSPd,https://purl.brain-bican.org/ontology/mbao/MBA_879,MBA:879
RSPd1,https://purl.brain-bican.org/ontology/mbao/MBA_442,MBA:442
RSPd2/3,https://purl.brain-bican.org/ontology/mbao/MBA_434,MBA:434
RSPd5,https://purl.brain-bican.org/ontology/mbao/MBA_610,MBA:610
RSPd6a,https://purl.brain-bican.org/ontology/mbao/MBA_274,MBA:274
RSPv,https://purl.brain-bican.org/ontology/mbao/MBA_886,MBA:886
RSPv1,https://purl.brain-bican.org/ontology/mbao/MBA_542,MBA:542
RSPv2/3,https://purl.brain-bican.org/ontology/mbao/MBA_430,MBA:430
RSPv5,https://purl.brain-bican.org/ontology/mbao/MBA_687,MBA:687
RSPv6a,https://purl.brain-bican.org/ontology/mbao/MBA_590,MBA:590
RT,https://purl.brain-bican.org/ontology/mbao/MBA_262,MBA:262
SAG,https://purl.brain-bican.org/ontology/mbao/MBA_271,MBA:271
SBPV,https://purl.brain-bican.org/ontology/mbao/MBA_347,MBA:347
SCH,https://purl.brain-bican.org/ontology/mbao/MBA_286,MBA:286
SCO,https://purl.brain-bican.org/ontology/mbao/MBA_599626923,MBA:599626923
SCdg,https://purl.brain-bican.org/ontology/mbao/MBA_26,MBA:26
SCdw,https://purl.brain-bican.org/ontology/mbao/MBA_42,MBA:42
SCig,https://purl.brain-bican.org/ontology/mbao/MBA_10,MBA:10
SCiw,https://purl.brain-bican.org/ontology/mbao/MBA_17,MBA:17
SCm,https://purl.brain-bican.org/ontology/mbao/MBA_294,MBA:294
SCop,https://purl.brain-bican.org/ontology/mbao/MBA_851,MBA:851
SCs,https://purl.brain-bican.org/ontology/mbao/MBA_302,MBA:302
SCsg,https://purl.brain-bican.org/ontology/mbao/MBA_842,MBA:842
SCzo,https://purl.brain-bican.org/ontology/mbao/MBA_834,MBA:834
SF,https://purl.brain-bican.org/ontology/mbao/MBA_310,MBA:310
SFO,https://purl.brain-bican.org/ontology/mbao/MBA_338,MBA:338
SG,https://purl.brain-bican.org/ontology/mbao/MBA_318,MBA:318
SGN,https://purl.brain-bican.org/ontology/mbao/MBA_325,MBA:325
SH,https://purl.brain-bican.org/ontology/mbao/MBA_333,MBA:333
SI,https://purl.brain-bican.org/ontology/mbao/MBA_342,MBA:342
SIM,https://purl.brain-bican.org/ontology/mbao/MBA_1007,MBA:1007
SIMgr,https://purl.brain-bican.org/ontology/mbao/MBA_10672,MBA:10672
SIMmo,https://purl.brain-bican.org/ontology/mbao/MBA_10674,MBA:10674
SIMpu,https://purl.brain-bican.org/ontology/mbao/MBA_10673,MBA:10673
SLC,https://purl.brain-bican.org/ontology/mbao/MBA_350,MBA:350
SLD,https://purl.brain-bican.org/ontology/mbao/MBA_358,MBA:358
SMT,https://purl.brain-bican.org/ontology/mbao/MBA_366,MBA:366
SNc,https://purl.brain-bican.org/ontology/mbao/MBA_374,MBA:374
SNr,https://purl.brain-bican.org/ontology/mbao/MBA_381,MBA:381
SO,https://purl.brain-bican.org/ontology/mbao/MBA_390,MBA:390
SOC,https://purl.brain-bican.org/ontology/mbao/MBA_398,MBA:398
SOCl,https://purl.brain-bican.org/ontology/mbao/MBA_114,MBA:114
SOCm,https://purl.brain-bican.org/ontology/mbao/MBA_105,MBA:105
SPA,https://purl.brain-bican.org/ontology/mbao/MBA_609,MBA:609
SPF,https://purl.brain-bican.org/ontology/mbao/MBA_406,MBA:406
SPFm,https://purl.brain-bican.org/ontology/mbao/MBA_414,MBA:414
SPFp,https://purl.brain-bican.org/ontology/mbao/MBA_422,MBA:422
SPIV,https://purl.brain-bican.org/ontology/mbao/MBA_225,MBA:225
SPVC,https://purl.brain-bican.org/ontology/mbao/MBA_429,MBA:429
SPVI,https://purl.brain-bican.org/ontology/mbao/MBA_437,MBA:437
SPVO,https://purl.brain-bican.org/ontology/mbao/MBA_445,MBA:445
SS,https://purl.brain-bican.org/ontology/mbao/MBA_453,MBA:453
SS1,https://purl.brain-bican.org/ontology/mbao/MBA_12993,MBA:12993
SS2/3,https://purl.brain-bican.org/ontology/mbao/MBA_12994,MBA:12994
SS4,https://purl.brain-bican.org/ontology/mbao/MBA_12995,MBA:12995
SS5,https://purl.brain-bican.org/ontology/mbao/MBA_12996,MBA:12996
SS6a,https://purl.brain-bican.org/ontology/mbao/MBA_12997,MBA:12997
SS6b,https://purl.brain-bican.org/ontology/mbao/MBA_12998,MBA:12998
SSN,https://purl.brain-bican.org/ontology/mbao/MBA_462,MBA:462
SSp,https://purl.brain-bican.org/ontology/mbao/MBA_322,MBA:322
SSp-bfd,https://purl.brain-bican.org/ontology/mbao/MBA_329,MBA:329
SSp-bfd1,https://purl.brain-bican.org/ontology/mbao/MBA_981,MBA:981
SSp-bfd2/3,https://purl.brain-bican.org/ontology/mbao/MBA_201,MBA:201
SSp-bfd4,https://purl.brain-bican.org/ontology/mbao/MBA_1047,MBA:1047
SSp-bfd5,https://purl.brain-bican.org/ontology/mbao/MBA_1070,MBA:1070
SSp-bfd6a,https://purl.brain-bican.org/ontology/mbao/MBA_1038,MBA:1038
SSp-bfd6b,https://purl.brain-bican.org/ontology/mbao/MBA_1062,MBA:1062
SSp-ll,https://purl.brain-bican.org/ontology/mbao/MBA_337,MBA:337
SSp-ll2/3,https://purl.brain-bican.org/ontology/mbao/MBA_113,MBA:113
SSp-ll5,https://purl.brain-bican.org/ontology/mbao/MBA_1128,MBA:1128
SSp-ll6a,https://purl.brain-bican.org/ontology/mbao/MBA_478,MBA:478
SSp-m,https://purl.brain-bican.org/ontology/mbao/MBA_345,MBA:345
SSp-m1,https://purl.brain-bican.org/ontology/mbao/MBA_878,MBA:878
SSp-m2/3,https://purl.brain-bican.org/ontology/mbao/MBA_657,MBA:657
SSp-m4,https://purl.brain-bican.org/ontology/mbao/MBA_950,MBA:950
SSp-m5,https://purl.brain-bican.org/ontology/mbao/MBA_974,MBA:974
SSp-m6a,https://purl.brain-bican.org/ontology/mbao/MBA_1102,MBA:1102
SSp-n,https://purl.brain-bican.org/ontology/mbao/MBA_353,MBA:353
SSp-n2/3,https://purl.brain-bican.org/ontology/mbao/MBA_838,MBA:838
SSp-n4,https://purl.brain-bican.org/ontology/mbao/MBA_654,MBA:654
SSp-n5,https://purl.brain-bican.org/ontology/mbao/MBA_702,MBA:702
SSp-n6a,https://purl.brain-bican.org/ontology/mbao/MBA_889,MBA:889
SSp-tr,https://purl.brain-bican.org/ontology/mbao/MBA_361,MBA:361
SSp-tr2/3,https://purl.brain-bican.org/ontology/mbao/MBA_670,MBA:670
SSp-ul,https://purl.brain-bican.org/ontology/mbao/MBA_369,MBA:369
SSp-ul2/3,https://purl.brain-bican.org/ontology/mbao/MBA_854,MBA:854
SSp-ul4,https://purl.brain-bican.org/ontology/mbao/MBA_577,MBA:577
SSp-ul5,https://purl.brain-bican.org/ontology/mbao/MBA_625,MBA:625
SSp-ul6a,https://purl.brain-bican.org/ontology/mbao/MBA_945,MBA:945
SSs,https://purl.brain-bican.org/ontology/mbao/MBA_378,MBA:378
SSs1,https://purl.brain-bican.org/ontology/mbao/MBA_873,MBA:873
SSs2/3,https://purl.brain-bican.org/ontology/mbao/MBA_806,MBA:806
SSs4,https://purl.brain-bican.org/ontology/mbao/MBA_1035,MBA:1035
SSs5,https://purl.brain-bican.org/ontology/mbao/MBA_1090,MBA:1090
SSs6a,https://purl.brain-bican.org/ontology/mbao/MBA_862,MBA:862
SSs6b,https://purl.brain-bican.org/ontology/mbao/MBA_893,MBA:893
STN,https://purl.brain-bican.org/ontology/mbao/MBA_470,MBA:470
STR,https://purl.brain-bican.org/ontology/mbao/MBA_477,MBA:477
STRd,https://purl.brain-bican.org/ontology/mbao/MBA_485,MBA:485
STRv,https://purl.brain-bican.org/ontology/mbao/MBA_493,MBA:493
SUB,https://purl.brain-bican.org/ontology/mbao/MBA_502,MBA:502
SUM,https://purl.brain-bican.org/ontology/mbao/MBA_525,MBA:525
SUT,https://purl.brain-bican.org/ontology/mbao/MBA_534,MBA:534
SUV,https://purl.brain-bican.org/ontology/mbao/MBA_217,MBA:217
Su3,https://purl.brain-bican.org/ontology/mbao/MBA_614454277,MBA:614454277
SubG,https://purl.brain-bican.org/ontology/mbao/MBA_321,MBA:321
TEa,https://purl.brain-bican.org/ontology/mbao/MBA_541,MBA:541
TEa1,https://purl.brain-bican.org/ontology/mbao/MBA_97,MBA:97
TEa2/3,https://purl.brain-bican.org/ontology/mbao/MBA_1127,MBA:1127
TEa4,https://purl.brain-bican.org/ontology/mbao/MBA_234,MBA:234
TEa5,https://purl.brain-bican.org/ontology/mbao/MBA_289,MBA:289
TEa6a,https://purl.brain-bican.org/ontology/mbao/MBA_729,MBA:729
TEa6b,https://purl.brain-bican.org/ontology/mbao/MBA_786,MBA:786
TH,https://purl.brain-bican.org/ontology/mbao/MBA_549,MBA:549
TM,https://purl.brain-bican.org/ontology/mbao/MBA_557,MBA:557
TMd,https://purl.brain-bican.org/ontology/mbao/MBA_1126,MBA:1126
TMv,https://purl.brain-bican.org/ontology/mbao/MBA_1,MBA:1
TR,https://purl.brain-bican.org/ontology/mbao/MBA_566,MBA:566
TRN,https://purl.brain-bican.org/ontology/mbao/MBA_574,MBA:574
TRS,https://purl.brain-bican.org/ontology/mbao/MBA_581,MBA:581
TT,https://purl.brain-bican.org/ontology/mbao/MBA_589,MBA:589
TTd,https://purl.brain-bican.org/ontology/mbao/MBA_597,MBA:597
TTv,https://purl.brain-bican.org/ontology/mbao/MBA_605,MBA:605
TU,https://purl.brain-bican.org/ontology/mbao/MBA_614,MBA:614
UVU,https://purl.brain-bican.org/ontology/mbao/MBA_957,MBA:957
UVUgr,https://purl.brain-bican.org/ontology/mbao/MBA_10732,MBA:10732
UVUmo,https://purl.brain-bican.org/ontology/mbao/MBA_10734,MBA:10734
UVUpu,https://purl.brain-bican.org/ontology/mbao/MBA_10733,MBA:10733
V,https://purl.brain-bican.org/ontology/mbao/MBA_621,MBA:621
V3,https://purl.brain-bican.org/ontology/mbao/MBA_129,MBA:129
V4,https://purl.brain-bican.org/ontology/mbao/MBA_145,MBA:145
V4r,https://purl.brain-bican.org/ontology/mbao/MBA_153,MBA:153
VAL,https://purl.brain-bican.org/ontology/mbao/MBA_629,MBA:629
VCO,https://purl.brain-bican.org/ontology/mbao/MBA_101,MBA:101
VENT,https://purl.brain-bican.org/ontology/mbao/MBA_637,MBA:637
VERM,https://purl.brain-bican.org/ontology/mbao/MBA_645,MBA:645
VI,https://purl.brain-bican.org/ontology/mbao/MBA_653,MBA:653
VII,https://purl.brain-bican.org/ontology/mbao/MBA_661,MBA:661
VIIIn,https://purl.brain-bican.org/ontology/mbao/MBA_933,MBA:933
VIIn,https://purl.brain-bican.org/ontology/mbao/MBA_798,MBA:798
VIS,https://purl.brain-bican.org/ontology/mbao/MBA_669,MBA:669
VISC,https://purl.brain-bican.org/ontology/mbao/MBA_677,MBA:677
VISC2/3,https://purl.brain-bican.org/ontology/mbao/MBA_1106,MBA:1106
VISC4,https://purl.brain-bican.org/ontology/mbao/MBA_1010,MBA:1010
VISC5,https://purl.brain-bican.org/ontology/mbao/MBA_1058,MBA:1058
VISC6a,https://purl.brain-bican.org/ontology/mbao/MBA_857,MBA:857
VISC6b,https://purl.brain-bican.org/ontology/mbao/MBA_849,MBA:849
VISa,https://purl.brain-bican.org/ontology/mbao/MBA_312782546,MBA:312782546
VISa2/3,https://purl.brain-bican.org/ontology/mbao/MBA_312782554,MBA:312782554
VISam,https://purl.brain-bican.org/ontology/mbao/MBA_394,MBA:394
VISam1,https://purl.brain-bican.org/ontology/mbao/MBA_281,MBA:281
VISam2/3,https://purl.brain-bican.org/ontology/mbao/MBA_1066,MBA:1066
VISam4,https://purl.brain-bican.org/ontology/mbao/MBA_401,MBA:401
VISam5,https://purl.brain-bican.org/ontology/mbao/MBA_433,MBA:433
VISam6a,https://purl.brain-bican.org/ontology/mbao/MBA_1046,MBA:1046
VISam6b,https://purl.brain-bican.org/ontology/mbao/MBA_441,MBA:441
VISl,https://purl.brain-bican.org/ontology/mbao/MBA_409,MBA:409
VISl1,https://purl.brain-bican.org/ontology/mbao/MBA_421,MBA:421
VISl2/3,https://purl.brain-bican.org/ontology/mbao/MBA_973,MBA:973
VISl4,https://purl.brain-bican.org/ontology/mbao/MBA_573,MBA:573
VISl5,https://purl.brain-bican.org/ontology/mbao/MBA_613,MBA:613
VISl6a,https://purl.brain-bican.org/ontology/mbao/MBA_74,MBA:74
VISli,https://purl.brain-bican.org/ontology/mbao/MBA_312782574,MBA:312782574
VISli4,https://purl.brain-bican.org/ontology/mbao/MBA_312782586,MBA:312782586
VISp,https://purl.brain-bican.org/ontology/mbao/MBA_385,MBA:385
VISp1,https://purl.brain-bican.org/ontology/mbao/MBA_593,MBA:593
VISp2/3,https://purl.brain-bican.org/ontology/mbao/MBA_821,MBA:821
VISp4,https://purl.brain-bican.org/ontology/mbao/MBA_721,MBA:721
VISp5,https://purl.brain-bican.org/ontology/mbao/MBA_778,MBA:778
VISp6a,https://purl.brain-bican.org/ontology/mbao/MBA_33,MBA:33
VISpl,https://purl.brain-bican.org/ontology/mbao/MBA_425,MBA:425
VISpl1,https://purl.brain-bican.org/ontology/mbao/MBA_750,MBA:750
VISpl2/3,https://purl.brain-bican.org/ontology/mbao/MBA_269,MBA:269
VISpl5,https://purl.brain-bican.org/ontology/mbao/MBA_902,MBA:902
VISpm,https://purl.brain-bican.org/ontology/mbao/MBA_533,MBA:533
VISpm1,https://purl.brain-bican.org/ontology/mbao/MBA_805,MBA:805
VISpm2/3,https://purl.brain-bican.org/ontology/mbao/MBA_41,MBA:41
VISpor,https://purl.brain-bican.org/ontology/mbao/MBA_312782628,MBA:312782628
VISpor1,https://purl.brain-bican.org/ontology/mbao/MBA_312782632,MBA:312782632
VISpor2/3,https://purl.brain-bican.org/ontology/mbao/MBA_312782636,MBA:312782636
VISpor4,https://purl.brain-bican.org/ontology/mbao/MBA_312782640,MBA:312782640
VISpor5,https://purl.brain-bican.org/ontology/mbao/MBA_312782644,MBA:312782644
VISpor6a,https://purl.brain-bican.org/ontology/mbao/MBA_312782648,MBA:312782648
VISpor6b,https://purl.brain-bican.org/ontology/mbao/MBA_312782652,MBA:312782652
VISrl,https://purl.brain-bican.org/ontology/mbao/MBA_417,MBA:417
VISrl1,https://purl.brain-bican.org/ontology/mbao/MBA_312782604,MBA:312782604
VISrl2/3,https://purl.brain-bican.org/ontology/mbao/MBA_312782608,MBA:312782608
VISrl4,https://purl.brain-bican.org/ontology/mbao/MBA_312782612,MBA:312782612
VISrl6a,https://purl.brain-bican.org/ontology/mbao/MBA_312782620,MBA:312782620
VISrl6b,https://purl.brain-bican.org/ontology/mbao/MBA_312782624,MBA:312782624
VIn,https://purl.brain-bican.org/ontology/mbao/MBA_710,MBA:710
VL,https://purl.brain-bican.org/ontology/mbao/MBA_81,MBA:81
VLPO,https://purl.brain-bican.org/ontology/mbao/MBA_689,MBA:689
VM,https://purl.brain-bican.org/ontology/mbao/MBA_685,MBA:685
VMH,https://purl.brain-bican.org/ontology/mbao/MBA_693,MBA:693
VMPO,https://purl.brain-bican.org/ontology/mbao/MBA_576073699,MBA:576073699
VNC,https://purl.brain-bican.org/ontology/mbao/MBA_701,MBA:701
VP,https://purl.brain-bican.org/ontology/mbao/MBA_709,MBA:709
VPL,https://purl.brain-bican.org/ontology/mbao/MBA_718,MBA:718
VPLpc,https://purl.brain-bican.org/ontology/mbao/MBA_725,MBA:725
VPM,https://purl.brain-bican.org/ontology/mbao/MBA_733,MBA:733
VPMpc,https://purl.brain-bican.org/ontology/mbao/MBA_741,MBA:741
VS,https://purl.brain-bican.org/ontology/mbao/MBA_73,MBA:73
VTA,https://purl.brain-bican.org/ontology/mbao/MBA_749,MBA:749
VTN,https://purl.brain-bican.org/ontology/mbao/MBA_757,MBA:757
VeCB,https://purl.brain-bican.org/ontology/mbao/MBA_589508455,MBA:589508455
Vn,https://purl.brain-bican.org/ontology/mbao/MBA_901,MBA:901
XII,https://purl.brain-bican.org/ontology/mbao/MBA_773,MBA:773
XIIn,https://purl.brain-bican.org/ontology/mbao/MBA_813,MBA:813
XIn,https://purl.brain-bican.org/ontology/mbao/MBA_717,MBA:717
Xi,https://purl.brain-bican.org/ontology/mbao/MBA_560581559,MBA:560581559
Xn,https://purl.brain-bican.org/ontology/mbao/MBA_917,MBA:917
ZI,https://purl.brain-bican.org/ontology/mbao/MBA_797,MBA:797
aco,https://purl.brain-bican.org/ontology/mbao/MBA_900,MBA:900
act,https://purl.brain-bican.org/ontology/mbao/MBA_908,MBA:908
alv,https://purl.brain-bican.org/ontology/mbao/MBA_466,MBA:466
amc,https://purl.brain-bican.org/ontology/mbao/MBA_884,MBA:884
aot,https://purl.brain-bican.org/ontology/mbao/MBA_876,MBA:876
ar,https://purl.brain-bican.org/ontology/mbao/MBA_484682524,MBA:484682524
arb,https://purl.brain-bican.org/ontology/mbao/MBA_728,MBA:728
bic,https://purl.brain-bican.org/ontology/mbao/MBA_482,MBA:482
bsc,https://purl.brain-bican.org/ontology/mbao/MBA_916,MBA:916
c,https://purl.brain-bican.org/ontology/mbao/MBA_164,MBA:164
cVIIIn,https://purl.brain-bican.org/ontology/mbao/MBA_948,MBA:948
cbc,https://purl.brain-bican.org/ontology/mbao/MBA_744,MBA:744
cbf,https://purl.brain-bican.org/ontology/mbao/MBA_960,MBA:960
cbp,https://purl.brain-bican.org/ontology/mbao/MBA_752,MBA:752
cc,https://purl.brain-bican.org/ontology/mbao/MBA_776,MBA:776
ccb,https://purl.brain-bican.org/ontology/mbao/MBA_484682516,MBA:484682516
ccg,https://purl.brain-bican.org/ontology/mbao/MBA_1108,MBA:1108
ccs,https://purl.brain-bican.org/ontology/mbao/MBA_986,MBA:986
cett,https://purl.brain-bican.org/ontology/mbao/MBA_932,MBA:932
chpl,https://purl.brain-bican.org/ontology/mbao/MBA_108,MBA:108
cic,https://purl.brain-bican.org/ontology/mbao/MBA_633,MBA:633
cing,https://purl.brain-bican.org/ontology/mbao/MBA_940,MBA:940
cm,https://purl.brain-bican.org/ontology/mbao/MBA_967,MBA:967
cpd,https://purl.brain-bican.org/ontology/mbao/MBA_924,MBA:924
csc,https://purl.brain-bican.org/ontology/mbao/MBA_336,MBA:336
cst,https://purl.brain-bican.org/ontology/mbao/MBA_784,MBA:784
das,https://purl.brain-bican.org/ontology/mbao/MBA_506,MBA:506
dhc,https://purl.brain-bican.org/ontology/mbao/MBA_443,MBA:443
drt,https://purl.brain-bican.org/ontology/mbao/MBA_792,MBA:792
dscp,https://purl.brain-bican.org/ontology/mbao/MBA_812,MBA:812
ec,https://purl.brain-bican.org/ontology/mbao/MBA_579,MBA:579
ee,https://purl.brain-bican.org/ontology/mbao/MBA_964,MBA:964
em,https://purl.brain-bican.org/ontology/mbao/MBA_1092,MBA:1092
eps,https://purl.brain-bican.org/ontology/mbao/MBA_1000,MBA:1000
epsc,https://purl.brain-bican.org/ontology/mbao/MBA_760,MBA:760
fa,https://purl.brain-bican.org/ontology/mbao/MBA_956,MBA:956
fi,https://purl.brain-bican.org/ontology/mbao/MBA_603,MBA:603
fiber tracts,https://purl.brain-bican.org/ontology/mbao/MBA_1009,MBA:1009
fp,https://purl.brain-bican.org/ontology/mbao/MBA_971,MBA:971
fr,https://purl.brain-bican.org/ontology/mbao/MBA_595,MBA:595
fx,https://purl.brain-bican.org/ontology/mbao/MBA_436,MBA:436
fxpo,https://purl.brain-bican.org/ontology/mbao/MBA_737,MBA:737
fxs,https://purl.brain-bican.org/ontology/mbao/MBA_1099,MBA:1099
gVIIn,https://purl.brain-bican.org/ontology/mbao/MBA_1116,MBA:1116
grey,https://purl.brain-bican.org/ontology/mbao/MBA_8,MBA:8
grv,https://purl.brain-bican.org/ontology/mbao/MBA_1024,MBA:1024
hbc,https://purl.brain-bican.org/ontology/mbao/MBA_611,MBA:611
hc,https://purl.brain-bican.org/ontology/mbao/MBA_618,MBA:618
icp,https://purl.brain-bican.org/ontology/mbao/MBA_1123,MBA:1123
int,https://purl.brain-bican.org/ontology/mbao/MBA_6,MBA:6
isl,https://purl.brain-bican.org/ontology/mbao/MBA_481,MBA:481
lfbs,https://purl.brain-bican.org/ontology/mbao/MBA_983,MBA:983
lfbst,https://purl.brain-bican.org/ontology/mbao/MBA_896,MBA:896
ll,https://purl.brain-bican.org/ontology/mbao/MBA_658,MBA:658
lot,https://purl.brain-bican.org/ontology/mbao/MBA_665,MBA:665
lotd,https://purl.brain-bican.org/ontology/mbao/MBA_538,MBA:538
lotg,https://purl.brain-bican.org/ontology/mbao/MBA_21,MBA:21
mcp,https://purl.brain-bican.org/ontology/mbao/MBA_78,MBA:78
mct,https://purl.brain-bican.org/ontology/mbao/MBA_428,MBA:428
mfb,https://purl.brain-bican.org/ontology/mbao/MBA_54,MBA:54
mfbc,https://purl.brain-bican.org/ontology/mbao/MBA_768,MBA:768
mfbs,https://purl.brain-bican.org/ontology/mbao/MBA_991,MBA:991
mfbse,https://purl.brain-bican.org/ontology/mbao/MBA_1083,MBA:1083
mfbsma,https://purl.brain-bican.org/ontology/mbao/MBA_46,MBA:46
mfsbshy,https://purl.brain-bican.org/ontology/mbao/MBA_824,MBA:824
ml,https://purl.brain-bican.org/ontology/mbao/MBA_697,MBA:697
mlf,https://purl.brain-bican.org/ontology/mbao/MBA_62,MBA:62
moV,https://purl.brain-bican.org/ontology/mbao/MBA_93,MBA:93
mp,https://purl.brain-bican.org/ontology/mbao/MBA_673,MBA:673
mtg,https://purl.brain-bican.org/ontology/mbao/MBA_681,MBA:681
mtt,https://purl.brain-bican.org/ontology/mbao/MBA_690,MBA:690
nst,https://purl.brain-bican.org/ontology/mbao/MBA_102,MBA:102
och,https://purl.brain-bican.org/ontology/mbao/MBA_117,MBA:117
onl,https://purl.brain-bican.org/ontology/mbao/MBA_1016,MBA:1016
opt,https://purl.brain-bican.org/ontology/mbao/MBA_125,MBA:125
or,https://purl.brain-bican.org/ontology/mbao/MBA_484682520,MBA:484682520
pc,https://purl.brain-bican.org/ontology/mbao/MBA_158,MBA:158
per,https://purl.brain-bican.org/ontology/mbao/MBA_713,MBA:713
pm,https://purl.brain-bican.org/ontology/mbao/MBA_753,MBA:753
py,https://purl.brain-bican.org/ontology/mbao/MBA_190,MBA:190
pyd,https://purl.brain-bican.org/ontology/mbao/MBA_198,MBA:198
retina,https://purl.brain-bican.org/ontology/mbao/MBA_304325711,MBA:304325711
root,https://purl.brain-bican.org/ontology/mbao/MBA_997,MBA:997
rust,https://purl.brain-bican.org/ontology/mbao/MBA_863,MBA:863
sAMY,https://purl.brain-bican.org/ontology/mbao/MBA_278,MBA:278
sV,https://purl.brain-bican.org/ontology/mbao/MBA_229,MBA:229
scp,https://purl.brain-bican.org/ontology/mbao/MBA_326,MBA:326
sct,https://purl.brain-bican.org/ontology/mbao/MBA_85,MBA:85
sctd,https://purl.brain-bican.org/ontology/mbao/MBA_553,MBA:553
sctv,https://purl.brain-bican.org/ontology/mbao/MBA_866,MBA:866
scwm,https://purl.brain-bican.org/ontology/mbao/MBA_484682512,MBA:484682512
sm,https://purl.brain-bican.org/ontology/mbao/MBA_802,MBA:802
sptV,https://purl.brain-bican.org/ontology/mbao/MBA_794,MBA:794
st,https://purl.brain-bican.org/ontology/mbao/MBA_301,MBA:301
stc,https://purl.brain-bican.org/ontology/mbao/MBA_484682528,MBA:484682528
tb,https://purl.brain-bican.org/ontology/mbao/MBA_841,MBA:841
tp,https://purl.brain-bican.org/ontology/mbao/MBA_365,MBA:365
tsp,https://purl.brain-bican.org/ontology/mbao/MBA_877,MBA:877
tspc,https://purl.brain-bican.org/ontology/mbao/MBA_1043,MBA:1043
ttp,https://purl.brain-bican.org/ontology/mbao/MBA_357,MBA:357
uf,https://purl.brain-bican.org/ontology/mbao/MBA_850,MBA:850
vVIIIn,https://purl.brain-bican.org/ontology/mbao/MBA_413,MBA:413
vhc,https://purl.brain-bican.org/ontology/mbao/MBA_449,MBA:449
vtd,https://purl.brain-bican.org/ontology/mbao/MBA_397,MBA:397
x,https://purl.brain-bican.org/ontology/mbao/MBA_765,MBA:765
y,https://purl.brain-bican.org/ontology/mbao/MBA_781,MBA:781
,https://purl.brain-bican.org/ontology/mbao/MBA_ENTITY,MBA:ENTITY
,https://purl.brain-bican.org/ontology/mbao/MBA_219%20,MBA:219_20
