ID	Type	PCL:0010063	cell_count	cell_ratio	source
ID	TYPE	AI PCL:0010063	>AT PCL:0010060^^xsd:integer	>AT PCL:0010065^^xsd:float	>AI dcterms:source
WMB:CS20230722_CLAS_01	owl:NamedIndividual	MBA:961	39705	0.060400	doi:10.1038/s41586-023-06812-z
WMB:CS20230722_CLAS_02	owl:NamedIndividual	MBA:844	9901	0.059210	doi:10.1038/s41586-023-06812-z
WMB:CS20230722_CLAS_02	owl:NamedIndividual	MBA:1021	9060	0.054180	doi:10.1038/s41586-023-06812-z
WMB:CS20230722_CLAS_03	owl:NamedIndividual	MBA:10703	647	0.066591	doi:10.1038/s41586-023-06812-z
WMB:CS20230722_CLAS_03	owl:NamedIndividual	MBA:507	2436	0.250720	doi:10.1038/s41586-023-06812-z
WMB:CS20230722_CLAS_03	owl:NamedIndividual	MBA:244	1885	0.194010	doi:10.1038/s41586-023-06812-z
WMB:CS20230722_CLAS_03	owl:NamedIndividual	MBA:698	1018	0.104776	doi:10.1038/s41586-023-06812-z
WMB:CS20230722_CLAS_03	owl:NamedIndividual	MBA:1016	1259	0.129580	doi:10.1038/s41586-023-06812-z
WMB:CS20230722_CLAS_04	owl:NamedIndividual	MBA:486	2696	0.074926	doi:10.1038/s41586-023-06812-z
WMB:CS20230722_CLAS_04	owl:NamedIndividual	MBA:495	2416	0.067145	doi:10.1038/s41586-023-06812-z
WMB:CS20230722_CLAS_04	owl:NamedIndividual	MBA:504	2327	0.064671	doi:10.1038/s41586-023-06812-z
WMB:CS20230722_CLAS_04	owl:NamedIndividual	MBA:10703	8584	0.238564	doi:10.1038/s41586-023-06812-z
WMB:CS20230722_CLAS_04	owl:NamedIndividual	MBA:10704	6177	0.171669	doi:10.1038/s41586-023-06812-z
WMB:CS20230722_CLAS_04	owl:NamedIndividual	MBA:632	9738	0.270635	doi:10.1038/s41586-023-06812-z
WMB:CS20230722_CLAS_05	owl:NamedIndividual	MBA:507	9996	0.126496	doi:10.1038/s41586-023-06812-z
WMB:CS20230722_CLAS_05	owl:NamedIndividual	MBA:220	19328	0.244590	doi:10.1038/s41586-023-06812-z
WMB:CS20230722_CLAS_05	owl:NamedIndividual	MBA:228	4104	0.051935	doi:10.1038/s41586-023-06812-z
WMB:CS20230722_CLAS_05	owl:NamedIndividual	MBA:236	4331	0.054808	doi:10.1038/s41586-023-06812-z
WMB:CS20230722_CLAS_05	owl:NamedIndividual	MBA:244	14313	0.181127	doi:10.1038/s41586-023-06812-z
WMB:CS20230722_CLAS_05	owl:NamedIndividual	MBA:698	8737	0.110564	doi:10.1038/s41586-023-06812-z
WMB:CS20230722_CLAS_05	owl:NamedIndividual	MBA:1016	5933	0.075080	doi:10.1038/s41586-023-06812-z
WMB:CS20230722_CLAS_06	owl:NamedIndividual	MBA:985	2588	0.059882	doi:10.1038/s41586-023-06812-z
WMB:CS20230722_CLAS_06	owl:NamedIndividual	MBA:993	3175	0.073465	doi:10.1038/s41586-023-06812-z
WMB:CS20230722_CLAS_07	owl:NamedIndividual	MBA:985	4996	0.058095	doi:10.1038/s41586-023-06812-z
WMB:CS20230722_CLAS_07	owl:NamedIndividual	MBA:993	5671	0.065944	doi:10.1038/s41586-023-06812-z
WMB:CS20230722_CLAS_08	owl:NamedIndividual	MBA:56	1587	0.065121	doi:10.1038/s41586-023-06812-z
WMB:CS20230722_CLAS_08	owl:NamedIndividual	MBA:672	5362	0.220025	doi:10.1038/s41586-023-06812-z
WMB:CS20230722_CLAS_08	owl:NamedIndividual	MBA:1022	1493	0.061264	doi:10.1038/s41586-023-06812-z
WMB:CS20230722_CLAS_08	owl:NamedIndividual	MBA:564	1703	0.069881	doi:10.1038/s41586-023-06812-z
WMB:CS20230722_CLAS_08	owl:NamedIndividual	MBA:596	2199	0.090234	doi:10.1038/s41586-023-06812-z
WMB:CS20230722_CLAS_08	owl:NamedIndividual	MBA:342	2911	0.119450	doi:10.1038/s41586-023-06812-z
WMB:CS20230722_CLAS_09	owl:NamedIndividual	MBA:56	34277	0.134455	doi:10.1038/s41586-023-06812-z
WMB:CS20230722_CLAS_09	owl:NamedIndividual	MBA:672	164508	0.645301	doi:10.1038/s41586-023-06812-z
WMB:CS20230722_CLAS_09	owl:NamedIndividual	MBA:754	25142	0.098622	doi:10.1038/s41586-023-06812-z
WMB:CS20230722_CLAS_10	owl:NamedIndividual	MBA:250	1793	0.096819	doi:10.1038/s41586-023-06812-z
WMB:CS20230722_CLAS_10	owl:NamedIndividual	MBA:258	10024	0.541282	doi:10.1038/s41586-023-06812-z
WMB:CS20230722_CLAS_10	owl:NamedIndividual	MBA:266	3138	0.169448	doi:10.1038/s41586-023-06812-z
WMB:CS20230722_CLAS_11	owl:NamedIndividual	MBA:351	5312	0.137874	doi:10.1038/s41586-023-06812-z
WMB:CS20230722_CLAS_11	owl:NamedIndividual	MBA:559	2163	0.056141	doi:10.1038/s41586-023-06812-z
WMB:CS20230722_CLAS_11	owl:NamedIndividual	MBA:1097	2186	0.056738	doi:10.1038/s41586-023-06812-z
WMB:CS20230722_CLAS_11	owl:NamedIndividual	MBA:403	4274	0.110932	doi:10.1038/s41586-023-06812-z
WMB:CS20230722_CLAS_11	owl:NamedIndividual	MBA:342	2574	0.066809	doi:10.1038/s41586-023-06812-z
WMB:CS20230722_CLAS_11	owl:NamedIndividual	MBA:477	2472	0.064161	doi:10.1038/s41586-023-06812-z
WMB:CS20230722_CLAS_12	owl:NamedIndividual	MBA:88	2214	0.056306	doi:10.1038/s41586-023-06812-z
WMB:CS20230722_CLAS_12	owl:NamedIndividual	MBA:223	2375	0.060400	doi:10.1038/s41586-023-06812-z
WMB:CS20230722_CLAS_12	owl:NamedIndividual	MBA:830	2087	0.053076	doi:10.1038/s41586-023-06812-z
WMB:CS20230722_CLAS_12	owl:NamedIndividual	MBA:1097	5122	0.130261	doi:10.1038/s41586-023-06812-z
WMB:CS20230722_CLAS_12	owl:NamedIndividual	MBA:262	6923	0.176064	doi:10.1038/s41586-023-06812-z
WMB:CS20230722_CLAS_12	owl:NamedIndividual	MBA:797	4195	0.106686	doi:10.1038/s41586-023-06812-z
WMB:CS20230722_CLAS_13	owl:NamedIndividual	MBA:327	2333	0.099285	doi:10.1038/s41586-023-06812-z
WMB:CS20230722_CLAS_13	owl:NamedIndividual	MBA:403	3597	0.153077	doi:10.1038/s41586-023-06812-z
WMB:CS20230722_CLAS_13	owl:NamedIndividual	MBA:129	1263	0.053749	doi:10.1038/s41586-023-06812-z
WMB:CS20230722_CLAS_14	owl:NamedIndividual	MBA:830	1479	0.053336	doi:10.1038/s41586-023-06812-z
WMB:CS20230722_CLAS_14	owl:NamedIndividual	MBA:1097	4203	0.151569	doi:10.1038/s41586-023-06812-z
WMB:CS20230722_CLAS_14	owl:NamedIndividual	MBA:194	2752	0.099243	doi:10.1038/s41586-023-06812-z
WMB:CS20230722_CLAS_14	owl:NamedIndividual	MBA:946	2712	0.097800	doi:10.1038/s41586-023-06812-z
WMB:CS20230722_CLAS_14	owl:NamedIndividual	MBA:693	3727	0.134403	doi:10.1038/s41586-023-06812-z
WMB:CS20230722_CLAS_15	owl:NamedIndividual	MBA:223	5	0.087719	doi:10.1038/s41586-023-06812-z
WMB:CS20230722_CLAS_15	owl:NamedIndividual	MBA:263	3	0.052632	doi:10.1038/s41586-023-06812-z
WMB:CS20230722_CLAS_15	owl:NamedIndividual	MBA:1097	9	0.157895	doi:10.1038/s41586-023-06812-z
WMB:CS20230722_CLAS_15	owl:NamedIndividual	MBA:564	21	0.368421	doi:10.1038/s41586-023-06812-z
WMB:CS20230722_CLAS_16	owl:NamedIndividual	MBA:606826647	791	0.216772	doi:10.1038/s41586-023-06812-z
WMB:CS20230722_CLAS_16	owl:NamedIndividual	MBA:606826651	988	0.270759	doi:10.1038/s41586-023-06812-z
WMB:CS20230722_CLAS_16	owl:NamedIndividual	MBA:732	421	0.115374	doi:10.1038/s41586-023-06812-z
WMB:CS20230722_CLAS_16	owl:NamedIndividual	MBA:980	413	0.113182	doi:10.1038/s41586-023-06812-z
WMB:CS20230722_CLAS_16	owl:NamedIndividual	MBA:1004	221	0.060565	doi:10.1038/s41586-023-06812-z
WMB:CS20230722_CLAS_17	owl:NamedIndividual	MBA:186	863	0.149748	doi:10.1038/s41586-023-06812-z
WMB:CS20230722_CLAS_17	owl:NamedIndividual	MBA:483	4463	0.774423	doi:10.1038/s41586-023-06812-z
WMB:CS20230722_CLAS_18	owl:NamedIndividual	MBA:155	3131	0.053266	doi:10.1038/s41586-023-06812-z
WMB:CS20230722_CLAS_18	owl:NamedIndividual	MBA:218	4342	0.073867	doi:10.1038/s41586-023-06812-z
WMB:CS20230722_CLAS_18	owl:NamedIndividual	MBA:362	5588	0.095065	doi:10.1038/s41586-023-06812-z
WMB:CS20230722_CLAS_18	owl:NamedIndividual	MBA:1020	4545	0.077321	doi:10.1038/s41586-023-06812-z
WMB:CS20230722_CLAS_18	owl:NamedIndividual	MBA:149	3304	0.056209	doi:10.1038/s41586-023-06812-z
WMB:CS20230722_CLAS_18	owl:NamedIndividual	MBA:733	5926	0.100815	doi:10.1038/s41586-023-06812-z
WMB:CS20230722_CLAS_19	owl:NamedIndividual	MBA:811	6023	0.074537	doi:10.1038/s41586-023-06812-z
WMB:CS20230722_CLAS_19	owl:NamedIndividual	MBA:820	8753	0.108323	doi:10.1038/s41586-023-06812-z
WMB:CS20230722_CLAS_19	owl:NamedIndividual	MBA:828	10770	0.133284	doi:10.1038/s41586-023-06812-z
WMB:CS20230722_CLAS_19	owl:NamedIndividual	MBA:313	9593	0.118718	doi:10.1038/s41586-023-06812-z
WMB:CS20230722_CLAS_19	owl:NamedIndividual	MBA:795	10008	0.123854	doi:10.1038/s41586-023-06812-z
WMB:CS20230722_CLAS_20	owl:NamedIndividual	MBA:313	6329	0.119562	doi:10.1038/s41586-023-06812-z
WMB:CS20230722_CLAS_20	owl:NamedIndividual	MBA:128	4171	0.078795	doi:10.1038/s41586-023-06812-z
WMB:CS20230722_CLAS_20	owl:NamedIndividual	MBA:795	4040	0.076320	doi:10.1038/s41586-023-06812-z
WMB:CS20230722_CLAS_20	owl:NamedIndividual	MBA:10	3666	0.069255	doi:10.1038/s41586-023-06812-z
WMB:CS20230722_CLAS_20	owl:NamedIndividual	MBA:17	3112	0.058789	doi:10.1038/s41586-023-06812-z
WMB:CS20230722_CLAS_20	owl:NamedIndividual	MBA:842	6080	0.114858	doi:10.1038/s41586-023-06812-z
WMB:CS20230722_CLAS_21	owl:NamedIndividual	MBA:12	230	0.056442	doi:10.1038/s41586-023-06812-z
WMB:CS20230722_CLAS_21	owl:NamedIndividual	MBA:313	1334	0.327362	doi:10.1038/s41586-023-06812-z
WMB:CS20230722_CLAS_21	owl:NamedIndividual	MBA:374	230	0.056442	doi:10.1038/s41586-023-06812-z
WMB:CS20230722_CLAS_21	owl:NamedIndividual	MBA:381	270	0.066258	doi:10.1038/s41586-023-06812-z
WMB:CS20230722_CLAS_21	owl:NamedIndividual	MBA:749	646	0.158528	doi:10.1038/s41586-023-06812-z
WMB:CS20230722_CLAS_22	owl:NamedIndividual	MBA:679	239	0.079640	doi:10.1038/s41586-023-06812-z
WMB:CS20230722_CLAS_22	owl:NamedIndividual	MBA:872	538	0.179274	doi:10.1038/s41586-023-06812-z
WMB:CS20230722_CLAS_22	owl:NamedIndividual	MBA:313	186	0.061979	doi:10.1038/s41586-023-06812-z
WMB:CS20230722_CLAS_22	owl:NamedIndividual	MBA:354	198	0.065978	doi:10.1038/s41586-023-06812-z
WMB:CS20230722_CLAS_22	owl:NamedIndividual	MBA:771	336	0.111963	doi:10.1038/s41586-023-06812-z
WMB:CS20230722_CLAS_22	owl:NamedIndividual	MBA:795	318	0.105965	doi:10.1038/s41586-023-06812-z
WMB:CS20230722_CLAS_23	owl:NamedIndividual	MBA:771	5180	0.159581	doi:10.1038/s41586-023-06812-z
WMB:CS20230722_CLAS_23	owl:NamedIndividual	MBA:867	3329	0.102557	doi:10.1038/s41586-023-06812-z
WMB:CS20230722_CLAS_23	owl:NamedIndividual	MBA:931	3343	0.102988	doi:10.1038/s41586-023-06812-z
WMB:CS20230722_CLAS_23	owl:NamedIndividual	MBA:7	3106	0.095687	doi:10.1038/s41586-023-06812-z
WMB:CS20230722_CLAS_24	owl:NamedIndividual	MBA:202	1921	0.067368	doi:10.1038/s41586-023-06812-z
WMB:CS20230722_CLAS_24	owl:NamedIndividual	MBA:354	1688	0.059197	doi:10.1038/s41586-023-06812-z
WMB:CS20230722_CLAS_24	owl:NamedIndividual	MBA:852	1739	0.060985	doi:10.1038/s41586-023-06812-z
WMB:CS20230722_CLAS_24	owl:NamedIndividual	MBA:437	1558	0.054638	doi:10.1038/s41586-023-06812-z
WMB:CS20230722_CLAS_25	owl:NamedIndividual	MBA:129	8	0.380952	doi:10.1038/s41586-023-06812-z
WMB:CS20230722_CLAS_26	owl:NamedIndividual	MBA:679	1428	0.074961	doi:10.1038/s41586-023-06812-z
WMB:CS20230722_CLAS_26	owl:NamedIndividual	MBA:771	1992	0.104567	doi:10.1038/s41586-023-06812-z
WMB:CS20230722_CLAS_26	owl:NamedIndividual	MBA:898	1606	0.084304	doi:10.1038/s41586-023-06812-z
WMB:CS20230722_CLAS_26	owl:NamedIndividual	MBA:1093	970	0.050919	doi:10.1038/s41586-023-06812-z
WMB:CS20230722_CLAS_26	owl:NamedIndividual	MBA:146	1931	0.101365	doi:10.1038/s41586-023-06812-z
WMB:CS20230722_CLAS_27	owl:NamedIndividual	MBA:202	2100	0.080816	doi:10.1038/s41586-023-06812-z
WMB:CS20230722_CLAS_27	owl:NamedIndividual	MBA:354	1558	0.059958	doi:10.1038/s41586-023-06812-z
WMB:CS20230722_CLAS_27	owl:NamedIndividual	MBA:852	1587	0.061074	doi:10.1038/s41586-023-06812-z
WMB:CS20230722_CLAS_27	owl:NamedIndividual	MBA:437	2362	0.090899	doi:10.1038/s41586-023-06812-z
WMB:CS20230722_CLAS_30	owl:NamedIndividual	MBA:512	48523	0.082425	doi:10.1038/s41586-023-06812-z
WMB:CS20230722_CLAS_30	owl:NamedIndividual	MBA:1089	63049	0.107100	doi:10.1038/s41586-023-06812-z
WMB:CS20230722_CLAS_30	owl:NamedIndividual	MBA:315	103636	0.176045	doi:10.1038/s41586-023-06812-z
WMB:CS20230722_CLAS_30	owl:NamedIndividual	MBA:313	47396	0.080511	doi:10.1038/s41586-023-06812-z
WMB:CS20230722_CLAS_30	owl:NamedIndividual	MBA:698	39709	0.067453	doi:10.1038/s41586-023-06812-z
WMB:CS20230722_CLAS_30	owl:NamedIndividual	MBA:477	41208	0.069999	doi:10.1038/s41586-023-06812-z
WMB:CS20230722_CLAS_32	owl:NamedIndividual	MBA:507	1328	0.143459	doi:10.1038/s41586-023-06812-z
WMB:CS20230722_CLAS_32	owl:NamedIndividual	MBA:698	1687	0.182240	doi:10.1038/s41586-023-06812-z
WMB:CS20230722_CLAS_32	owl:NamedIndividual	MBA:1016	5103	0.551259	doi:10.1038/s41586-023-06812-z
WMB:CS20230722_CLAS_34	owl:NamedIndividual	MBA:672	3160	0.061705	doi:10.1038/s41586-023-06812-z