ID	Type	n2o:paintedIn	atlas_level
ID	TYPE	AI n2o:paintedIn	>AT n2o:atlasLevel^^xsd:string
MBA:1	owl:NamedIndividual	n2o:CCF2020	structure
MBA:10	owl:NamedIndividual	n2o:CCF2020	substructure
MBA:100	owl:NamedIndividual	n2o:CCF2020	structure
MBA:1000	owl:NamedIndividual	n2o:CCF2020	division
MBA:1002	owl:NamedIndividual	n2o:CCF2020	structure
MBA:1004	owl:NamedIndividual	n2o:CCF2020	structure
MBA:1007	owl:NamedIndividual	n2o:CCF2020	structure
MBA:101	owl:NamedIndividual	n2o:CCF2020	structure
MBA:1015	owl:NamedIndividual	n2o:CCF2020	substructure
MBA:1016	owl:NamedIndividual	n2o:CCF2020	substructure
MBA:1017	owl:NamedIndividual	n2o:CCF2020	structure
MBA:1018	owl:NamedIndividual	n2o:CCF2020	structure
MBA:102	owl:NamedIndividual	n2o:CCF2020	substructure
MBA:1020	owl:NamedIndividual	n2o:CCF2020	structure
MBA:1021	owl:NamedIndividual	n2o:CCF2020	substructure
MBA:1022	owl:NamedIndividual	n2o:CCF2020	structure
MBA:1029	owl:NamedIndividual	n2o:CCF2020	structure
MBA:1031	owl:NamedIndividual	n2o:CCF2020	structure
MBA:1033	owl:NamedIndividual	n2o:CCF2020	structure
MBA:1035	owl:NamedIndividual	n2o:CCF2020	substructure
MBA:1037	owl:NamedIndividual	n2o:CCF2020	structure
MBA:1038	owl:NamedIndividual	n2o:CCF2020	substructure
MBA:104	owl:NamedIndividual	n2o:CCF2020	structure
MBA:1041	owl:NamedIndividual	n2o:CCF2020	structure
MBA:1043	owl:NamedIndividual	n2o:CCF2020	substructure
MBA:1044	owl:NamedIndividual	n2o:CCF2020	structure
MBA:1046	owl:NamedIndividual	n2o:CCF2020	substructure
MBA:1047	owl:NamedIndividual	n2o:CCF2020	substructure
MBA:1048	owl:NamedIndividual	n2o:CCF2020	structure
MBA:1049	owl:NamedIndividual	n2o:CCF2020	structure
MBA:105	owl:NamedIndividual	n2o:CCF2020	substructure
MBA:1052	owl:NamedIndividual	n2o:CCF2020	structure
MBA:1054	owl:NamedIndividual	n2o:CCF2020	substructure
MBA:1056	owl:NamedIndividual	n2o:CCF2020	substructure
MBA:1057	owl:NamedIndividual	n2o:CCF2020	structure
MBA:106	owl:NamedIndividual	n2o:CCF2020	structure
MBA:1061	owl:NamedIndividual	n2o:CCF2020	structure
MBA:1064	owl:NamedIndividual	n2o:CCF2020	substructure
MBA:1066	owl:NamedIndividual	n2o:CCF2020	substructure
MBA:10671	owl:NamedIndividual	n2o:CCF2020	structure
MBA:1069	owl:NamedIndividual	n2o:CCF2020	structure
MBA:1070	owl:NamedIndividual	n2o:CCF2020	substructure
MBA:10703	owl:NamedIndividual	n2o:CCF2020	substructure
MBA:10704	owl:NamedIndividual	n2o:CCF2020	substructure
MBA:1072	owl:NamedIndividual	n2o:CCF2020	substructure
MBA:1077	owl:NamedIndividual	n2o:CCF2020	structure
MBA:1079	owl:NamedIndividual	n2o:CCF2020	substructure
MBA:108	owl:NamedIndividual	n2o:CCF2020	structure
MBA:1081	owl:NamedIndividual	n2o:CCF2020	substructure
MBA:1084	owl:NamedIndividual	n2o:CCF2020	structure
MBA:1088	owl:NamedIndividual	n2o:CCF2020	substructure
MBA:1089	owl:NamedIndividual	n2o:CCF2020	division
MBA:1090	owl:NamedIndividual	n2o:CCF2020	substructure
MBA:1092	owl:NamedIndividual	n2o:CCF2020	substructure
MBA:1093	owl:NamedIndividual	n2o:CCF2020	structure
MBA:1096	owl:NamedIndividual	n2o:CCF2020	substructure
MBA:1097	owl:NamedIndividual	n2o:CCF2020	division
MBA:1098	owl:NamedIndividual	n2o:CCF2020	substructure
MBA:1101	owl:NamedIndividual	n2o:CCF2020	substructure
MBA:1102	owl:NamedIndividual	n2o:CCF2020	substructure
MBA:1104	owl:NamedIndividual	n2o:CCF2020	substructure
MBA:1105	owl:NamedIndividual	n2o:CCF2020	structure
MBA:1106	owl:NamedIndividual	n2o:CCF2020	substructure
MBA:1107	owl:NamedIndividual	n2o:CCF2020	substructure
MBA:1108	owl:NamedIndividual	n2o:CCF2020	substructure
MBA:1109	owl:NamedIndividual	n2o:CCF2020	structure
MBA:111	owl:NamedIndividual	n2o:CCF2020	structure
MBA:1113	owl:NamedIndividual	n2o:CCF2020	structure
MBA:1116	owl:NamedIndividual	n2o:CCF2020	substructure
MBA:1120	owl:NamedIndividual	n2o:CCF2020	structure
MBA:1121	owl:NamedIndividual	n2o:CCF2020	substructure
MBA:1123	owl:NamedIndividual	n2o:CCF2020	substructure
MBA:1125	owl:NamedIndividual	n2o:CCF2020	substructure
MBA:1126	owl:NamedIndividual	n2o:CCF2020	structure
MBA:1127	owl:NamedIndividual	n2o:CCF2020	substructure
MBA:113	owl:NamedIndividual	n2o:CCF2020	substructure
MBA:1139	owl:NamedIndividual	n2o:CCF2020	substructure
MBA:114	owl:NamedIndividual	n2o:CCF2020	substructure
MBA:117	owl:NamedIndividual	n2o:CCF2020	substructure
MBA:118	owl:NamedIndividual	n2o:CCF2020	structure
MBA:119	owl:NamedIndividual	n2o:CCF2020	structure
MBA:12	owl:NamedIndividual	n2o:CCF2020	structure
MBA:122	owl:NamedIndividual	n2o:CCF2020	substructure
MBA:123	owl:NamedIndividual	n2o:CCF2020	substructure
MBA:125	owl:NamedIndividual	n2o:CCF2020	substructure
MBA:126	owl:NamedIndividual	n2o:CCF2020	structure
MBA:127	owl:NamedIndividual	n2o:CCF2020	structure
MBA:128	owl:NamedIndividual	n2o:CCF2020	structure
MBA:129	owl:NamedIndividual	n2o:CCF2020	division
MBA:131	owl:NamedIndividual	n2o:CCF2020	structure
MBA:132	owl:NamedIndividual	n2o:CCF2020	substructure
MBA:133	owl:NamedIndividual	n2o:CCF2020	structure
MBA:135	owl:NamedIndividual	n2o:CCF2020	structure
MBA:136	owl:NamedIndividual	n2o:CCF2020	structure
MBA:139	owl:NamedIndividual	n2o:CCF2020	substructure
MBA:140	owl:NamedIndividual	n2o:CCF2020	division
MBA:143	owl:NamedIndividual	n2o:CCF2020	substructure
MBA:145	owl:NamedIndividual	n2o:CCF2020	division
MBA:146	owl:NamedIndividual	n2o:CCF2020	structure
MBA:147	owl:NamedIndividual	n2o:CCF2020	structure
MBA:148	owl:NamedIndividual	n2o:CCF2020	substructure
MBA:149	owl:NamedIndividual	n2o:CCF2020	structure
MBA:15	owl:NamedIndividual	n2o:CCF2020	structure
MBA:151	owl:NamedIndividual	n2o:CCF2020	structure
MBA:153	owl:NamedIndividual	n2o:CCF2020	structure
MBA:155	owl:NamedIndividual	n2o:CCF2020	structure
MBA:158	owl:NamedIndividual	n2o:CCF2020	substructure
MBA:159	owl:NamedIndividual	n2o:CCF2020	structure
MBA:162	owl:NamedIndividual	n2o:CCF2020	structure
MBA:163	owl:NamedIndividual	n2o:CCF2020	substructure
MBA:169	owl:NamedIndividual	n2o:CCF2020	structure
MBA:17	owl:NamedIndividual	n2o:CCF2020	substructure
MBA:170	owl:NamedIndividual	n2o:CCF2020	structure
MBA:171	owl:NamedIndividual	n2o:CCF2020	substructure
MBA:173	owl:NamedIndividual	n2o:CCF2020	structure
MBA:177	owl:NamedIndividual	n2o:CCF2020	structure
MBA:178	owl:NamedIndividual	n2o:CCF2020	structure
MBA:180	owl:NamedIndividual	n2o:CCF2020	substructure
MBA:181	owl:NamedIndividual	n2o:CCF2020	structure
MBA:186	owl:NamedIndividual	n2o:CCF2020	structure
MBA:187	owl:NamedIndividual	n2o:CCF2020	substructure
MBA:188	owl:NamedIndividual	n2o:CCF2020	substructure
MBA:189	owl:NamedIndividual	n2o:CCF2020	structure
MBA:19	owl:NamedIndividual	n2o:CCF2020	structure
MBA:190	owl:NamedIndividual	n2o:CCF2020	substructure
MBA:194	owl:NamedIndividual	n2o:CCF2020	structure
MBA:197	owl:NamedIndividual	n2o:CCF2020	structure
MBA:20	owl:NamedIndividual	n2o:CCF2020	substructure
MBA:201	owl:NamedIndividual	n2o:CCF2020	substructure
MBA:202	owl:NamedIndividual	n2o:CCF2020	structure
MBA:204	owl:NamedIndividual	n2o:CCF2020	substructure
MBA:206	owl:NamedIndividual	n2o:CCF2020	structure
MBA:207	owl:NamedIndividual	n2o:CCF2020	structure
MBA:209	owl:NamedIndividual	n2o:CCF2020	structure
MBA:210	owl:NamedIndividual	n2o:CCF2020	structure
MBA:211	owl:NamedIndividual	n2o:CCF2020	substructure
MBA:214	owl:NamedIndividual	n2o:CCF2020	structure
MBA:215	owl:NamedIndividual	n2o:CCF2020	structure
MBA:217	owl:NamedIndividual	n2o:CCF2020	structure
MBA:218	owl:NamedIndividual	n2o:CCF2020	structure
MBA:220	owl:NamedIndividual	n2o:CCF2020	substructure
MBA:223	owl:NamedIndividual	n2o:CCF2020	structure
MBA:225	owl:NamedIndividual	n2o:CCF2020	structure
MBA:226	owl:NamedIndividual	n2o:CCF2020	structure
MBA:228	owl:NamedIndividual	n2o:CCF2020	substructure
MBA:229	owl:NamedIndividual	n2o:CCF2020	substructure
MBA:23	owl:NamedIndividual	n2o:CCF2020	structure
MBA:231	owl:NamedIndividual	n2o:CCF2020	structure
MBA:234	owl:NamedIndividual	n2o:CCF2020	substructure
MBA:235	owl:NamedIndividual	n2o:CCF2020	structure
MBA:236	owl:NamedIndividual	n2o:CCF2020	substructure
MBA:238	owl:NamedIndividual	n2o:CCF2020	structure
MBA:244	owl:NamedIndividual	n2o:CCF2020	substructure
MBA:246	owl:NamedIndividual	n2o:CCF2020	structure
MBA:250	owl:NamedIndividual	n2o:CCF2020	structure
MBA:251	owl:NamedIndividual	n2o:CCF2020	substructure
MBA:255	owl:NamedIndividual	n2o:CCF2020	structure
MBA:258	owl:NamedIndividual	n2o:CCF2020	structure
MBA:26	owl:NamedIndividual	n2o:CCF2020	substructure
MBA:262	owl:NamedIndividual	n2o:CCF2020	structure
MBA:263	owl:NamedIndividual	n2o:CCF2020	structure
MBA:266	owl:NamedIndividual	n2o:CCF2020	structure
MBA:268	owl:NamedIndividual	n2o:CCF2020	substructure
MBA:269	owl:NamedIndividual	n2o:CCF2020	substructure
MBA:27	owl:NamedIndividual	n2o:CCF2020	structure
MBA:271	owl:NamedIndividual	n2o:CCF2020	structure
MBA:272	owl:NamedIndividual	n2o:CCF2020	structure
MBA:274	owl:NamedIndividual	n2o:CCF2020	substructure
MBA:28	owl:NamedIndividual	n2o:CCF2020	substructure
MBA:280	owl:NamedIndividual	n2o:CCF2020	structure
MBA:281	owl:NamedIndividual	n2o:CCF2020	substructure
MBA:286	owl:NamedIndividual	n2o:CCF2020	structure
MBA:288	owl:NamedIndividual	n2o:CCF2020	substructure
MBA:289	owl:NamedIndividual	n2o:CCF2020	substructure
MBA:294	owl:NamedIndividual	n2o:CCF2020	structure
MBA:295	owl:NamedIndividual	n2o:CCF2020	structure
MBA:296	owl:NamedIndividual	n2o:CCF2020	substructure
MBA:298	owl:NamedIndividual	n2o:CCF2020	structure
MBA:30	owl:NamedIndividual	n2o:CCF2020	structure
MBA:301	owl:NamedIndividual	n2o:CCF2020	substructure
MBA:302	owl:NamedIndividual	n2o:CCF2020	structure
MBA:303	owl:NamedIndividual	n2o:CCF2020	substructure
MBA:304	owl:NamedIndividual	n2o:CCF2020	substructure
MBA:307	owl:NamedIndividual	n2o:CCF2020	structure
MBA:310	owl:NamedIndividual	n2o:CCF2020	structure
MBA:311	owl:NamedIndividual	n2o:CCF2020	substructure
MBA:312782628	owl:NamedIndividual	n2o:CCF2020	structure
MBA:312782632	owl:NamedIndividual	n2o:CCF2020	substructure
MBA:312782636	owl:NamedIndividual	n2o:CCF2020	substructure
MBA:312782644	owl:NamedIndividual	n2o:CCF2020	substructure
MBA:312782648	owl:NamedIndividual	n2o:CCF2020	substructure
MBA:312782652	owl:NamedIndividual	n2o:CCF2020	substructure
MBA:313	owl:NamedIndividual	n2o:CCF2020	division
MBA:314	owl:NamedIndividual	n2o:CCF2020	substructure
MBA:315	owl:NamedIndividual	n2o:CCF2020	division
MBA:318	owl:NamedIndividual	n2o:CCF2020	structure
MBA:319	owl:NamedIndividual	n2o:CCF2020	structure
MBA:321	owl:NamedIndividual	n2o:CCF2020	structure
MBA:325	owl:NamedIndividual	n2o:CCF2020	structure
MBA:326	owl:NamedIndividual	n2o:CCF2020	substructure
MBA:327	owl:NamedIndividual	n2o:CCF2020	substructure
MBA:328	owl:NamedIndividual	n2o:CCF2020	substructure
MBA:329	owl:NamedIndividual	n2o:CCF2020	structure
MBA:33	owl:NamedIndividual	n2o:CCF2020	substructure
MBA:333	owl:NamedIndividual	n2o:CCF2020	structure
MBA:334	owl:NamedIndividual	n2o:CCF2020	substructure
MBA:336	owl:NamedIndividual	n2o:CCF2020	substructure
MBA:337	owl:NamedIndividual	n2o:CCF2020	structure
MBA:338	owl:NamedIndividual	n2o:CCF2020	structure
MBA:342	owl:NamedIndividual	n2o:CCF2020	structure
MBA:345	owl:NamedIndividual	n2o:CCF2020	structure
MBA:347	owl:NamedIndividual	n2o:CCF2020	structure
MBA:35	owl:NamedIndividual	n2o:CCF2020	structure
MBA:351	owl:NamedIndividual	n2o:CCF2020	structure
MBA:354	owl:NamedIndividual	n2o:CCF2020	division
MBA:358	owl:NamedIndividual	n2o:CCF2020	structure
MBA:362	owl:NamedIndividual	n2o:CCF2020	structure
MBA:363	owl:NamedIndividual	n2o:CCF2020	substructure
MBA:364	owl:NamedIndividual	n2o:CCF2020	structure
MBA:366	owl:NamedIndividual	n2o:CCF2020	structure
MBA:369	owl:NamedIndividual	n2o:CCF2020	structure
MBA:374	owl:NamedIndividual	n2o:CCF2020	structure
MBA:378	owl:NamedIndividual	n2o:CCF2020	structure
MBA:38	owl:NamedIndividual	n2o:CCF2020	structure
MBA:381	owl:NamedIndividual	n2o:CCF2020	structure
MBA:382	owl:NamedIndividual	n2o:CCF2020	structure
MBA:385	owl:NamedIndividual	n2o:CCF2020	structure
MBA:39	owl:NamedIndividual	n2o:CCF2020	structure
MBA:391	owl:NamedIndividual	n2o:CCF2020	substructure
MBA:394	owl:NamedIndividual	n2o:CCF2020	structure
MBA:395	owl:NamedIndividual	n2o:CCF2020	structure
MBA:397	owl:NamedIndividual	n2o:CCF2020	substructure
MBA:398	owl:NamedIndividual	n2o:CCF2020	structure
MBA:399	owl:NamedIndividual	n2o:CCF2020	substructure
MBA:4	owl:NamedIndividual	n2o:CCF2020	structure
MBA:401	owl:NamedIndividual	n2o:CCF2020	substructure
MBA:403	owl:NamedIndividual	n2o:CCF2020	structure
MBA:407	owl:NamedIndividual	n2o:CCF2020	substructure
MBA:409	owl:NamedIndividual	n2o:CCF2020	structure
MBA:41	owl:NamedIndividual	n2o:CCF2020	substructure
MBA:412	owl:NamedIndividual	n2o:CCF2020	substructure
MBA:413	owl:NamedIndividual	n2o:CCF2020	substructure
MBA:414	owl:NamedIndividual	n2o:CCF2020	structure
MBA:415	owl:NamedIndividual	n2o:CCF2020	substructure
MBA:42	owl:NamedIndividual	n2o:CCF2020	substructure
MBA:422	owl:NamedIndividual	n2o:CCF2020	structure
MBA:423	owl:NamedIndividual	n2o:CCF2020	structure
MBA:425	owl:NamedIndividual	n2o:CCF2020	structure
MBA:427	owl:NamedIndividual	n2o:CCF2020	substructure
MBA:430	owl:NamedIndividual	n2o:CCF2020	substructure
MBA:431	owl:NamedIndividual	n2o:CCF2020	substructure
MBA:433	owl:NamedIndividual	n2o:CCF2020	substructure
MBA:434	owl:NamedIndividual	n2o:CCF2020	substructure
MBA:436	owl:NamedIndividual	n2o:CCF2020	substructure
MBA:437	owl:NamedIndividual	n2o:CCF2020	structure
MBA:438	owl:NamedIndividual	n2o:CCF2020	substructure
MBA:44	owl:NamedIndividual	n2o:CCF2020	structure
MBA:440	owl:NamedIndividual	n2o:CCF2020	substructure
MBA:441	owl:NamedIndividual	n2o:CCF2020	substructure
MBA:442	owl:NamedIndividual	n2o:CCF2020	substructure
MBA:443	owl:NamedIndividual	n2o:CCF2020	substructure
MBA:445	owl:NamedIndividual	n2o:CCF2020	structure
MBA:446	owl:NamedIndividual	n2o:CCF2020	substructure
MBA:449	owl:NamedIndividual	n2o:CCF2020	substructure
MBA:451	owl:NamedIndividual	n2o:CCF2020	substructure
MBA:452	owl:NamedIndividual	n2o:CCF2020	structure
MBA:454	owl:NamedIndividual	n2o:CCF2020	substructure
MBA:463	owl:NamedIndividual	n2o:CCF2020	structure
MBA:466	owl:NamedIndividual	n2o:CCF2020	substructure
MBA:470	owl:NamedIndividual	n2o:CCF2020	structure
MBA:471	owl:NamedIndividual	n2o:CCF2020	substructure
MBA:475	owl:NamedIndividual	n2o:CCF2020	structure
MBA:477	owl:NamedIndividual	n2o:CCF2020	division
MBA:479	owl:NamedIndividual	n2o:CCF2020	substructure
MBA:48	owl:NamedIndividual	n2o:CCF2020	structure
MBA:482	owl:NamedIndividual	n2o:CCF2020	substructure
MBA:483	owl:NamedIndividual	n2o:CCF2020	structure
MBA:484682470	owl:NamedIndividual	n2o:CCF2020	structure
MBA:484682508	owl:NamedIndividual	n2o:CCF2020	structure
MBA:484682512	owl:NamedIndividual	n2o:CCF2020	division
MBA:484682516	owl:NamedIndividual	n2o:CCF2020	substructure
MBA:484682524	owl:NamedIndividual	n2o:CCF2020	substructure
MBA:486	owl:NamedIndividual	n2o:CCF2020	substructure
MBA:491	owl:NamedIndividual	n2o:CCF2020	structure
MBA:495	owl:NamedIndividual	n2o:CCF2020	substructure
MBA:496345664	owl:NamedIndividual	n2o:CCF2020	substructure
MBA:496345668	owl:NamedIndividual	n2o:CCF2020	substructure
MBA:496345672	owl:NamedIndividual	n2o:CCF2020	substructure
MBA:50	owl:NamedIndividual	n2o:CCF2020	substructure
MBA:502	owl:NamedIndividual	n2o:CCF2020	structure
MBA:504	owl:NamedIndividual	n2o:CCF2020	substructure
MBA:506	owl:NamedIndividual	n2o:CCF2020	substructure
MBA:507	owl:NamedIndividual	n2o:CCF2020	structure
MBA:512	owl:NamedIndividual	n2o:CCF2020	division
MBA:515	owl:NamedIndividual	n2o:CCF2020	structure
MBA:52	owl:NamedIndividual	n2o:CCF2020	substructure
MBA:523	owl:NamedIndividual	n2o:CCF2020	structure
MBA:525	owl:NamedIndividual	n2o:CCF2020	structure
MBA:526	owl:NamedIndividual	n2o:CCF2020	substructure
MBA:533	owl:NamedIndividual	n2o:CCF2020	structure
MBA:534	owl:NamedIndividual	n2o:CCF2020	structure
MBA:536	owl:NamedIndividual	n2o:CCF2020	structure
MBA:538	owl:NamedIndividual	n2o:CCF2020	substructure
MBA:541	owl:NamedIndividual	n2o:CCF2020	structure
MBA:542	owl:NamedIndividual	n2o:CCF2020	substructure
MBA:543	owl:NamedIndividual	n2o:CCF2020	substructure
MBA:544	owl:NamedIndividual	n2o:CCF2020	substructure
MBA:549	owl:NamedIndividual	n2o:CCF2020	division
MBA:549009203	owl:NamedIndividual	n2o:CCF2020	structure
MBA:549009215	owl:NamedIndividual	n2o:CCF2020	structure
MBA:549009223	owl:NamedIndividual	n2o:CCF2020	structure
MBA:551	owl:NamedIndividual	n2o:CCF2020	substructure
MBA:556	owl:NamedIndividual	n2o:CCF2020	substructure
MBA:559	owl:NamedIndividual	n2o:CCF2020	substructure
MBA:56	owl:NamedIndividual	n2o:CCF2020	structure
MBA:560581551	owl:NamedIndividual	n2o:CCF2020	structure
MBA:560581559	owl:NamedIndividual	n2o:CCF2020	structure
MBA:560581563	owl:NamedIndividual	n2o:CCF2020	structure
MBA:563807435	owl:NamedIndividual	n2o:CCF2020	structure
MBA:563807439	owl:NamedIndividual	n2o:CCF2020	structure
MBA:564	owl:NamedIndividual	n2o:CCF2020	structure
MBA:566	owl:NamedIndividual	n2o:CCF2020	structure
MBA:574	owl:NamedIndividual	n2o:CCF2020	structure
MBA:575	owl:NamedIndividual	n2o:CCF2020	structure
MBA:576073699	owl:NamedIndividual	n2o:CCF2020	structure
MBA:576073704	owl:NamedIndividual	n2o:CCF2020	structure
MBA:580	owl:NamedIndividual	n2o:CCF2020	structure
MBA:581	owl:NamedIndividual	n2o:CCF2020	structure
MBA:582	owl:NamedIndividual	n2o:CCF2020	substructure
MBA:583	owl:NamedIndividual	n2o:CCF2020	structure
MBA:587	owl:NamedIndividual	n2o:CCF2020	substructure
MBA:589	owl:NamedIndividual	n2o:CCF2020	structure
MBA:589508447	owl:NamedIndividual	n2o:CCF2020	structure
MBA:589508455	owl:NamedIndividual	n2o:CCF2020	structure
MBA:59	owl:NamedIndividual	n2o:CCF2020	structure
MBA:590	owl:NamedIndividual	n2o:CCF2020	substructure
MBA:591	owl:NamedIndividual	n2o:CCF2020	structure
MBA:593	owl:NamedIndividual	n2o:CCF2020	substructure
MBA:595	owl:NamedIndividual	n2o:CCF2020	substructure
MBA:596	owl:NamedIndividual	n2o:CCF2020	structure
MBA:597	owl:NamedIndividual	n2o:CCF2020	substructure
MBA:599	owl:NamedIndividual	n2o:CCF2020	structure
MBA:599626923	owl:NamedIndividual	n2o:CCF2020	structure
MBA:599626927	owl:NamedIndividual	n2o:CCF2020	structure
MBA:6	owl:NamedIndividual	n2o:CCF2020	substructure
MBA:603	owl:NamedIndividual	n2o:CCF2020	substructure
MBA:604	owl:NamedIndividual	n2o:CCF2020	structure
MBA:605	owl:NamedIndividual	n2o:CCF2020	substructure
MBA:606826647	owl:NamedIndividual	n2o:CCF2020	substructure
MBA:606826651	owl:NamedIndividual	n2o:CCF2020	substructure
MBA:606826659	owl:NamedIndividual	n2o:CCF2020	substructure
MBA:606826663	owl:NamedIndividual	n2o:CCF2020	structure
MBA:607344830	owl:NamedIndividual	n2o:CCF2020	structure
MBA:607344834	owl:NamedIndividual	n2o:CCF2020	substructure
MBA:607344838	owl:NamedIndividual	n2o:CCF2020	substructure
MBA:607344842	owl:NamedIndividual	n2o:CCF2020	substructure
MBA:607344846	owl:NamedIndividual	n2o:CCF2020	substructure
MBA:607344850	owl:NamedIndividual	n2o:CCF2020	substructure
MBA:607344854	owl:NamedIndividual	n2o:CCF2020	substructure
MBA:607344858	owl:NamedIndividual	n2o:CCF2020	substructure
MBA:608	owl:NamedIndividual	n2o:CCF2020	substructure
MBA:609	owl:NamedIndividual	n2o:CCF2020	structure
MBA:610	owl:NamedIndividual	n2o:CCF2020	substructure
MBA:611	owl:NamedIndividual	n2o:CCF2020	substructure
MBA:612	owl:NamedIndividual	n2o:CCF2020	structure
MBA:614	owl:NamedIndividual	n2o:CCF2020	structure
MBA:614454277	owl:NamedIndividual	n2o:CCF2020	substructure
MBA:616	owl:NamedIndividual	n2o:CCF2020	structure
MBA:619	owl:NamedIndividual	n2o:CCF2020	structure
MBA:62	owl:NamedIndividual	n2o:CCF2020	substructure
MBA:620	owl:NamedIndividual	n2o:CCF2020	substructure
MBA:621	owl:NamedIndividual	n2o:CCF2020	structure
MBA:628	owl:NamedIndividual	n2o:CCF2020	structure
MBA:629	owl:NamedIndividual	n2o:CCF2020	structure
MBA:63	owl:NamedIndividual	n2o:CCF2020	structure
MBA:630	owl:NamedIndividual	n2o:CCF2020	substructure
MBA:632	owl:NamedIndividual	n2o:CCF2020	substructure
MBA:633	owl:NamedIndividual	n2o:CCF2020	substructure
MBA:634	owl:NamedIndividual	n2o:CCF2020	structure
MBA:638	owl:NamedIndividual	n2o:CCF2020	substructure
MBA:639	owl:NamedIndividual	n2o:CCF2020	structure
MBA:64	owl:NamedIndividual	n2o:CCF2020	structure
MBA:642	owl:NamedIndividual	n2o:CCF2020	structure
MBA:647	owl:NamedIndividual	n2o:CCF2020	structure
MBA:648	owl:NamedIndividual	n2o:CCF2020	substructure
MBA:651	owl:NamedIndividual	n2o:CCF2020	structure
MBA:653	owl:NamedIndividual	n2o:CCF2020	structure
MBA:655	owl:NamedIndividual	n2o:CCF2020	substructure
MBA:656	owl:NamedIndividual	n2o:CCF2020	substructure
MBA:657	owl:NamedIndividual	n2o:CCF2020	substructure
MBA:658	owl:NamedIndividual	n2o:CCF2020	substructure
MBA:66	owl:NamedIndividual	n2o:CCF2020	structure
MBA:661	owl:NamedIndividual	n2o:CCF2020	structure
MBA:662	owl:NamedIndividual	n2o:CCF2020	substructure
MBA:663	owl:NamedIndividual	n2o:CCF2020	substructure
MBA:664	owl:NamedIndividual	n2o:CCF2020	substructure
MBA:665	owl:NamedIndividual	n2o:CCF2020	substructure
MBA:67	owl:NamedIndividual	n2o:CCF2020	substructure
MBA:671	owl:NamedIndividual	n2o:CCF2020	substructure
MBA:672	owl:NamedIndividual	n2o:CCF2020	structure
MBA:673	owl:NamedIndividual	n2o:CCF2020	substructure
MBA:677	owl:NamedIndividual	n2o:CCF2020	structure
MBA:679	owl:NamedIndividual	n2o:CCF2020	structure
MBA:685	owl:NamedIndividual	n2o:CCF2020	structure
MBA:687	owl:NamedIndividual	n2o:CCF2020	substructure
MBA:689	owl:NamedIndividual	n2o:CCF2020	structure
MBA:690	owl:NamedIndividual	n2o:CCF2020	substructure
MBA:692	owl:NamedIndividual	n2o:CCF2020	substructure
MBA:693	owl:NamedIndividual	n2o:CCF2020	structure
MBA:694	owl:NamedIndividual	n2o:CCF2020	substructure
MBA:697	owl:NamedIndividual	n2o:CCF2020	substructure
MBA:698	owl:NamedIndividual	n2o:CCF2020	division
MBA:7	owl:NamedIndividual	n2o:CCF2020	structure
MBA:703	owl:NamedIndividual	n2o:CCF2020	division
MBA:706	owl:NamedIndividual	n2o:CCF2020	structure
MBA:707	owl:NamedIndividual	n2o:CCF2020	substructure
MBA:711	owl:NamedIndividual	n2o:CCF2020	structure
MBA:718	owl:NamedIndividual	n2o:CCF2020	structure
MBA:72	owl:NamedIndividual	n2o:CCF2020	structure
MBA:721	owl:NamedIndividual	n2o:CCF2020	substructure
MBA:723	owl:NamedIndividual	n2o:CCF2020	structure
MBA:725	owl:NamedIndividual	n2o:CCF2020	structure
MBA:726	owl:NamedIndividual	n2o:CCF2020	structure
MBA:727	owl:NamedIndividual	n2o:CCF2020	substructure
MBA:728	owl:NamedIndividual	n2o:CCF2020	structure
MBA:729	owl:NamedIndividual	n2o:CCF2020	substructure
MBA:731	owl:NamedIndividual	n2o:CCF2020	structure
MBA:732	owl:NamedIndividual	n2o:CCF2020	substructure
MBA:733	owl:NamedIndividual	n2o:CCF2020	structure
MBA:741	owl:NamedIndividual	n2o:CCF2020	structure
MBA:743	owl:NamedIndividual	n2o:CCF2020	substructure
MBA:744	owl:NamedIndividual	n2o:CCF2020	structure
MBA:746	owl:NamedIndividual	n2o:CCF2020	structure
MBA:749	owl:NamedIndividual	n2o:CCF2020	structure
MBA:752	owl:NamedIndividual	n2o:CCF2020	structure
MBA:753	owl:NamedIndividual	n2o:CCF2020	substructure
MBA:754	owl:NamedIndividual	n2o:CCF2020	structure
MBA:755	owl:NamedIndividual	n2o:CCF2020	substructure
MBA:760	owl:NamedIndividual	n2o:CCF2020	structure
MBA:763	owl:NamedIndividual	n2o:CCF2020	structure
MBA:767	owl:NamedIndividual	n2o:CCF2020	substructure
MBA:768	owl:NamedIndividual	n2o:CCF2020	structure
MBA:771	owl:NamedIndividual	n2o:CCF2020	division
MBA:772	owl:NamedIndividual	n2o:CCF2020	substructure
MBA:773	owl:NamedIndividual	n2o:CCF2020	structure
MBA:774	owl:NamedIndividual	n2o:CCF2020	substructure
MBA:776	owl:NamedIndividual	n2o:CCF2020	structure
MBA:778	owl:NamedIndividual	n2o:CCF2020	substructure
MBA:78	owl:NamedIndividual	n2o:CCF2020	substructure
MBA:780	owl:NamedIndividual	n2o:CCF2020	structure
MBA:783	owl:NamedIndividual	n2o:CCF2020	substructure
MBA:784	owl:NamedIndividual	n2o:CCF2020	structure
MBA:788	owl:NamedIndividual	n2o:CCF2020	structure
MBA:792	owl:NamedIndividual	n2o:CCF2020	structure
MBA:795	owl:NamedIndividual	n2o:CCF2020	structure
MBA:797	owl:NamedIndividual	n2o:CCF2020	structure
MBA:798	owl:NamedIndividual	n2o:CCF2020	structure
MBA:800	owl:NamedIndividual	n2o:CCF2020	substructure
MBA:802	owl:NamedIndividual	n2o:CCF2020	substructure
MBA:803	owl:NamedIndividual	n2o:CCF2020	division
MBA:804	owl:NamedIndividual	n2o:CCF2020	substructure
MBA:806	owl:NamedIndividual	n2o:CCF2020	substructure
MBA:81	owl:NamedIndividual	n2o:CCF2020	division
MBA:810	owl:NamedIndividual	n2o:CCF2020	substructure
MBA:811	owl:NamedIndividual	n2o:CCF2020	substructure
MBA:814	owl:NamedIndividual	n2o:CCF2020	structure
MBA:816	owl:NamedIndividual	n2o:CCF2020	substructure
MBA:820	owl:NamedIndividual	n2o:CCF2020	substructure
MBA:821	owl:NamedIndividual	n2o:CCF2020	substructure
MBA:824	owl:NamedIndividual	n2o:CCF2020	structure
MBA:827	owl:NamedIndividual	n2o:CCF2020	substructure
MBA:828	owl:NamedIndividual	n2o:CCF2020	substructure
MBA:83	owl:NamedIndividual	n2o:CCF2020	structure
MBA:830	owl:NamedIndividual	n2o:CCF2020	structure
MBA:832	owl:NamedIndividual	n2o:CCF2020	structure
MBA:834	owl:NamedIndividual	n2o:CCF2020	substructure
MBA:839	owl:NamedIndividual	n2o:CCF2020	structure
MBA:84	owl:NamedIndividual	n2o:CCF2020	substructure
MBA:840	owl:NamedIndividual	n2o:CCF2020	structure
MBA:841	owl:NamedIndividual	n2o:CCF2020	substructure
MBA:842	owl:NamedIndividual	n2o:CCF2020	substructure
MBA:843	owl:NamedIndividual	n2o:CCF2020	structure
MBA:844	owl:NamedIndividual	n2o:CCF2020	substructure
MBA:846	owl:NamedIndividual	n2o:CCF2020	structure
MBA:847	owl:NamedIndividual	n2o:CCF2020	substructure
MBA:848	owl:NamedIndividual	n2o:CCF2020	structure
MBA:849	owl:NamedIndividual	n2o:CCF2020	substructure
MBA:851	owl:NamedIndividual	n2o:CCF2020	substructure
MBA:852	owl:NamedIndividual	n2o:CCF2020	structure
MBA:854	owl:NamedIndividual	n2o:CCF2020	substructure
MBA:857	owl:NamedIndividual	n2o:CCF2020	substructure
MBA:859	owl:NamedIndividual	n2o:CCF2020	structure
MBA:862	owl:NamedIndividual	n2o:CCF2020	substructure
MBA:863	owl:NamedIndividual	n2o:CCF2020	structure
MBA:867	owl:NamedIndividual	n2o:CCF2020	structure
MBA:872	owl:NamedIndividual	n2o:CCF2020	structure
MBA:874	owl:NamedIndividual	n2o:CCF2020	structure
MBA:877	owl:NamedIndividual	n2o:CCF2020	structure
MBA:879	owl:NamedIndividual	n2o:CCF2020	structure
MBA:88	owl:NamedIndividual	n2o:CCF2020	structure
MBA:880	owl:NamedIndividual	n2o:CCF2020	structure
MBA:886	owl:NamedIndividual	n2o:CCF2020	structure
MBA:888	owl:NamedIndividual	n2o:CCF2020	substructure
MBA:894	owl:NamedIndividual	n2o:CCF2020	structure
MBA:895	owl:NamedIndividual	n2o:CCF2020	structure
MBA:896	owl:NamedIndividual	n2o:CCF2020	structure
MBA:898	owl:NamedIndividual	n2o:CCF2020	structure
MBA:900	owl:NamedIndividual	n2o:CCF2020	substructure
MBA:901	owl:NamedIndividual	n2o:CCF2020	structure
MBA:902	owl:NamedIndividual	n2o:CCF2020	substructure
MBA:903	owl:NamedIndividual	n2o:CCF2020	structure
MBA:906	owl:NamedIndividual	n2o:CCF2020	substructure
MBA:907	owl:NamedIndividual	n2o:CCF2020	structure
MBA:908	owl:NamedIndividual	n2o:CCF2020	substructure
MBA:91	owl:NamedIndividual	n2o:CCF2020	structure
MBA:910	owl:NamedIndividual	n2o:CCF2020	substructure
MBA:914	owl:NamedIndividual	n2o:CCF2020	structure
MBA:916	owl:NamedIndividual	n2o:CCF2020	substructure
MBA:917	owl:NamedIndividual	n2o:CCF2020	structure
MBA:918	owl:NamedIndividual	n2o:CCF2020	structure
MBA:919	owl:NamedIndividual	n2o:CCF2020	substructure
MBA:920	owl:NamedIndividual	n2o:CCF2020	structure
MBA:922	owl:NamedIndividual	n2o:CCF2020	structure
MBA:924	owl:NamedIndividual	n2o:CCF2020	substructure
MBA:926	owl:NamedIndividual	n2o:CCF2020	structure
MBA:93	owl:NamedIndividual	n2o:CCF2020	substructure
MBA:930	owl:NamedIndividual	n2o:CCF2020	structure
MBA:931	owl:NamedIndividual	n2o:CCF2020	structure
MBA:933	owl:NamedIndividual	n2o:CCF2020	structure
MBA:936	owl:NamedIndividual	n2o:CCF2020	structure
MBA:943	owl:NamedIndividual	n2o:CCF2020	substructure
MBA:944	owl:NamedIndividual	n2o:CCF2020	structure
MBA:946	owl:NamedIndividual	n2o:CCF2020	structure
MBA:950	owl:NamedIndividual	n2o:CCF2020	substructure
MBA:952	owl:NamedIndividual	n2o:CCF2020	structure
MBA:955	owl:NamedIndividual	n2o:CCF2020	substructure
MBA:956	owl:NamedIndividual	n2o:CCF2020	substructure
MBA:957	owl:NamedIndividual	n2o:CCF2020	structure
MBA:96	owl:NamedIndividual	n2o:CCF2020	structure
MBA:960	owl:NamedIndividual	n2o:CCF2020	division
MBA:961	owl:NamedIndividual	n2o:CCF2020	structure
MBA:962	owl:NamedIndividual	n2o:CCF2020	substructure
MBA:963	owl:NamedIndividual	n2o:CCF2020	substructure
MBA:965	owl:NamedIndividual	n2o:CCF2020	substructure
MBA:966	owl:NamedIndividual	n2o:CCF2020	structure
MBA:967	owl:NamedIndividual	n2o:CCF2020	division
MBA:968	owl:NamedIndividual	n2o:CCF2020	structure
MBA:970	owl:NamedIndividual	n2o:CCF2020	structure
MBA:971	owl:NamedIndividual	n2o:CCF2020	substructure
MBA:972	owl:NamedIndividual	n2o:CCF2020	structure
MBA:973	owl:NamedIndividual	n2o:CCF2020	substructure
MBA:974	owl:NamedIndividual	n2o:CCF2020	substructure
MBA:975	owl:NamedIndividual	n2o:CCF2020	structure
MBA:976	owl:NamedIndividual	n2o:CCF2020	substructure
MBA:977	owl:NamedIndividual	n2o:CCF2020	substructure
MBA:978	owl:NamedIndividual	n2o:CCF2020	structure
MBA:980	owl:NamedIndividual	n2o:CCF2020	structure
MBA:982	owl:NamedIndividual	n2o:CCF2020	structure
MBA:983	owl:NamedIndividual	n2o:CCF2020	division
MBA:984	owl:NamedIndividual	n2o:CCF2020	substructure
MBA:985	owl:NamedIndividual	n2o:CCF2020	structure
MBA:986	owl:NamedIndividual	n2o:CCF2020	substructure
MBA:988	owl:NamedIndividual	n2o:CCF2020	substructure
MBA:989	owl:NamedIndividual	n2o:CCF2020	structure
MBA:990	owl:NamedIndividual	n2o:CCF2020	substructure
MBA:991	owl:NamedIndividual	n2o:CCF2020	division
MBA:993	owl:NamedIndividual	n2o:CCF2020	structure
MBA:998	owl:NamedIndividual	n2o:CCF2020	structure
