ID	Type	PCL:0010063	cell_count	cell_ratio	in_or_near_100	source
ID	TYPE	AI PCL:0010063	>AT PCL:0010060^^xsd:integer	>AT PCL:0010065^^xsd:float	>AT n2o:countInOrNear100um^^xsd:integer	>AI dcterms:source
WMB:CS20230722_NEUR_Chol	owl:NamedIndividual	MBA:1000	19	0.002034	88	doi:10.1038/s41586-023-06808-9
WMB:CS20230722_NEUR_Chol	owl:NamedIndividual	MBA:1097	475	0.050857	751	doi:10.1038/s41586-023-06808-9
WMB:CS20230722_NEUR_Chol	owl:NamedIndividual	MBA:129	259	0.027730	1731	doi:10.1038/s41586-023-06808-9
WMB:CS20230722_NEUR_Chol	owl:NamedIndividual	MBA:145	7	0.000749	90	doi:10.1038/s41586-023-06808-9
WMB:CS20230722_NEUR_Chol	owl:NamedIndividual	MBA:313	774	0.082869	1159	doi:10.1038/s41586-023-06808-9
WMB:CS20230722_NEUR_Chol	owl:NamedIndividual	MBA:354	1376	0.147323	1433	doi:10.1038/s41586-023-06808-9
WMB:CS20230722_NEUR_Chol	owl:NamedIndividual	MBA:477	2053	0.219807	2409	doi:10.1038/s41586-023-06808-9
WMB:CS20230722_NEUR_Chol	owl:NamedIndividual	MBA:549	2048	0.219272	2639	doi:10.1038/s41586-023-06808-9
WMB:CS20230722_NEUR_Chol	owl:NamedIndividual	MBA:698	20	0.002141	73	doi:10.1038/s41586-023-06808-9
WMB:CS20230722_NEUR_Chol	owl:NamedIndividual	MBA:771	617	0.066060	891	doi:10.1038/s41586-023-06808-9
WMB:CS20230722_NEUR_Chol	owl:NamedIndividual	MBA:803	1047	0.112099	1556	doi:10.1038/s41586-023-06808-9
WMB:CS20230722_NEUR_Chol	owl:NamedIndividual	MBA:81	312	0.033405	1020	doi:10.1038/s41586-023-06808-9
WMB:CS20230722_NEUR_Chol	owl:NamedIndividual	MBA:960	45	0.004818	156	doi:10.1038/s41586-023-06808-9
WMB:CS20230722_NEUR_Chol	owl:NamedIndividual	MBA:967	89	0.009529	411	doi:10.1038/s41586-023-06808-9
WMB:CS20230722_NEUR_Chol	owl:NamedIndividual	MBA:983	52	0.005567	242	doi:10.1038/s41586-023-06808-9
WMB:CS20230722_NEUR_Chol	owl:NamedIndividual	MBA:991	28	0.002998	351	doi:10.1038/s41586-023-06808-9
WMB:CS20230722_NEUR_Chol	owl:NamedIndividual	MBA:1022	134	0.014347	254	doi:10.1038/s41586-023-06808-9
WMB:CS20230722_NEUR_Chol	owl:NamedIndividual	MBA:1031	23	0.002463	74	doi:10.1038/s41586-023-06808-9
WMB:CS20230722_NEUR_Chol	owl:NamedIndividual	MBA:1048	49	0.005246	174	doi:10.1038/s41586-023-06808-9
WMB:CS20230722_NEUR_Chol	owl:NamedIndividual	MBA:1052	174	0.018630	268	doi:10.1038/s41586-023-06808-9
WMB:CS20230722_NEUR_Chol	owl:NamedIndividual	MBA:10671	16	0.001713	76	doi:10.1038/s41586-023-06808-9
WMB:CS20230722_NEUR_Chol	owl:NamedIndividual	MBA:1069	18	0.001927	63	doi:10.1038/s41586-023-06808-9
WMB:CS20230722_NEUR_Chol	owl:NamedIndividual	MBA:108	312	0.033405	1008	doi:10.1038/s41586-023-06808-9
WMB:CS20230722_NEUR_Chol	owl:NamedIndividual	MBA:128	56	0.005996	183	doi:10.1038/s41586-023-06808-9
WMB:CS20230722_NEUR_Chol	owl:NamedIndividual	MBA:136	233	0.024946	382	doi:10.1038/s41586-023-06808-9
WMB:CS20230722_NEUR_Chol	owl:NamedIndividual	MBA:146	25	0.002677	58	doi:10.1038/s41586-023-06808-9
WMB:CS20230722_NEUR_Chol	owl:NamedIndividual	MBA:149	55	0.005889	440	doi:10.1038/s41586-023-06808-9
WMB:CS20230722_NEUR_Chol	owl:NamedIndividual	MBA:162	81	0.008672	175	doi:10.1038/s41586-023-06808-9
WMB:CS20230722_NEUR_Chol	owl:NamedIndividual	MBA:169	13	0.001392	49	doi:10.1038/s41586-023-06808-9
WMB:CS20230722_NEUR_Chol	owl:NamedIndividual	MBA:186	66	0.007066	696	doi:10.1038/s41586-023-06808-9
WMB:CS20230722_NEUR_Chol	owl:NamedIndividual	MBA:194	45	0.004818	84	doi:10.1038/s41586-023-06808-9
WMB:CS20230722_NEUR_Chol	owl:NamedIndividual	MBA:202	84	0.008994	133	doi:10.1038/s41586-023-06808-9
WMB:CS20230722_NEUR_Chol	owl:NamedIndividual	MBA:223	174	0.018630	231	doi:10.1038/s41586-023-06808-9
WMB:CS20230722_NEUR_Chol	owl:NamedIndividual	MBA:226	61	0.006531	181	doi:10.1038/s41586-023-06808-9
WMB:CS20230722_NEUR_Chol	owl:NamedIndividual	MBA:23	28	0.002998	59	doi:10.1038/s41586-023-06808-9
WMB:CS20230722_NEUR_Chol	owl:NamedIndividual	MBA:258	37	0.003961	90	doi:10.1038/s41586-023-06808-9
WMB:CS20230722_NEUR_Chol	owl:NamedIndividual	MBA:271	9	0.000964	124	doi:10.1038/s41586-023-06808-9
WMB:CS20230722_NEUR_Chol	owl:NamedIndividual	MBA:272	27	0.002891	76	doi:10.1038/s41586-023-06808-9
WMB:CS20230722_NEUR_Chol	owl:NamedIndividual	MBA:298	67	0.007173	164	doi:10.1038/s41586-023-06808-9
WMB:CS20230722_NEUR_Chol	owl:NamedIndividual	MBA:342	288	0.030835	581	doi:10.1038/s41586-023-06808-9
WMB:CS20230722_NEUR_Chol	owl:NamedIndividual	MBA:35	11	0.001178	55	doi:10.1038/s41586-023-06808-9
WMB:CS20230722_NEUR_Chol	owl:NamedIndividual	MBA:362	36	0.003854	165	doi:10.1038/s41586-023-06808-9
WMB:CS20230722_NEUR_Chol	owl:NamedIndividual	MBA:398	49	0.005246	79	doi:10.1038/s41586-023-06808-9
WMB:CS20230722_NEUR_Chol	owl:NamedIndividual	MBA:483	1881	0.201392	2577	doi:10.1038/s41586-023-06808-9
WMB:CS20230722_NEUR_Chol	owl:NamedIndividual	MBA:523	13	0.001392	95	doi:10.1038/s41586-023-06808-9
WMB:CS20230722_NEUR_Chol	owl:NamedIndividual	MBA:534	28	0.002998	52	doi:10.1038/s41586-023-06808-9
WMB:CS20230722_NEUR_Chol	owl:NamedIndividual	MBA:536	31	0.003319	74	doi:10.1038/s41586-023-06808-9
WMB:CS20230722_NEUR_Chol	owl:NamedIndividual	MBA:549009215	46	0.004925	121	doi:10.1038/s41586-023-06808-9
WMB:CS20230722_NEUR_Chol	owl:NamedIndividual	MBA:56	252	0.026981	357	doi:10.1038/s41586-023-06808-9
WMB:CS20230722_NEUR_Chol	owl:NamedIndividual	MBA:564	114	0.012206	195	doi:10.1038/s41586-023-06808-9
WMB:CS20230722_NEUR_Chol	owl:NamedIndividual	MBA:596	300	0.032120	472	doi:10.1038/s41586-023-06808-9
WMB:CS20230722_NEUR_Chol	owl:NamedIndividual	MBA:621	126	0.013490	175	doi:10.1038/s41586-023-06808-9
WMB:CS20230722_NEUR_Chol	owl:NamedIndividual	MBA:651	75	0.008030	209	doi:10.1038/s41586-023-06808-9
WMB:CS20230722_NEUR_Chol	owl:NamedIndividual	MBA:661	371	0.039722	511	doi:10.1038/s41586-023-06808-9
WMB:CS20230722_NEUR_Chol	owl:NamedIndividual	MBA:672	1332	0.142612	1432	doi:10.1038/s41586-023-06808-9
WMB:CS20230722_NEUR_Chol	owl:NamedIndividual	MBA:693	20	0.002141	83	doi:10.1038/s41586-023-06808-9
WMB:CS20230722_NEUR_Chol	owl:NamedIndividual	MBA:752	43	0.004604	156	doi:10.1038/s41586-023-06808-9
WMB:CS20230722_NEUR_Chol	owl:NamedIndividual	MBA:754	170	0.018201	241	doi:10.1038/s41586-023-06808-9
WMB:CS20230722_NEUR_Chol	owl:NamedIndividual	MBA:773	106	0.011349	230	doi:10.1038/s41586-023-06808-9
WMB:CS20230722_NEUR_Chol	owl:NamedIndividual	MBA:776	2	0.000214	92	doi:10.1038/s41586-023-06808-9
WMB:CS20230722_NEUR_Chol	owl:NamedIndividual	MBA:784	50	0.005353	150	doi:10.1038/s41586-023-06808-9
WMB:CS20230722_NEUR_Chol	owl:NamedIndividual	MBA:795	49	0.005246	231	doi:10.1038/s41586-023-06808-9
WMB:CS20230722_NEUR_Chol	owl:NamedIndividual	MBA:824	26	0.002784	325	doi:10.1038/s41586-023-06808-9
WMB:CS20230722_NEUR_Chol	owl:NamedIndividual	MBA:832	45	0.004818	147	doi:10.1038/s41586-023-06808-9
WMB:CS20230722_NEUR_Chol	owl:NamedIndividual	MBA:839	146	0.015632	247	doi:10.1038/s41586-023-06808-9
WMB:CS20230722_NEUR_Chol	owl:NamedIndividual	MBA:852	66	0.007066	162	doi:10.1038/s41586-023-06808-9
WMB:CS20230722_NEUR_Chol	owl:NamedIndividual	MBA:863	15	0.001606	57	doi:10.1038/s41586-023-06808-9
WMB:CS20230722_NEUR_Chol	owl:NamedIndividual	MBA:867	75	0.008030	157	doi:10.1038/s41586-023-06808-9
WMB:CS20230722_NEUR_Chol	owl:NamedIndividual	MBA:874	112	0.011991	253	doi:10.1038/s41586-023-06808-9
WMB:CS20230722_NEUR_Chol	owl:NamedIndividual	MBA:880	8	0.000857	47	doi:10.1038/s41586-023-06808-9
WMB:CS20230722_NEUR_Chol	owl:NamedIndividual	MBA:898	103	0.011028	204	doi:10.1038/s41586-023-06808-9
WMB:CS20230722_NEUR_Chol	owl:NamedIndividual	MBA:933	36	0.003854	184	doi:10.1038/s41586-023-06808-9
WMB:CS20230722_NEUR_Chol	owl:NamedIndividual	MBA:978	30	0.003212	90	doi:10.1038/s41586-023-06808-9
WMB:CS20230722_NEUR_Chol	owl:NamedIndividual	MBA:998	29	0.003105	79	doi:10.1038/s41586-023-06808-9
WMB:CS20230722_NEUR_Chol	owl:NamedIndividual	MBA:114	32	0.003426	60	doi:10.1038/s41586-023-06808-9
WMB:CS20230722_NEUR_Chol	owl:NamedIndividual	MBA:326	43	0.004604	156	doi:10.1038/s41586-023-06808-9
WMB:CS20230722_NEUR_Chol	owl:NamedIndividual	MBA:50	8	0.000857	141	doi:10.1038/s41586-023-06808-9
WMB:CS20230722_NEUR_Chol	owl:NamedIndividual	MBA:559	28	0.002998	65	doi:10.1038/s41586-023-06808-9
WMB:CS20230722_NEUR_Chol	owl:NamedIndividual	MBA:595	1	0.000107	193	doi:10.1038/s41586-023-06808-9
WMB:CS20230722_NEUR_Chol	owl:NamedIndividual	MBA:6	46	0.004925	143	doi:10.1038/s41586-023-06808-9
WMB:CS20230722_NEUR_Chol	owl:NamedIndividual	MBA:62	45	0.004818	147	doi:10.1038/s41586-023-06808-9
WMB:CS20230722_NEUR_Chol	owl:NamedIndividual	MBA:658	35	0.003747	173	doi:10.1038/s41586-023-06808-9
WMB:CS20230722_NEUR_Chol	owl:NamedIndividual	MBA:802	20	0.002141	59	doi:10.1038/s41586-023-06808-9
WMB:CS20230722_NEUR_Chol	owl:NamedIndividual	MBA:956	2	0.000214	63	doi:10.1038/s41586-023-06808-9
WMB:CS20230722_NEUR_Dopa	owl:NamedIndividual	MBA:1000	159	0.012365	467	doi:10.1038/s41586-023-06808-9
WMB:CS20230722_NEUR_Dopa	owl:NamedIndividual	MBA:1097	1056	0.082121	1209	doi:10.1038/s41586-023-06808-9
WMB:CS20230722_NEUR_Dopa	owl:NamedIndividual	MBA:129	42	0.003266	343	doi:10.1038/s41586-023-06808-9
WMB:CS20230722_NEUR_Dopa	owl:NamedIndividual	MBA:140	77	0.005988	136	doi:10.1038/s41586-023-06808-9
WMB:CS20230722_NEUR_Dopa	owl:NamedIndividual	MBA:313	2002	0.155689	2445	doi:10.1038/s41586-023-06808-9
WMB:CS20230722_NEUR_Dopa	owl:NamedIndividual	MBA:315	51	0.003966	159	doi:10.1038/s41586-023-06808-9
WMB:CS20230722_NEUR_Dopa	owl:NamedIndividual	MBA:698	8507	0.661560	9060	doi:10.1038/s41586-023-06808-9
WMB:CS20230722_NEUR_Dopa	owl:NamedIndividual	MBA:771	66	0.005133	146	doi:10.1038/s41586-023-06808-9
WMB:CS20230722_NEUR_Dopa	owl:NamedIndividual	MBA:960	52	0.004044	135	doi:10.1038/s41586-023-06808-9
WMB:CS20230722_NEUR_Dopa	owl:NamedIndividual	MBA:967	489	0.038028	2737	doi:10.1038/s41586-023-06808-9
WMB:CS20230722_NEUR_Dopa	owl:NamedIndividual	MBA:991	37	0.002877	229	doi:10.1038/s41586-023-06808-9
WMB:CS20230722_NEUR_Dopa	owl:NamedIndividual	MBA:100	55	0.004277	217	doi:10.1038/s41586-023-06808-9
WMB:CS20230722_NEUR_Dopa	owl:NamedIndividual	MBA:118	30	0.002333	78	doi:10.1038/s41586-023-06808-9
WMB:CS20230722_NEUR_Dopa	owl:NamedIndividual	MBA:12	207	0.016098	394	doi:10.1038/s41586-023-06808-9
WMB:CS20230722_NEUR_Dopa	owl:NamedIndividual	MBA:128	40	0.003111	149	doi:10.1038/s41586-023-06808-9
WMB:CS20230722_NEUR_Dopa	owl:NamedIndividual	MBA:133	327	0.025430	528	doi:10.1038/s41586-023-06808-9
WMB:CS20230722_NEUR_Dopa	owl:NamedIndividual	MBA:146	28	0.002177	70	doi:10.1038/s41586-023-06808-9
WMB:CS20230722_NEUR_Dopa	owl:NamedIndividual	MBA:151	33	0.002566	68	doi:10.1038/s41586-023-06808-9
WMB:CS20230722_NEUR_Dopa	owl:NamedIndividual	MBA:159	37	0.002877	129	doi:10.1038/s41586-023-06808-9
WMB:CS20230722_NEUR_Dopa	owl:NamedIndividual	MBA:197	35	0.002722	99	doi:10.1038/s41586-023-06808-9
WMB:CS20230722_NEUR_Dopa	owl:NamedIndividual	MBA:223	70	0.005444	98	doi:10.1038/s41586-023-06808-9
WMB:CS20230722_NEUR_Dopa	owl:NamedIndividual	MBA:246	24	0.001866	72	doi:10.1038/s41586-023-06808-9
WMB:CS20230722_NEUR_Dopa	owl:NamedIndividual	MBA:30	16	0.001244	73	doi:10.1038/s41586-023-06808-9
WMB:CS20230722_NEUR_Dopa	owl:NamedIndividual	MBA:347	32	0.002489	125	doi:10.1038/s41586-023-06808-9
WMB:CS20230722_NEUR_Dopa	owl:NamedIndividual	MBA:374	86	0.006688	315	doi:10.1038/s41586-023-06808-9
WMB:CS20230722_NEUR_Dopa	owl:NamedIndividual	MBA:38	25	0.001944	65	doi:10.1038/s41586-023-06808-9
WMB:CS20230722_NEUR_Dopa	owl:NamedIndividual	MBA:381	155	0.012054	324	doi:10.1038/s41586-023-06808-9
WMB:CS20230722_NEUR_Dopa	owl:NamedIndividual	MBA:507	8123	0.631698	8750	doi:10.1038/s41586-023-06808-9
WMB:CS20230722_NEUR_Dopa	owl:NamedIndividual	MBA:515	104	0.008088	400	doi:10.1038/s41586-023-06808-9
WMB:CS20230722_NEUR_Dopa	owl:NamedIndividual	MBA:589	10	0.000778	68	doi:10.1038/s41586-023-06808-9
WMB:CS20230722_NEUR_Dopa	owl:NamedIndividual	MBA:591	107	0.008321	234	doi:10.1038/s41586-023-06808-9
WMB:CS20230722_NEUR_Dopa	owl:NamedIndividual	MBA:607344830	18	0.001400	150	doi:10.1038/s41586-023-06808-9
WMB:CS20230722_NEUR_Dopa	owl:NamedIndividual	MBA:63	52	0.004044	98	doi:10.1038/s41586-023-06808-9
WMB:CS20230722_NEUR_Dopa	owl:NamedIndividual	MBA:746	11	0.000855	67	doi:10.1038/s41586-023-06808-9
WMB:CS20230722_NEUR_Dopa	owl:NamedIndividual	MBA:749	315	0.024496	649	doi:10.1038/s41586-023-06808-9
WMB:CS20230722_NEUR_Dopa	owl:NamedIndividual	MBA:752	52	0.004044	135	doi:10.1038/s41586-023-06808-9
WMB:CS20230722_NEUR_Dopa	owl:NamedIndividual	MBA:792	63	0.004899	201	doi:10.1038/s41586-023-06808-9
WMB:CS20230722_NEUR_Dopa	owl:NamedIndividual	MBA:795	175	0.013609	391	doi:10.1038/s41586-023-06808-9
WMB:CS20230722_NEUR_Dopa	owl:NamedIndividual	MBA:824	33	0.002566	212	doi:10.1038/s41586-023-06808-9
WMB:CS20230722_NEUR_Dopa	owl:NamedIndividual	MBA:832	5	0.000389	88	doi:10.1038/s41586-023-06808-9
WMB:CS20230722_NEUR_Dopa	owl:NamedIndividual	MBA:840	391	0.030407	2373	doi:10.1038/s41586-023-06808-9
WMB:CS20230722_NEUR_Dopa	owl:NamedIndividual	MBA:848	27	0.002100	70	doi:10.1038/s41586-023-06808-9
WMB:CS20230722_NEUR_Dopa	owl:NamedIndividual	MBA:863	151	0.011743	403	doi:10.1038/s41586-023-06808-9
WMB:CS20230722_NEUR_Dopa	owl:NamedIndividual	MBA:872	99	0.007699	200	doi:10.1038/s41586-023-06808-9
WMB:CS20230722_NEUR_Dopa	owl:NamedIndividual	MBA:877	8	0.000622	78	doi:10.1038/s41586-023-06808-9
WMB:CS20230722_NEUR_Dopa	owl:NamedIndividual	MBA:88	30	0.002333	101	doi:10.1038/s41586-023-06808-9
WMB:CS20230722_NEUR_Dopa	owl:NamedIndividual	MBA:946	73	0.005677	115	doi:10.1038/s41586-023-06808-9
WMB:CS20230722_NEUR_Dopa	owl:NamedIndividual	MBA:1016	350	0.027218	2259	doi:10.1038/s41586-023-06808-9
WMB:CS20230722_NEUR_Dopa	owl:NamedIndividual	MBA:117	27	0.002100	68	doi:10.1038/s41586-023-06808-9
WMB:CS20230722_NEUR_Dopa	owl:NamedIndividual	MBA:220	167	0.012987	447	doi:10.1038/s41586-023-06808-9
WMB:CS20230722_NEUR_Dopa	owl:NamedIndividual	MBA:228	84	0.006532	652	doi:10.1038/s41586-023-06808-9
WMB:CS20230722_NEUR_Dopa	owl:NamedIndividual	MBA:236	154	0.011976	1150	doi:10.1038/s41586-023-06808-9
WMB:CS20230722_NEUR_Dopa	owl:NamedIndividual	MBA:244	3159	0.245665	7031	doi:10.1038/s41586-023-06808-9
WMB:CS20230722_NEUR_Dopa	owl:NamedIndividual	MBA:326	51	0.003966	134	doi:10.1038/s41586-023-06808-9
WMB:CS20230722_NEUR_Dopa	owl:NamedIndividual	MBA:397	61	0.004744	152	doi:10.1038/s41586-023-06808-9
WMB:CS20230722_NEUR_Dopa	owl:NamedIndividual	MBA:607344834	30	0.002333	93	doi:10.1038/s41586-023-06808-9
WMB:CS20230722_NEUR_Dopa	owl:NamedIndividual	MBA:607344854	8	0.000622	139	doi:10.1038/s41586-023-06808-9
WMB:CS20230722_NEUR_Dopa	owl:NamedIndividual	MBA:62	3	0.000233	69	doi:10.1038/s41586-023-06808-9
WMB:CS20230722_NEUR_Dopa	owl:NamedIndividual	MBA:665	35	0.002722	101	doi:10.1038/s41586-023-06808-9
WMB:CS20230722_NEUR_Dopa	owl:NamedIndividual	MBA:681	11	0.000855	110	doi:10.1038/s41586-023-06808-9
WMB:CS20230722_NEUR_Dopa	owl:NamedIndividual	MBA:697	63	0.004899	201	doi:10.1038/s41586-023-06808-9
WMB:CS20230722_NEUR_Dopa	owl:NamedIndividual	MBA:969	11	0.000855	66	doi:10.1038/s41586-023-06808-9
WMB:CS20230722_NEUR_GABA	owl:NamedIndividual	MBA:1089	19055	0.022021	23506	doi:10.1038/s41586-023-06808-9
WMB:CS20230722_NEUR_GABA	owl:NamedIndividual	MBA:1097	26774	0.030942	34720	doi:10.1038/s41586-023-06808-9
WMB:CS20230722_NEUR_GABA	owl:NamedIndividual	MBA:313	38371	0.044344	45896	doi:10.1038/s41586-023-06808-9
WMB:CS20230722_NEUR_GABA	owl:NamedIndividual	MBA:315	82612	0.095471	91085	doi:10.1038/s41586-023-06808-9
WMB:CS20230722_NEUR_GABA	owl:NamedIndividual	MBA:477	263901	0.304979	291070	doi:10.1038/s41586-023-06808-9
WMB:CS20230722_NEUR_GABA	owl:NamedIndividual	MBA:484682512	563	0.000651	4376	doi:10.1038/s41586-023-06808-9
WMB:CS20230722_NEUR_GABA	owl:NamedIndividual	MBA:512	106487	0.123063	117856	doi:10.1038/s41586-023-06808-9
WMB:CS20230722_NEUR_GABA	owl:NamedIndividual	MBA:549	6904	0.007979	10011	doi:10.1038/s41586-023-06808-9
WMB:CS20230722_NEUR_GABA	owl:NamedIndividual	MBA:698	244415	0.282460	265410	doi:10.1038/s41586-023-06808-9
WMB:CS20230722_NEUR_GABA	owl:NamedIndividual	MBA:703	9139	0.010562	18974	doi:10.1038/s41586-023-06808-9
WMB:CS20230722_NEUR_GABA	owl:NamedIndividual	MBA:771	5129	0.005927	7729	doi:10.1038/s41586-023-06808-9
WMB:CS20230722_NEUR_GABA	owl:NamedIndividual	MBA:803	22515	0.026020	49498	doi:10.1038/s41586-023-06808-9
WMB:CS20230722_NEUR_GABA	owl:NamedIndividual	MBA:81	1786	0.002064	14318	doi:10.1038/s41586-023-06808-9
WMB:CS20230722_NEUR_GABA	owl:NamedIndividual	MBA:960	3879	0.004483	16042	doi:10.1038/s41586-023-06808-9
WMB:CS20230722_NEUR_GABA	owl:NamedIndividual	MBA:967	9503	0.010982	48298	doi:10.1038/s41586-023-06808-9
WMB:CS20230722_NEUR_GABA	owl:NamedIndividual	MBA:983	6220	0.007188	36445	doi:10.1038/s41586-023-06808-9
WMB:CS20230722_NEUR_GABA	owl:NamedIndividual	MBA:991	2846	0.003289	18099	doi:10.1038/s41586-023-06808-9
WMB:CS20230722_NEUR_GABA	owl:NamedIndividual	MBA:1007	15892	0.018366	22443	doi:10.1038/s41586-023-06808-9
WMB:CS20230722_NEUR_GABA	owl:NamedIndividual	MBA:1017	21958	0.025376	26753	doi:10.1038/s41586-023-06808-9
WMB:CS20230722_NEUR_GABA	owl:NamedIndividual	MBA:1022	2460	0.002843	6832	doi:10.1038/s41586-023-06808-9
WMB:CS20230722_NEUR_GABA	owl:NamedIndividual	MBA:1025	6992	0.008080	10388	doi:10.1038/s41586-023-06808-9
WMB:CS20230722_NEUR_GABA	owl:NamedIndividual	MBA:1033	4673	0.005400	7649	doi:10.1038/s41586-023-06808-9
WMB:CS20230722_NEUR_GABA	owl:NamedIndividual	MBA:1041	10516	0.012153	13867	doi:10.1038/s41586-023-06808-9
WMB:CS20230722_NEUR_GABA	owl:NamedIndividual	MBA:128	2416	0.002792	4462	doi:10.1038/s41586-023-06808-9
WMB:CS20230722_NEUR_GABA	owl:NamedIndividual	MBA:151	6198	0.007163	15258	doi:10.1038/s41586-023-06808-9
WMB:CS20230722_NEUR_GABA	owl:NamedIndividual	MBA:159	6687	0.007728	21245	doi:10.1038/s41586-023-06808-9
WMB:CS20230722_NEUR_GABA	owl:NamedIndividual	MBA:258	6480	0.007489	12672	doi:10.1038/s41586-023-06808-9
WMB:CS20230722_NEUR_GABA	owl:NamedIndividual	MBA:262	4202	0.004856	6065	doi:10.1038/s41586-023-06808-9
WMB:CS20230722_NEUR_GABA	owl:NamedIndividual	MBA:266	3628	0.004193	7117	doi:10.1038/s41586-023-06808-9
WMB:CS20230722_NEUR_GABA	owl:NamedIndividual	MBA:294	8188	0.009463	12784	doi:10.1038/s41586-023-06808-9
WMB:CS20230722_NEUR_GABA	owl:NamedIndividual	MBA:302	9958	0.011508	12920	doi:10.1038/s41586-023-06808-9
WMB:CS20230722_NEUR_GABA	owl:NamedIndividual	MBA:329	4492	0.005191	5727	doi:10.1038/s41586-023-06808-9
WMB:CS20230722_NEUR_GABA	owl:NamedIndividual	MBA:342	8449	0.009764	23364	doi:10.1038/s41586-023-06808-9
WMB:CS20230722_NEUR_GABA	owl:NamedIndividual	MBA:345	3928	0.004539	5214	doi:10.1038/s41586-023-06808-9
WMB:CS20230722_NEUR_GABA	owl:NamedIndividual	MBA:351	4765	0.005507	8769	doi:10.1038/s41586-023-06808-9
WMB:CS20230722_NEUR_GABA	owl:NamedIndividual	MBA:378	6303	0.007284	8324	doi:10.1038/s41586-023-06808-9
WMB:CS20230722_NEUR_GABA	owl:NamedIndividual	MBA:382	4025	0.004652	6293	doi:10.1038/s41586-023-06808-9
WMB:CS20230722_NEUR_GABA	owl:NamedIndividual	MBA:385	5007	0.005786	6039	doi:10.1038/s41586-023-06808-9
WMB:CS20230722_NEUR_GABA	owl:NamedIndividual	MBA:4	3251	0.003757	5953	doi:10.1038/s41586-023-06808-9
WMB:CS20230722_NEUR_GABA	owl:NamedIndividual	MBA:403	3081	0.003561	4920	doi:10.1038/s41586-023-06808-9
WMB:CS20230722_NEUR_GABA	owl:NamedIndividual	MBA:463	2584	0.002986	4523	doi:10.1038/s41586-023-06808-9
WMB:CS20230722_NEUR_GABA	owl:NamedIndividual	MBA:507	214718	0.248141	229859	doi:10.1038/s41586-023-06808-9
WMB:CS20230722_NEUR_GABA	owl:NamedIndividual	MBA:523	1695	0.001959	4340	doi:10.1038/s41586-023-06808-9
WMB:CS20230722_NEUR_GABA	owl:NamedIndividual	MBA:536	6034	0.006973	9555	doi:10.1038/s41586-023-06808-9
WMB:CS20230722_NEUR_GABA	owl:NamedIndividual	MBA:56	37494	0.043330	48227	doi:10.1038/s41586-023-06808-9
WMB:CS20230722_NEUR_GABA	owl:NamedIndividual	MBA:596	2147	0.002481	5340	doi:10.1038/s41586-023-06808-9
WMB:CS20230722_NEUR_GABA	owl:NamedIndividual	MBA:672	161902	0.187103	175566	doi:10.1038/s41586-023-06808-9
WMB:CS20230722_NEUR_GABA	owl:NamedIndividual	MBA:728	3480	0.004022	15147	doi:10.1038/s41586-023-06808-9
WMB:CS20230722_NEUR_GABA	owl:NamedIndividual	MBA:754	27942	0.032291	36271	doi:10.1038/s41586-023-06808-9
WMB:CS20230722_NEUR_GABA	owl:NamedIndividual	MBA:768	2652	0.003065	16661	doi:10.1038/s41586-023-06808-9
WMB:CS20230722_NEUR_GABA	owl:NamedIndividual	MBA:776	4281	0.004947	26804	doi:10.1038/s41586-023-06808-9
WMB:CS20230722_NEUR_GABA	owl:NamedIndividual	MBA:784	1623	0.001876	7524	doi:10.1038/s41586-023-06808-9
WMB:CS20230722_NEUR_GABA	owl:NamedIndividual	MBA:795	3193	0.003690	5105	doi:10.1038/s41586-023-06808-9
WMB:CS20230722_NEUR_GABA	owl:NamedIndividual	MBA:797	2455	0.002837	4496	doi:10.1038/s41586-023-06808-9
WMB:CS20230722_NEUR_GABA	owl:NamedIndividual	MBA:840	8304	0.009597	43007	doi:10.1038/s41586-023-06808-9
WMB:CS20230722_NEUR_GABA	owl:NamedIndividual	MBA:886	3209	0.003709	4791	doi:10.1038/s41586-023-06808-9
WMB:CS20230722_NEUR_GABA	owl:NamedIndividual	MBA:918	3793	0.004383	5291	doi:10.1038/s41586-023-06808-9
WMB:CS20230722_NEUR_GABA	owl:NamedIndividual	MBA:920	12435	0.014371	16710	doi:10.1038/s41586-023-06808-9
WMB:CS20230722_NEUR_GABA	owl:NamedIndividual	MBA:936	5208	0.006019	8168	doi:10.1038/s41586-023-06808-9
WMB:CS20230722_NEUR_GABA	owl:NamedIndividual	MBA:952	1455	0.001681	4724	doi:10.1038/s41586-023-06808-9
WMB:CS20230722_NEUR_GABA	owl:NamedIndividual	MBA:957	3692	0.004267	5833	doi:10.1038/s41586-023-06808-9
WMB:CS20230722_NEUR_GABA	owl:NamedIndividual	MBA:961	5089	0.005881	8602	doi:10.1038/s41586-023-06808-9
WMB:CS20230722_NEUR_GABA	owl:NamedIndividual	MBA:968	3622	0.004186	5305	doi:10.1038/s41586-023-06808-9
WMB:CS20230722_NEUR_GABA	owl:NamedIndividual	MBA:985	7247	0.008375	9386	doi:10.1038/s41586-023-06808-9
WMB:CS20230722_NEUR_GABA	owl:NamedIndividual	MBA:993	8791	0.010159	11050	doi:10.1038/s41586-023-06808-9
WMB:CS20230722_NEUR_GABA	owl:NamedIndividual	MBA:998	1875	0.002167	5246	doi:10.1038/s41586-023-06808-9
WMB:CS20230722_NEUR_GABA	owl:NamedIndividual	MBA:10	4346	0.005022	9368	doi:10.1038/s41586-023-06808-9
WMB:CS20230722_NEUR_GABA	owl:NamedIndividual	MBA:1016	3837	0.004434	20499	doi:10.1038/s41586-023-06808-9
WMB:CS20230722_NEUR_GABA	owl:NamedIndividual	MBA:1056	14316	0.016544	19872	doi:10.1038/s41586-023-06808-9
WMB:CS20230722_NEUR_GABA	owl:NamedIndividual	MBA:1064	7642	0.008832	11705	doi:10.1038/s41586-023-06808-9
WMB:CS20230722_NEUR_GABA	owl:NamedIndividual	MBA:17	2270	0.002623	5203	doi:10.1038/s41586-023-06808-9
WMB:CS20230722_NEUR_GABA	owl:NamedIndividual	MBA:204	2058	0.002378	6701	doi:10.1038/s41586-023-06808-9
WMB:CS20230722_NEUR_GABA	owl:NamedIndividual	MBA:220	107471	0.124200	144183	doi:10.1038/s41586-023-06808-9
WMB:CS20230722_NEUR_GABA	owl:NamedIndividual	MBA:228	14276	0.016498	74723	doi:10.1038/s41586-023-06808-9
WMB:CS20230722_NEUR_GABA	owl:NamedIndividual	MBA:236	11460	0.013244	63697	doi:10.1038/s41586-023-06808-9
WMB:CS20230722_NEUR_GABA	owl:NamedIndividual	MBA:244	40664	0.046994	98399	doi:10.1038/s41586-023-06808-9
WMB:CS20230722_NEUR_GABA	owl:NamedIndividual	MBA:466	551	0.000637	5226	doi:10.1038/s41586-023-06808-9
WMB:CS20230722_NEUR_GABA	owl:NamedIndividual	MBA:484682516	1332	0.001539	9213	doi:10.1038/s41586-023-06808-9
WMB:CS20230722_NEUR_GABA	owl:NamedIndividual	MBA:538	1919	0.002218	8539	doi:10.1038/s41586-023-06808-9
WMB:CS20230722_NEUR_GABA	owl:NamedIndividual	MBA:559	3303	0.003817	6199	doi:10.1038/s41586-023-06808-9
WMB:CS20230722_NEUR_GABA	owl:NamedIndividual	MBA:6	1297	0.001499	6513	doi:10.1038/s41586-023-06808-9
WMB:CS20230722_NEUR_GABA	owl:NamedIndividual	MBA:665	1188	0.001373	5630	doi:10.1038/s41586-023-06808-9
WMB:CS20230722_NEUR_GABA	owl:NamedIndividual	MBA:767	2950	0.003409	5455	doi:10.1038/s41586-023-06808-9
WMB:CS20230722_NEUR_GABA	owl:NamedIndividual	MBA:834	925	0.001069	4905	doi:10.1038/s41586-023-06808-9
WMB:CS20230722_NEUR_GABA	owl:NamedIndividual	MBA:842	5627	0.006503	10143	doi:10.1038/s41586-023-06808-9
WMB:CS20230722_NEUR_GABA	owl:NamedIndividual	MBA:851	3406	0.003936	9576	doi:10.1038/s41586-023-06808-9
WMB:CS20230722_NEUR_GABA	owl:NamedIndividual	MBA:900	1360	0.001572	8952	doi:10.1038/s41586-023-06808-9
WMB:CS20230722_NEUR_GABA	owl:NamedIndividual	MBA:943	2818	0.003257	4713	doi:10.1038/s41586-023-06808-9
WMB:CS20230722_NEUR_GABA	owl:NamedIndividual	MBA:956	1983	0.002292	13874	doi:10.1038/s41586-023-06808-9
WMB:CS20230722_NEUR_GABA	owl:NamedIndividual	MBA:962	3281	0.003792	5629	doi:10.1038/s41586-023-06808-9
WMB:CS20230722_NEUR_GABA	owl:NamedIndividual	MBA:976	4631	0.005352	7038	doi:10.1038/s41586-023-06808-9
WMB:CS20230722_NEUR_GABA	owl:NamedIndividual	MBA:984	7804	0.009019	12246	doi:10.1038/s41586-023-06808-9
WMB:CS20230722_NEUR_GABA_Glyc	owl:NamedIndividual	MBA:1000	208	0.010568	701	doi:10.1038/s41586-023-06808-9
WMB:CS20230722_NEUR_GABA_Glyc	owl:NamedIndividual	MBA:145	308	0.015649	1773	doi:10.1038/s41586-023-06808-9
WMB:CS20230722_NEUR_GABA_Glyc	owl:NamedIndividual	MBA:313	767	0.038970	991	doi:10.1038/s41586-023-06808-9
WMB:CS20230722_NEUR_GABA_Glyc	owl:NamedIndividual	MBA:354	11158	0.566914	13077	doi:10.1038/s41586-023-06808-9
WMB:CS20230722_NEUR_GABA_Glyc	owl:NamedIndividual	MBA:512	1829	0.092928	3139	doi:10.1038/s41586-023-06808-9
WMB:CS20230722_NEUR_GABA_Glyc	owl:NamedIndividual	MBA:771	3963	0.201351	5153	doi:10.1038/s41586-023-06808-9
WMB:CS20230722_NEUR_GABA_Glyc	owl:NamedIndividual	MBA:81	73	0.003709	510	doi:10.1038/s41586-023-06808-9
WMB:CS20230722_NEUR_GABA_Glyc	owl:NamedIndividual	MBA:960	533	0.027081	1728	doi:10.1038/s41586-023-06808-9
WMB:CS20230722_NEUR_GABA_Glyc	owl:NamedIndividual	MBA:967	499	0.025353	2511	doi:10.1038/s41586-023-06808-9
WMB:CS20230722_NEUR_GABA_Glyc	owl:NamedIndividual	MBA:983	30	0.001524	168	doi:10.1038/s41586-023-06808-9
WMB:CS20230722_NEUR_GABA_Glyc	owl:NamedIndividual	MBA:1007	172	0.008739	224	doi:10.1038/s41586-023-06808-9
WMB:CS20230722_NEUR_GABA_Glyc	owl:NamedIndividual	MBA:101	224	0.011381	435	doi:10.1038/s41586-023-06808-9
WMB:CS20230722_NEUR_GABA_Glyc	owl:NamedIndividual	MBA:1017	201	0.010212	238	doi:10.1038/s41586-023-06808-9
WMB:CS20230722_NEUR_GABA_Glyc	owl:NamedIndividual	MBA:1025	92	0.004674	128	doi:10.1038/s41586-023-06808-9
WMB:CS20230722_NEUR_GABA_Glyc	owl:NamedIndividual	MBA:1033	43	0.002185	144	doi:10.1038/s41586-023-06808-9
WMB:CS20230722_NEUR_GABA_Glyc	owl:NamedIndividual	MBA:1041	116	0.005894	249	doi:10.1038/s41586-023-06808-9
WMB:CS20230722_NEUR_GABA_Glyc	owl:NamedIndividual	MBA:1048	985	0.050046	1692	doi:10.1038/s41586-023-06808-9
WMB:CS20230722_NEUR_GABA_Glyc	owl:NamedIndividual	MBA:1049	212	0.010771	452	doi:10.1038/s41586-023-06808-9
WMB:CS20230722_NEUR_GABA_Glyc	owl:NamedIndividual	MBA:1069	95	0.004827	270	doi:10.1038/s41586-023-06808-9
WMB:CS20230722_NEUR_GABA_Glyc	owl:NamedIndividual	MBA:108	73	0.003709	510	doi:10.1038/s41586-023-06808-9
WMB:CS20230722_NEUR_GABA_Glyc	owl:NamedIndividual	MBA:1093	832	0.042272	1421	doi:10.1038/s41586-023-06808-9
WMB:CS20230722_NEUR_GABA_Glyc	owl:NamedIndividual	MBA:136	964	0.048979	1631	doi:10.1038/s41586-023-06808-9
WMB:CS20230722_NEUR_GABA_Glyc	owl:NamedIndividual	MBA:146	535	0.027182	889	doi:10.1038/s41586-023-06808-9
WMB:CS20230722_NEUR_GABA_Glyc	owl:NamedIndividual	MBA:153	109	0.005538	650	doi:10.1038/s41586-023-06808-9
WMB:CS20230722_NEUR_GABA_Glyc	owl:NamedIndividual	MBA:169	520	0.026420	1024	doi:10.1038/s41586-023-06808-9
WMB:CS20230722_NEUR_GABA_Glyc	owl:NamedIndividual	MBA:177	20	0.001016	116	doi:10.1038/s41586-023-06808-9
WMB:CS20230722_NEUR_GABA_Glyc	owl:NamedIndividual	MBA:202	2075	0.105426	3169	doi:10.1038/s41586-023-06808-9
WMB:CS20230722_NEUR_GABA_Glyc	owl:NamedIndividual	MBA:206	77	0.003912	230	doi:10.1038/s41586-023-06808-9
WMB:CS20230722_NEUR_GABA_Glyc	owl:NamedIndividual	MBA:207	26	0.001321	111	doi:10.1038/s41586-023-06808-9
WMB:CS20230722_NEUR_GABA_Glyc	owl:NamedIndividual	MBA:217	43	0.002185	115	doi:10.1038/s41586-023-06808-9
WMB:CS20230722_NEUR_GABA_Glyc	owl:NamedIndividual	MBA:225	407	0.020679	900	doi:10.1038/s41586-023-06808-9
WMB:CS20230722_NEUR_GABA_Glyc	owl:NamedIndividual	MBA:230	47	0.002388	137	doi:10.1038/s41586-023-06808-9
WMB:CS20230722_NEUR_GABA_Glyc	owl:NamedIndividual	MBA:235	67	0.003404	200	doi:10.1038/s41586-023-06808-9
WMB:CS20230722_NEUR_GABA_Glyc	owl:NamedIndividual	MBA:307	270	0.013718	647	doi:10.1038/s41586-023-06808-9
WMB:CS20230722_NEUR_GABA_Glyc	owl:NamedIndividual	MBA:395	289	0.014683	530	doi:10.1038/s41586-023-06808-9
WMB:CS20230722_NEUR_GABA_Glyc	owl:NamedIndividual	MBA:398	504	0.025607	900	doi:10.1038/s41586-023-06808-9
WMB:CS20230722_NEUR_GABA_Glyc	owl:NamedIndividual	MBA:429	203	0.010314	338	doi:10.1038/s41586-023-06808-9
WMB:CS20230722_NEUR_GABA_Glyc	owl:NamedIndividual	MBA:437	504	0.025607	734	doi:10.1038/s41586-023-06808-9
WMB:CS20230722_NEUR_GABA_Glyc	owl:NamedIndividual	MBA:445	54	0.002744	129	doi:10.1038/s41586-023-06808-9
WMB:CS20230722_NEUR_GABA_Glyc	owl:NamedIndividual	MBA:549009215	38	0.001931	139	doi:10.1038/s41586-023-06808-9
WMB:CS20230722_NEUR_GABA_Glyc	owl:NamedIndividual	MBA:574	56	0.002845	170	doi:10.1038/s41586-023-06808-9
WMB:CS20230722_NEUR_GABA_Glyc	owl:NamedIndividual	MBA:612	638	0.032415	1009	doi:10.1038/s41586-023-06808-9
WMB:CS20230722_NEUR_GABA_Glyc	owl:NamedIndividual	MBA:621	36	0.001829	117	doi:10.1038/s41586-023-06808-9
WMB:CS20230722_NEUR_GABA_Glyc	owl:NamedIndividual	MBA:642	97	0.004928	249	doi:10.1038/s41586-023-06808-9
WMB:CS20230722_NEUR_GABA_Glyc	owl:NamedIndividual	MBA:651	782	0.039732	1851	doi:10.1038/s41586-023-06808-9
WMB:CS20230722_NEUR_GABA_Glyc	owl:NamedIndividual	MBA:661	262	0.013312	474	doi:10.1038/s41586-023-06808-9
WMB:CS20230722_NEUR_GABA_Glyc	owl:NamedIndividual	MBA:679	41	0.002083	126	doi:10.1038/s41586-023-06808-9
WMB:CS20230722_NEUR_GABA_Glyc	owl:NamedIndividual	MBA:7	84	0.004268	155	doi:10.1038/s41586-023-06808-9
WMB:CS20230722_NEUR_GABA_Glyc	owl:NamedIndividual	MBA:711	160	0.008129	466	doi:10.1038/s41586-023-06808-9
WMB:CS20230722_NEUR_GABA_Glyc	owl:NamedIndividual	MBA:728	400	0.020323	1282	doi:10.1038/s41586-023-06808-9
WMB:CS20230722_NEUR_GABA_Glyc	owl:NamedIndividual	MBA:752	129	0.006554	570	doi:10.1038/s41586-023-06808-9
WMB:CS20230722_NEUR_GABA_Glyc	owl:NamedIndividual	MBA:773	79	0.004014	258	doi:10.1038/s41586-023-06808-9
WMB:CS20230722_NEUR_GABA_Glyc	owl:NamedIndividual	MBA:784	30	0.001524	168	doi:10.1038/s41586-023-06808-9
WMB:CS20230722_NEUR_GABA_Glyc	owl:NamedIndividual	MBA:792	58	0.002947	287	doi:10.1038/s41586-023-06808-9
WMB:CS20230722_NEUR_GABA_Glyc	owl:NamedIndividual	MBA:795	467	0.023727	604	doi:10.1038/s41586-023-06808-9
WMB:CS20230722_NEUR_GABA_Glyc	owl:NamedIndividual	MBA:798	18	0.000915	159	doi:10.1038/s41586-023-06808-9
WMB:CS20230722_NEUR_GABA_Glyc	owl:NamedIndividual	MBA:832	32	0.001626	232	doi:10.1038/s41586-023-06808-9
WMB:CS20230722_NEUR_GABA_Glyc	owl:NamedIndividual	MBA:839	217	0.011025	546	doi:10.1038/s41586-023-06808-9
WMB:CS20230722_NEUR_GABA_Glyc	owl:NamedIndividual	MBA:846	126	0.006402	257	doi:10.1038/s41586-023-06808-9
WMB:CS20230722_NEUR_GABA_Glyc	owl:NamedIndividual	MBA:852	511	0.025963	1007	doi:10.1038/s41586-023-06808-9
WMB:CS20230722_NEUR_GABA_Glyc	owl:NamedIndividual	MBA:859	56	0.002845	312	doi:10.1038/s41586-023-06808-9
WMB:CS20230722_NEUR_GABA_Glyc	owl:NamedIndividual	MBA:863	88	0.004471	365	doi:10.1038/s41586-023-06808-9
WMB:CS20230722_NEUR_GABA_Glyc	owl:NamedIndividual	MBA:867	105	0.005335	212	doi:10.1038/s41586-023-06808-9
WMB:CS20230722_NEUR_GABA_Glyc	owl:NamedIndividual	MBA:877	120	0.006097	336	doi:10.1038/s41586-023-06808-9
WMB:CS20230722_NEUR_GABA_Glyc	owl:NamedIndividual	MBA:898	105	0.005335	335	doi:10.1038/s41586-023-06808-9
WMB:CS20230722_NEUR_GABA_Glyc	owl:NamedIndividual	MBA:901	91	0.004624	309	doi:10.1038/s41586-023-06808-9
WMB:CS20230722_NEUR_GABA_Glyc	owl:NamedIndividual	MBA:903	55	0.002794	164	doi:10.1038/s41586-023-06808-9
WMB:CS20230722_NEUR_GABA_Glyc	owl:NamedIndividual	MBA:91	114	0.005792	211	doi:10.1038/s41586-023-06808-9
WMB:CS20230722_NEUR_GABA_Glyc	owl:NamedIndividual	MBA:917	3	0.000152	128	doi:10.1038/s41586-023-06808-9
WMB:CS20230722_NEUR_GABA_Glyc	owl:NamedIndividual	MBA:920	150	0.007621	287	doi:10.1038/s41586-023-06808-9
WMB:CS20230722_NEUR_GABA_Glyc	owl:NamedIndividual	MBA:933	293	0.014887	1410	doi:10.1038/s41586-023-06808-9
WMB:CS20230722_NEUR_GABA_Glyc	owl:NamedIndividual	MBA:957	164	0.008332	388	doi:10.1038/s41586-023-06808-9
WMB:CS20230722_NEUR_GABA_Glyc	owl:NamedIndividual	MBA:96	467	0.023727	857	doi:10.1038/s41586-023-06808-9
WMB:CS20230722_NEUR_GABA_Glyc	owl:NamedIndividual	MBA:968	126	0.006402	540	doi:10.1038/s41586-023-06808-9
WMB:CS20230722_NEUR_GABA_Glyc	owl:NamedIndividual	MBA:970	186	0.009450	507	doi:10.1038/s41586-023-06808-9
WMB:CS20230722_NEUR_GABA_Glyc	owl:NamedIndividual	MBA:978	333	0.016919	623	doi:10.1038/s41586-023-06808-9
WMB:CS20230722_NEUR_GABA_Glyc	owl:NamedIndividual	MBA:1043	120	0.006097	336	doi:10.1038/s41586-023-06808-9
WMB:CS20230722_NEUR_GABA_Glyc	owl:NamedIndividual	MBA:105	74	0.003760	230	doi:10.1038/s41586-023-06808-9
WMB:CS20230722_NEUR_GABA_Glyc	owl:NamedIndividual	MBA:1056	116	0.005894	140	doi:10.1038/s41586-023-06808-9
WMB:CS20230722_NEUR_GABA_Glyc	owl:NamedIndividual	MBA:1064	85	0.004319	106	doi:10.1038/s41586-023-06808-9
WMB:CS20230722_NEUR_GABA_Glyc	owl:NamedIndividual	MBA:1098	168	0.008536	315	doi:10.1038/s41586-023-06808-9
WMB:CS20230722_NEUR_GABA_Glyc	owl:NamedIndividual	MBA:1107	121	0.006148	222	doi:10.1038/s41586-023-06808-9
WMB:CS20230722_NEUR_GABA_Glyc	owl:NamedIndividual	MBA:1123	67	0.003404	255	doi:10.1038/s41586-023-06808-9
WMB:CS20230722_NEUR_GABA_Glyc	owl:NamedIndividual	MBA:114	125	0.006351	327	doi:10.1038/s41586-023-06808-9
WMB:CS20230722_NEUR_GABA_Glyc	owl:NamedIndividual	MBA:122	305	0.015496	574	doi:10.1038/s41586-023-06808-9
WMB:CS20230722_NEUR_GABA_Glyc	owl:NamedIndividual	MBA:190	30	0.001524	165	doi:10.1038/s41586-023-06808-9
WMB:CS20230722_NEUR_GABA_Glyc	owl:NamedIndividual	MBA:229	90	0.004573	303	doi:10.1038/s41586-023-06808-9
WMB:CS20230722_NEUR_GABA_Glyc	owl:NamedIndividual	MBA:326	33	0.001677	227	doi:10.1038/s41586-023-06808-9
WMB:CS20230722_NEUR_GABA_Glyc	owl:NamedIndividual	MBA:62	32	0.001626	231	doi:10.1038/s41586-023-06808-9
WMB:CS20230722_NEUR_GABA_Glyc	owl:NamedIndividual	MBA:658	224	0.011381	980	doi:10.1038/s41586-023-06808-9
WMB:CS20230722_NEUR_GABA_Glyc	owl:NamedIndividual	MBA:697	47	0.002388	244	doi:10.1038/s41586-023-06808-9
WMB:CS20230722_NEUR_GABA_Glyc	owl:NamedIndividual	MBA:78	29	0.001473	104	doi:10.1038/s41586-023-06808-9
WMB:CS20230722_NEUR_GABA_Glyc	owl:NamedIndividual	MBA:841	58	0.002947	362	doi:10.1038/s41586-023-06808-9
WMB:CS20230722_NEUR_GABA_Glyc	owl:NamedIndividual	MBA:955	64	0.003252	191	doi:10.1038/s41586-023-06808-9
WMB:CS20230722_NEUR_GABA_Glyc	owl:NamedIndividual	MBA:976	69	0.003506	172	doi:10.1038/s41586-023-06808-9
WMB:CS20230722_NEUR_GABA_Glyc	owl:NamedIndividual	MBA:984	81	0.004115	144	doi:10.1038/s41586-023-06808-9
WMB:CS20230722_NEUR_Glut	owl:NamedIndividual	MBA:1089	195396	0.127689	209995	doi:10.1038/s41586-023-06808-9
WMB:CS20230722_NEUR_Glut	owl:NamedIndividual	MBA:1097	34120	0.022297	39911	doi:10.1038/s41586-023-06808-9
WMB:CS20230722_NEUR_Glut	owl:NamedIndividual	MBA:129	1774	0.001159	9447	doi:10.1038/s41586-023-06808-9
WMB:CS20230722_NEUR_Glut	owl:NamedIndividual	MBA:145	2349	0.001535	12407	doi:10.1038/s41586-023-06808-9
WMB:CS20230722_NEUR_Glut	owl:NamedIndividual	MBA:313	68467	0.044742	82298	doi:10.1038/s41586-023-06808-9
WMB:CS20230722_NEUR_Glut	owl:NamedIndividual	MBA:315	547818	0.357992	569452	doi:10.1038/s41586-023-06808-9
WMB:CS20230722_NEUR_Glut	owl:NamedIndividual	MBA:354	23361	0.015266	33581	doi:10.1038/s41586-023-06808-9
WMB:CS20230722_NEUR_Glut	owl:NamedIndividual	MBA:477	14448	0.009442	35301	doi:10.1038/s41586-023-06808-9
WMB:CS20230722_NEUR_Glut	owl:NamedIndividual	MBA:484682512	5317	0.003475	32590	doi:10.1038/s41586-023-06808-9
WMB:CS20230722_NEUR_Glut	owl:NamedIndividual	MBA:512	334486	0.218582	404786	doi:10.1038/s41586-023-06808-9
WMB:CS20230722_NEUR_Glut	owl:NamedIndividual	MBA:549	38813	0.025364	46353	doi:10.1038/s41586-023-06808-9
WMB:CS20230722_NEUR_Glut	owl:NamedIndividual	MBA:698	104974	0.068599	119331	doi:10.1038/s41586-023-06808-9
WMB:CS20230722_NEUR_Glut	owl:NamedIndividual	MBA:703	25119	0.016415	40979	doi:10.1038/s41586-023-06808-9
WMB:CS20230722_NEUR_Glut	owl:NamedIndividual	MBA:771	22823	0.014915	29006	doi:10.1038/s41586-023-06808-9
WMB:CS20230722_NEUR_Glut	owl:NamedIndividual	MBA:803	5941	0.003882	10440	doi:10.1038/s41586-023-06808-9
WMB:CS20230722_NEUR_Glut	owl:NamedIndividual	MBA:81	9428	0.006161	17688	doi:10.1038/s41586-023-06808-9
WMB:CS20230722_NEUR_Glut	owl:NamedIndividual	MBA:960	60183	0.039329	197533	doi:10.1038/s41586-023-06808-9
WMB:CS20230722_NEUR_Glut	owl:NamedIndividual	MBA:967	6229	0.004071	25634	doi:10.1038/s41586-023-06808-9
WMB:CS20230722_NEUR_Glut	owl:NamedIndividual	MBA:983	6753	0.004413	51659	doi:10.1038/s41586-023-06808-9
WMB:CS20230722_NEUR_Glut	owl:NamedIndividual	MBA:991	7890	0.005156	54356	doi:10.1038/s41586-023-06808-9
WMB:CS20230722_NEUR_Glut	owl:NamedIndividual	MBA:1002	8858	0.005789	12132	doi:10.1038/s41586-023-06808-9
WMB:CS20230722_NEUR_Glut	owl:NamedIndividual	MBA:1007	47927	0.031320	64667	doi:10.1038/s41586-023-06808-9
WMB:CS20230722_NEUR_Glut	owl:NamedIndividual	MBA:101	4584	0.002996	8465	doi:10.1038/s41586-023-06808-9
WMB:CS20230722_NEUR_Glut	owl:NamedIndividual	MBA:1011	5331	0.003484	9101	doi:10.1038/s41586-023-06808-9
WMB:CS20230722_NEUR_Glut	owl:NamedIndividual	MBA:1017	65440	0.042764	77597	doi:10.1038/s41586-023-06808-9
WMB:CS20230722_NEUR_Glut	owl:NamedIndividual	MBA:1018	5659	0.003698	9635	doi:10.1038/s41586-023-06808-9
WMB:CS20230722_NEUR_Glut	owl:NamedIndividual	MBA:1025	21020	0.013736	30853	doi:10.1038/s41586-023-06808-9
WMB:CS20230722_NEUR_Glut	owl:NamedIndividual	MBA:1033	13821	0.009032	23765	doi:10.1038/s41586-023-06808-9
WMB:CS20230722_NEUR_Glut	owl:NamedIndividual	MBA:1037	5890	0.003849	9117	doi:10.1038/s41586-023-06808-9
WMB:CS20230722_NEUR_Glut	owl:NamedIndividual	MBA:104	10557	0.006899	16479	doi:10.1038/s41586-023-06808-9
WMB:CS20230722_NEUR_Glut	owl:NamedIndividual	MBA:1041	25729	0.016814	37945	doi:10.1038/s41586-023-06808-9
WMB:CS20230722_NEUR_Glut	owl:NamedIndividual	MBA:1049	12687	0.008291	19366	doi:10.1038/s41586-023-06808-9
WMB:CS20230722_NEUR_Glut	owl:NamedIndividual	MBA:1057	6094	0.003982	9821	doi:10.1038/s41586-023-06808-9
WMB:CS20230722_NEUR_Glut	owl:NamedIndividual	MBA:108	5220	0.003411	14411	doi:10.1038/s41586-023-06808-9
WMB:CS20230722_NEUR_Glut	owl:NamedIndividual	MBA:1084	8531	0.005575	12931	doi:10.1038/s41586-023-06808-9
WMB:CS20230722_NEUR_Glut	owl:NamedIndividual	MBA:111	5966	0.003899	9979	doi:10.1038/s41586-023-06808-9
WMB:CS20230722_NEUR_Glut	owl:NamedIndividual	MBA:119	4001	0.002615	7677	doi:10.1038/s41586-023-06808-9
WMB:CS20230722_NEUR_Glut	owl:NamedIndividual	MBA:153	1192	0.000779	8278	doi:10.1038/s41586-023-06808-9
WMB:CS20230722_NEUR_Glut	owl:NamedIndividual	MBA:159	22058	0.014415	26517	doi:10.1038/s41586-023-06808-9
WMB:CS20230722_NEUR_Glut	owl:NamedIndividual	MBA:294	10152	0.006634	13953	doi:10.1038/s41586-023-06808-9
WMB:CS20230722_NEUR_Glut	owl:NamedIndividual	MBA:302	4832	0.003158	10702	doi:10.1038/s41586-023-06808-9
WMB:CS20230722_NEUR_Glut	owl:NamedIndividual	MBA:312782546	5606	0.003663	8987	doi:10.1038/s41586-023-06808-9
WMB:CS20230722_NEUR_Glut	owl:NamedIndividual	MBA:329	35378	0.023119	44549	doi:10.1038/s41586-023-06808-9
WMB:CS20230722_NEUR_Glut	owl:NamedIndividual	MBA:337	11579	0.007567	16976	doi:10.1038/s41586-023-06808-9
WMB:CS20230722_NEUR_Glut	owl:NamedIndividual	MBA:345	29235	0.019105	37052	doi:10.1038/s41586-023-06808-9
WMB:CS20230722_NEUR_Glut	owl:NamedIndividual	MBA:353	19498	0.012742	26951	doi:10.1038/s41586-023-06808-9
WMB:CS20230722_NEUR_Glut	owl:NamedIndividual	MBA:361	6264	0.004093	10356	doi:10.1038/s41586-023-06808-9
WMB:CS20230722_NEUR_Glut	owl:NamedIndividual	MBA:369	18692	0.012215	26864	doi:10.1038/s41586-023-06808-9
WMB:CS20230722_NEUR_Glut	owl:NamedIndividual	MBA:378	40464	0.026443	51346	doi:10.1038/s41586-023-06808-9
WMB:CS20230722_NEUR_Glut	owl:NamedIndividual	MBA:382	40011	0.026147	47863	doi:10.1038/s41586-023-06808-9
WMB:CS20230722_NEUR_Glut	owl:NamedIndividual	MBA:385	44879	0.029328	52246	doi:10.1038/s41586-023-06808-9
WMB:CS20230722_NEUR_Glut	owl:NamedIndividual	MBA:39	11727	0.007663	19402	doi:10.1038/s41586-023-06808-9
WMB:CS20230722_NEUR_Glut	owl:NamedIndividual	MBA:4	26090	0.017049	30616	doi:10.1038/s41586-023-06808-9
WMB:CS20230722_NEUR_Glut	owl:NamedIndividual	MBA:403	5972	0.003903	8476	doi:10.1038/s41586-023-06808-9
WMB:CS20230722_NEUR_Glut	owl:NamedIndividual	MBA:409	6141	0.004013	9900	doi:10.1038/s41586-023-06808-9
WMB:CS20230722_NEUR_Glut	owl:NamedIndividual	MBA:417	4947	0.003233	8363	doi:10.1038/s41586-023-06808-9
WMB:CS20230722_NEUR_Glut	owl:NamedIndividual	MBA:463	18492	0.012084	39909	doi:10.1038/s41586-023-06808-9
WMB:CS20230722_NEUR_Glut	owl:NamedIndividual	MBA:48	12208	0.007978	17210	doi:10.1038/s41586-023-06808-9
WMB:CS20230722_NEUR_Glut	owl:NamedIndividual	MBA:484682470	4612	0.003014	12330	doi:10.1038/s41586-023-06808-9
WMB:CS20230722_NEUR_Glut	owl:NamedIndividual	MBA:502	11339	0.007410	21607	doi:10.1038/s41586-023-06808-9
WMB:CS20230722_NEUR_Glut	owl:NamedIndividual	MBA:507	25427	0.016616	29916	doi:10.1038/s41586-023-06808-9
WMB:CS20230722_NEUR_Glut	owl:NamedIndividual	MBA:533	4891	0.003196	8605	doi:10.1038/s41586-023-06808-9
WMB:CS20230722_NEUR_Glut	owl:NamedIndividual	MBA:541	11767	0.007690	18044	doi:10.1038/s41586-023-06808-9
WMB:CS20230722_NEUR_Glut	owl:NamedIndividual	MBA:672	1908	0.001247	12173	doi:10.1038/s41586-023-06808-9
WMB:CS20230722_NEUR_Glut	owl:NamedIndividual	MBA:677	7437	0.004860	11902	doi:10.1038/s41586-023-06808-9
WMB:CS20230722_NEUR_Glut	owl:NamedIndividual	MBA:723	9137	0.005971	14042	doi:10.1038/s41586-023-06808-9
WMB:CS20230722_NEUR_Glut	owl:NamedIndividual	MBA:726	59366	0.038795	69694	doi:10.1038/s41586-023-06808-9
WMB:CS20230722_NEUR_Glut	owl:NamedIndividual	MBA:728	55774	0.036448	190209	doi:10.1038/s41586-023-06808-9
WMB:CS20230722_NEUR_Glut	owl:NamedIndividual	MBA:731	5564	0.003636	10193	doi:10.1038/s41586-023-06808-9
WMB:CS20230722_NEUR_Glut	owl:NamedIndividual	MBA:746	6865	0.004486	11677	doi:10.1038/s41586-023-06808-9
WMB:CS20230722_NEUR_Glut	owl:NamedIndividual	MBA:752	4006	0.002618	12261	doi:10.1038/s41586-023-06808-9
WMB:CS20230722_NEUR_Glut	owl:NamedIndividual	MBA:768	6836	0.004467	47762	doi:10.1038/s41586-023-06808-9
WMB:CS20230722_NEUR_Glut	owl:NamedIndividual	MBA:776	5568	0.003639	46309	doi:10.1038/s41586-023-06808-9
WMB:CS20230722_NEUR_Glut	owl:NamedIndividual	MBA:795	10233	0.006687	14539	doi:10.1038/s41586-023-06808-9
WMB:CS20230722_NEUR_Glut	owl:NamedIndividual	MBA:840	2305	0.001506	10502	doi:10.1038/s41586-023-06808-9
WMB:CS20230722_NEUR_Glut	owl:NamedIndividual	MBA:843	3647	0.002383	8964	doi:10.1038/s41586-023-06808-9
WMB:CS20230722_NEUR_Glut	owl:NamedIndividual	MBA:879	18774	0.012269	29689	doi:10.1038/s41586-023-06808-9
WMB:CS20230722_NEUR_Glut	owl:NamedIndividual	MBA:886	42225	0.027593	50178	doi:10.1038/s41586-023-06808-9
WMB:CS20230722_NEUR_Glut	owl:NamedIndividual	MBA:894	9756	0.006375	20063	doi:10.1038/s41586-023-06808-9
WMB:CS20230722_NEUR_Glut	owl:NamedIndividual	MBA:895	5385	0.003519	8824	doi:10.1038/s41586-023-06808-9
WMB:CS20230722_NEUR_Glut	owl:NamedIndividual	MBA:918	18794	0.012282	25347	doi:10.1038/s41586-023-06808-9
WMB:CS20230722_NEUR_Glut	owl:NamedIndividual	MBA:920	43983	0.028742	56829	doi:10.1038/s41586-023-06808-9
WMB:CS20230722_NEUR_Glut	owl:NamedIndividual	MBA:926	18971	0.012397	27570	doi:10.1038/s41586-023-06808-9
WMB:CS20230722_NEUR_Glut	owl:NamedIndividual	MBA:931	5957	0.003893	7859	doi:10.1038/s41586-023-06808-9
WMB:CS20230722_NEUR_Glut	owl:NamedIndividual	MBA:936	14874	0.009720	20143	doi:10.1038/s41586-023-06808-9
WMB:CS20230722_NEUR_Glut	owl:NamedIndividual	MBA:952	6689	0.004371	12796	doi:10.1038/s41586-023-06808-9
WMB:CS20230722_NEUR_Glut	owl:NamedIndividual	MBA:957	18684	0.012210	32621	doi:10.1038/s41586-023-06808-9
WMB:CS20230722_NEUR_Glut	owl:NamedIndividual	MBA:96	3378	0.002207	8255	doi:10.1038/s41586-023-06808-9
WMB:CS20230722_NEUR_Glut	owl:NamedIndividual	MBA:961	34960	0.022846	41624	doi:10.1038/s41586-023-06808-9
WMB:CS20230722_NEUR_Glut	owl:NamedIndividual	MBA:968	11474	0.007498	16188	doi:10.1038/s41586-023-06808-9
WMB:CS20230722_NEUR_Glut	owl:NamedIndividual	MBA:972	9086	0.005938	13562	doi:10.1038/s41586-023-06808-9
WMB:CS20230722_NEUR_Glut	owl:NamedIndividual	MBA:985	41300	0.026989	53497	doi:10.1038/s41586-023-06808-9
WMB:CS20230722_NEUR_Glut	owl:NamedIndividual	MBA:993	46562	0.030428	59014	doi:10.1038/s41586-023-06808-9
WMB:CS20230722_NEUR_Glut	owl:NamedIndividual	MBA:1015	3300	0.002157	8321	doi:10.1038/s41586-023-06808-9
WMB:CS20230722_NEUR_Glut	owl:NamedIndividual	MBA:1021	9751	0.006372	17463	doi:10.1038/s41586-023-06808-9
WMB:CS20230722_NEUR_Glut	owl:NamedIndividual	MBA:1035	6282	0.004105	16301	doi:10.1038/s41586-023-06808-9
WMB:CS20230722_NEUR_Glut	owl:NamedIndividual	MBA:1038	6776	0.004428	11904	doi:10.1038/s41586-023-06808-9
WMB:CS20230722_NEUR_Glut	owl:NamedIndividual	MBA:1047	11329	0.007403	20073	doi:10.1038/s41586-023-06808-9
WMB:CS20230722_NEUR_Glut	owl:NamedIndividual	MBA:1056	35240	0.023029	43883	doi:10.1038/s41586-023-06808-9
WMB:CS20230722_NEUR_Glut	owl:NamedIndividual	MBA:1064	30200	0.019735	39226	doi:10.1038/s41586-023-06808-9
WMB:CS20230722_NEUR_Glut	owl:NamedIndividual	MBA:1070	3392	0.002217	11310	doi:10.1038/s41586-023-06808-9
WMB:CS20230722_NEUR_Glut	owl:NamedIndividual	MBA:10703	5798	0.003789	61450	doi:10.1038/s41586-023-06808-9
WMB:CS20230722_NEUR_Glut	owl:NamedIndividual	MBA:10704	8190	0.005352	50691	doi:10.1038/s41586-023-06808-9
WMB:CS20230722_NEUR_Glut	owl:NamedIndividual	MBA:1090	6666	0.004356	17233	doi:10.1038/s41586-023-06808-9
WMB:CS20230722_NEUR_Glut	owl:NamedIndividual	MBA:1101	3550	0.002320	9005	doi:10.1038/s41586-023-06808-9
WMB:CS20230722_NEUR_Glut	owl:NamedIndividual	MBA:1102	7573	0.004949	12295	doi:10.1038/s41586-023-06808-9
WMB:CS20230722_NEUR_Glut	owl:NamedIndividual	MBA:113	4543	0.002969	7736	doi:10.1038/s41586-023-06808-9
WMB:CS20230722_NEUR_Glut	owl:NamedIndividual	MBA:139	4150	0.002712	11385	doi:10.1038/s41586-023-06808-9
WMB:CS20230722_NEUR_Glut	owl:NamedIndividual	MBA:201	11573	0.007563	21249	doi:10.1038/s41586-023-06808-9
WMB:CS20230722_NEUR_Glut	owl:NamedIndividual	MBA:211	3371	0.002203	8866	doi:10.1038/s41586-023-06808-9
WMB:CS20230722_NEUR_Glut	owl:NamedIndividual	MBA:220	3030	0.001980	9017	doi:10.1038/s41586-023-06808-9
WMB:CS20230722_NEUR_Glut	owl:NamedIndividual	MBA:236	1503	0.000982	8612	doi:10.1038/s41586-023-06808-9
WMB:CS20230722_NEUR_Glut	owl:NamedIndividual	MBA:244	12122	0.007922	21692	doi:10.1038/s41586-023-06808-9
WMB:CS20230722_NEUR_Glut	owl:NamedIndividual	MBA:274	3284	0.002146	9224	doi:10.1038/s41586-023-06808-9
WMB:CS20230722_NEUR_Glut	owl:NamedIndividual	MBA:28	7004	0.004577	13477	doi:10.1038/s41586-023-06808-9
WMB:CS20230722_NEUR_Glut	owl:NamedIndividual	MBA:289	3210	0.002098	8497	doi:10.1038/s41586-023-06808-9
WMB:CS20230722_NEUR_Glut	owl:NamedIndividual	MBA:296	3684	0.002407	9155	doi:10.1038/s41586-023-06808-9
WMB:CS20230722_NEUR_Glut	owl:NamedIndividual	MBA:33	8329	0.005443	15137	doi:10.1038/s41586-023-06808-9
WMB:CS20230722_NEUR_Glut	owl:NamedIndividual	MBA:399	15111	0.009875	42579	doi:10.1038/s41586-023-06808-9
WMB:CS20230722_NEUR_Glut	owl:NamedIndividual	MBA:407	14972	0.009784	39168	doi:10.1038/s41586-023-06808-9
WMB:CS20230722_NEUR_Glut	owl:NamedIndividual	MBA:415	9660	0.006313	36939	doi:10.1038/s41586-023-06808-9
WMB:CS20230722_NEUR_Glut	owl:NamedIndividual	MBA:430	20285	0.013256	38294	doi:10.1038/s41586-023-06808-9
WMB:CS20230722_NEUR_Glut	owl:NamedIndividual	MBA:434	8307	0.005429	17385	doi:10.1038/s41586-023-06808-9
WMB:CS20230722_NEUR_Glut	owl:NamedIndividual	MBA:442	1078	0.000704	9484	doi:10.1038/s41586-023-06808-9
WMB:CS20230722_NEUR_Glut	owl:NamedIndividual	MBA:466	1224	0.000800	19391	doi:10.1038/s41586-023-06808-9
WMB:CS20230722_NEUR_Glut	owl:NamedIndividual	MBA:479	3309	0.002162	21692	doi:10.1038/s41586-023-06808-9
WMB:CS20230722_NEUR_Glut	owl:NamedIndividual	MBA:484682516	2200	0.001438	14420	doi:10.1038/s41586-023-06808-9
WMB:CS20230722_NEUR_Glut	owl:NamedIndividual	MBA:486	3852	0.002517	24687	doi:10.1038/s41586-023-06808-9
WMB:CS20230722_NEUR_Glut	owl:NamedIndividual	MBA:495	8964	0.005858	25851	doi:10.1038/s41586-023-06808-9
WMB:CS20230722_NEUR_Glut	owl:NamedIndividual	MBA:504	2204	0.001440	20923	doi:10.1038/s41586-023-06808-9
WMB:CS20230722_NEUR_Glut	owl:NamedIndividual	MBA:52	3540	0.002313	9129	doi:10.1038/s41586-023-06808-9
WMB:CS20230722_NEUR_Glut	owl:NamedIndividual	MBA:542	7411	0.004843	31236	doi:10.1038/s41586-023-06808-9
WMB:CS20230722_NEUR_Glut	owl:NamedIndividual	MBA:543	3485	0.002277	10730	doi:10.1038/s41586-023-06808-9
WMB:CS20230722_NEUR_Glut	owl:NamedIndividual	MBA:577	3672	0.002400	8066	doi:10.1038/s41586-023-06808-9
WMB:CS20230722_NEUR_Glut	owl:NamedIndividual	MBA:590	3280	0.002143	8732	doi:10.1038/s41586-023-06808-9
WMB:CS20230722_NEUR_Glut	owl:NamedIndividual	MBA:593	2250	0.001470	10686	doi:10.1038/s41586-023-06808-9
WMB:CS20230722_NEUR_Glut	owl:NamedIndividual	MBA:610	6009	0.003927	17521	doi:10.1038/s41586-023-06808-9
WMB:CS20230722_NEUR_Glut	owl:NamedIndividual	MBA:630	3668	0.002397	8836	doi:10.1038/s41586-023-06808-9
WMB:CS20230722_NEUR_Glut	owl:NamedIndividual	MBA:632	45378	0.029654	61702	doi:10.1038/s41586-023-06808-9
WMB:CS20230722_NEUR_Glut	owl:NamedIndividual	MBA:648	8631	0.005640	18072	doi:10.1038/s41586-023-06808-9
WMB:CS20230722_NEUR_Glut	owl:NamedIndividual	MBA:654	6523	0.004263	12115	doi:10.1038/s41586-023-06808-9
WMB:CS20230722_NEUR_Glut	owl:NamedIndividual	MBA:656	2733	0.001786	14023	doi:10.1038/s41586-023-06808-9
WMB:CS20230722_NEUR_Glut	owl:NamedIndividual	MBA:657	9619	0.006286	16918	doi:10.1038/s41586-023-06808-9
WMB:CS20230722_NEUR_Glut	owl:NamedIndividual	MBA:664	5176	0.003382	14182	doi:10.1038/s41586-023-06808-9
WMB:CS20230722_NEUR_Glut	owl:NamedIndividual	MBA:687	11070	0.007234	32005	doi:10.1038/s41586-023-06808-9
WMB:CS20230722_NEUR_Glut	owl:NamedIndividual	MBA:721	9258	0.006050	22471	doi:10.1038/s41586-023-06808-9
WMB:CS20230722_NEUR_Glut	owl:NamedIndividual	MBA:727	4731	0.003092	15166	doi:10.1038/s41586-023-06808-9
WMB:CS20230722_NEUR_Glut	owl:NamedIndividual	MBA:743	4892	0.003197	12489	doi:10.1038/s41586-023-06808-9
WMB:CS20230722_NEUR_Glut	owl:NamedIndividual	MBA:767	11420	0.007463	23490	doi:10.1038/s41586-023-06808-9
WMB:CS20230722_NEUR_Glut	owl:NamedIndividual	MBA:772	5049	0.003299	10839	doi:10.1038/s41586-023-06808-9
WMB:CS20230722_NEUR_Glut	owl:NamedIndividual	MBA:774	3184	0.002081	10650	doi:10.1038/s41586-023-06808-9
WMB:CS20230722_NEUR_Glut	owl:NamedIndividual	MBA:778	7395	0.004833	21338	doi:10.1038/s41586-023-06808-9
WMB:CS20230722_NEUR_Glut	owl:NamedIndividual	MBA:806	13285	0.008682	22766	doi:10.1038/s41586-023-06808-9
WMB:CS20230722_NEUR_Glut	owl:NamedIndividual	MBA:811	8540	0.005581	14421	doi:10.1038/s41586-023-06808-9
WMB:CS20230722_NEUR_Glut	owl:NamedIndividual	MBA:820	9141	0.005974	15405	doi:10.1038/s41586-023-06808-9
WMB:CS20230722_NEUR_Glut	owl:NamedIndividual	MBA:821	16873	0.011026	29149	doi:10.1038/s41586-023-06808-9
WMB:CS20230722_NEUR_Glut	owl:NamedIndividual	MBA:828	8409	0.005495	15141	doi:10.1038/s41586-023-06808-9
WMB:CS20230722_NEUR_Glut	owl:NamedIndividual	MBA:838	5135	0.003356	11025	doi:10.1038/s41586-023-06808-9
WMB:CS20230722_NEUR_Glut	owl:NamedIndividual	MBA:844	11920	0.007790	19860	doi:10.1038/s41586-023-06808-9
WMB:CS20230722_NEUR_Glut	owl:NamedIndividual	MBA:854	6661	0.004353	11833	doi:10.1038/s41586-023-06808-9
WMB:CS20230722_NEUR_Glut	owl:NamedIndividual	MBA:862	11986	0.007833	19392	doi:10.1038/s41586-023-06808-9
WMB:CS20230722_NEUR_Glut	owl:NamedIndividual	MBA:889	4658	0.003044	8081	doi:10.1038/s41586-023-06808-9
WMB:CS20230722_NEUR_Glut	owl:NamedIndividual	MBA:919	3270	0.002137	7743	doi:10.1038/s41586-023-06808-9
WMB:CS20230722_NEUR_Glut	owl:NamedIndividual	MBA:940	2622	0.001713	13677	doi:10.1038/s41586-023-06808-9
WMB:CS20230722_NEUR_Glut	owl:NamedIndividual	MBA:943	19401	0.012678	27778	doi:10.1038/s41586-023-06808-9
WMB:CS20230722_NEUR_Glut	owl:NamedIndividual	MBA:945	4992	0.003262	9439	doi:10.1038/s41586-023-06808-9
WMB:CS20230722_NEUR_Glut	owl:NamedIndividual	MBA:950	7466	0.004879	14686	doi:10.1038/s41586-023-06808-9
WMB:CS20230722_NEUR_Glut	owl:NamedIndividual	MBA:956	2202	0.001439	18711	doi:10.1038/s41586-023-06808-9
WMB:CS20230722_NEUR_Glut	owl:NamedIndividual	MBA:962	22333	0.014594	32996	doi:10.1038/s41586-023-06808-9
WMB:CS20230722_NEUR_Glut	owl:NamedIndividual	MBA:965	3969	0.002594	10556	doi:10.1038/s41586-023-06808-9
WMB:CS20230722_NEUR_Glut	owl:NamedIndividual	MBA:971	343	0.000224	8073	doi:10.1038/s41586-023-06808-9
WMB:CS20230722_NEUR_Glut	owl:NamedIndividual	MBA:974	3123	0.002041	10279	doi:10.1038/s41586-023-06808-9
WMB:CS20230722_NEUR_Glut	owl:NamedIndividual	MBA:976	16720	0.010926	22812	doi:10.1038/s41586-023-06808-9
WMB:CS20230722_NEUR_Glut	owl:NamedIndividual	MBA:984	27263	0.017816	37368	doi:10.1038/s41586-023-06808-9
WMB:CS20230722_NEUR_Glut_GABA	owl:NamedIndividual	MBA:1000	33	0.006361	130	doi:10.1038/s41586-023-06808-9
WMB:CS20230722_NEUR_Glut_GABA	owl:NamedIndividual	MBA:1089	424	0.081727	459	doi:10.1038/s41586-023-06808-9
WMB:CS20230722_NEUR_Glut_GABA	owl:NamedIndividual	MBA:1097	984	0.189668	1280	doi:10.1038/s41586-023-06808-9
WMB:CS20230722_NEUR_Glut_GABA	owl:NamedIndividual	MBA:129	11	0.002120	91	doi:10.1038/s41586-023-06808-9
WMB:CS20230722_NEUR_Glut_GABA	owl:NamedIndividual	MBA:145	32	0.006168	153	doi:10.1038/s41586-023-06808-9
WMB:CS20230722_NEUR_Glut_GABA	owl:NamedIndividual	MBA:313	589	0.113531	801	doi:10.1038/s41586-023-06808-9
WMB:CS20230722_NEUR_Glut_GABA	owl:NamedIndividual	MBA:315	477	0.091943	553	doi:10.1038/s41586-023-06808-9
WMB:CS20230722_NEUR_Glut_GABA	owl:NamedIndividual	MBA:354	118	0.022745	160	doi:10.1038/s41586-023-06808-9
WMB:CS20230722_NEUR_Glut_GABA	owl:NamedIndividual	MBA:477	177	0.034117	432	doi:10.1038/s41586-023-06808-9
WMB:CS20230722_NEUR_Glut_GABA	owl:NamedIndividual	MBA:484682512	10	0.001928	58	doi:10.1038/s41586-023-06808-9
WMB:CS20230722_NEUR_Glut_GABA	owl:NamedIndividual	MBA:512	13	0.002506	40	doi:10.1038/s41586-023-06808-9
WMB:CS20230722_NEUR_Glut_GABA	owl:NamedIndividual	MBA:698	792	0.152660	865	doi:10.1038/s41586-023-06808-9
WMB:CS20230722_NEUR_Glut_GABA	owl:NamedIndividual	MBA:703	73	0.014071	122	doi:10.1038/s41586-023-06808-9
WMB:CS20230722_NEUR_Glut_GABA	owl:NamedIndividual	MBA:771	643	0.123940	863	doi:10.1038/s41586-023-06808-9
WMB:CS20230722_NEUR_Glut_GABA	owl:NamedIndividual	MBA:803	535	0.103123	741	doi:10.1038/s41586-023-06808-9
WMB:CS20230722_NEUR_Glut_GABA	owl:NamedIndividual	MBA:960	10	0.001928	37	doi:10.1038/s41586-023-06808-9
WMB:CS20230722_NEUR_Glut_GABA	owl:NamedIndividual	MBA:967	86	0.016577	433	doi:10.1038/s41586-023-06808-9
WMB:CS20230722_NEUR_Glut_GABA	owl:NamedIndividual	MBA:983	54	0.010409	197	doi:10.1038/s41586-023-06808-9
WMB:CS20230722_NEUR_Glut_GABA	owl:NamedIndividual	MBA:991	77	0.014842	434	doi:10.1038/s41586-023-06808-9
WMB:CS20230722_NEUR_Glut_GABA	owl:NamedIndividual	MBA:100	113	0.021781	165	doi:10.1038/s41586-023-06808-9
WMB:CS20230722_NEUR_Glut_GABA	owl:NamedIndividual	MBA:1031	48	0.009252	84	doi:10.1038/s41586-023-06808-9
WMB:CS20230722_NEUR_Glut_GABA	owl:NamedIndividual	MBA:1052	20	0.003855	41	doi:10.1038/s41586-023-06808-9
WMB:CS20230722_NEUR_Glut_GABA	owl:NamedIndividual	MBA:1093	16	0.003084	48	doi:10.1038/s41586-023-06808-9
WMB:CS20230722_NEUR_Glut_GABA	owl:NamedIndividual	MBA:1109	19	0.003662	95	doi:10.1038/s41586-023-06808-9
WMB:CS20230722_NEUR_Glut_GABA	owl:NamedIndividual	MBA:118	8	0.001542	29	doi:10.1038/s41586-023-06808-9
WMB:CS20230722_NEUR_Glut_GABA	owl:NamedIndividual	MBA:12	12	0.002313	34	doi:10.1038/s41586-023-06808-9
WMB:CS20230722_NEUR_Glut_GABA	owl:NamedIndividual	MBA:128	70	0.013493	125	doi:10.1038/s41586-023-06808-9
WMB:CS20230722_NEUR_Glut_GABA	owl:NamedIndividual	MBA:133	68	0.013107	115	doi:10.1038/s41586-023-06808-9
WMB:CS20230722_NEUR_Glut_GABA	owl:NamedIndividual	MBA:146	70	0.013493	114	doi:10.1038/s41586-023-06808-9
WMB:CS20230722_NEUR_Glut_GABA	owl:NamedIndividual	MBA:159	57	0.010987	71	doi:10.1038/s41586-023-06808-9
WMB:CS20230722_NEUR_Glut_GABA	owl:NamedIndividual	MBA:162	9	0.001735	35	doi:10.1038/s41586-023-06808-9
WMB:CS20230722_NEUR_Glut_GABA	owl:NamedIndividual	MBA:194	175	0.033732	247	doi:10.1038/s41586-023-06808-9
WMB:CS20230722_NEUR_Glut_GABA	owl:NamedIndividual	MBA:197	13	0.002506	26	doi:10.1038/s41586-023-06808-9
WMB:CS20230722_NEUR_Glut_GABA	owl:NamedIndividual	MBA:202	32	0.006168	51	doi:10.1038/s41586-023-06808-9
WMB:CS20230722_NEUR_Glut_GABA	owl:NamedIndividual	MBA:209	23	0.004433	37	doi:10.1038/s41586-023-06808-9
WMB:CS20230722_NEUR_Glut_GABA	owl:NamedIndividual	MBA:223	44	0.008481	71	doi:10.1038/s41586-023-06808-9
WMB:CS20230722_NEUR_Glut_GABA	owl:NamedIndividual	MBA:225	19	0.003662	42	doi:10.1038/s41586-023-06808-9
WMB:CS20230722_NEUR_Glut_GABA	owl:NamedIndividual	MBA:226	26	0.005012	73	doi:10.1038/s41586-023-06808-9
WMB:CS20230722_NEUR_Glut_GABA	owl:NamedIndividual	MBA:23	19	0.003662	29	doi:10.1038/s41586-023-06808-9
WMB:CS20230722_NEUR_Glut_GABA	owl:NamedIndividual	MBA:238	46	0.008867	87	doi:10.1038/s41586-023-06808-9
WMB:CS20230722_NEUR_Glut_GABA	owl:NamedIndividual	MBA:266	36	0.006939	104	doi:10.1038/s41586-023-06808-9
WMB:CS20230722_NEUR_Glut_GABA	owl:NamedIndividual	MBA:286	5	0.000964	36	doi:10.1038/s41586-023-06808-9
WMB:CS20230722_NEUR_Glut_GABA	owl:NamedIndividual	MBA:295	13	0.002506	27	doi:10.1038/s41586-023-06808-9
WMB:CS20230722_NEUR_Glut_GABA	owl:NamedIndividual	MBA:318	6	0.001157	36	doi:10.1038/s41586-023-06808-9
WMB:CS20230722_NEUR_Glut_GABA	owl:NamedIndividual	MBA:319	14	0.002699	26	doi:10.1038/s41586-023-06808-9
WMB:CS20230722_NEUR_Glut_GABA	owl:NamedIndividual	MBA:342	55	0.010601	124	doi:10.1038/s41586-023-06808-9
WMB:CS20230722_NEUR_Glut_GABA	owl:NamedIndividual	MBA:347	3	0.000578	34	doi:10.1038/s41586-023-06808-9
WMB:CS20230722_NEUR_Glut_GABA	owl:NamedIndividual	MBA:351	368	0.070933	485	doi:10.1038/s41586-023-06808-9
WMB:CS20230722_NEUR_Glut_GABA	owl:NamedIndividual	MBA:369	20	0.003855	30	doi:10.1038/s41586-023-06808-9
WMB:CS20230722_NEUR_Glut_GABA	owl:NamedIndividual	MBA:378	21	0.004048	33	doi:10.1038/s41586-023-06808-9
WMB:CS20230722_NEUR_Glut_GABA	owl:NamedIndividual	MBA:382	113	0.021781	158	doi:10.1038/s41586-023-06808-9
WMB:CS20230722_NEUR_Glut_GABA	owl:NamedIndividual	MBA:39	23	0.004433	43	doi:10.1038/s41586-023-06808-9
WMB:CS20230722_NEUR_Glut_GABA	owl:NamedIndividual	MBA:423	8	0.001542	42	doi:10.1038/s41586-023-06808-9
WMB:CS20230722_NEUR_Glut_GABA	owl:NamedIndividual	MBA:463	115	0.022167	136	doi:10.1038/s41586-023-06808-9
WMB:CS20230722_NEUR_Glut_GABA	owl:NamedIndividual	MBA:48	17	0.003277	31	doi:10.1038/s41586-023-06808-9
WMB:CS20230722_NEUR_Glut_GABA	owl:NamedIndividual	MBA:484682470	20	0.003855	36	doi:10.1038/s41586-023-06808-9
WMB:CS20230722_NEUR_Glut_GABA	owl:NamedIndividual	MBA:491	9	0.001735	138	doi:10.1038/s41586-023-06808-9
WMB:CS20230722_NEUR_Glut_GABA	owl:NamedIndividual	MBA:502	22	0.004241	54	doi:10.1038/s41586-023-06808-9
WMB:CS20230722_NEUR_Glut_GABA	owl:NamedIndividual	MBA:507	591	0.113917	626	doi:10.1038/s41586-023-06808-9
WMB:CS20230722_NEUR_Glut_GABA	owl:NamedIndividual	MBA:515	27	0.005204	73	doi:10.1038/s41586-023-06808-9
WMB:CS20230722_NEUR_Glut_GABA	owl:NamedIndividual	MBA:523	22	0.004241	57	doi:10.1038/s41586-023-06808-9
WMB:CS20230722_NEUR_Glut_GABA	owl:NamedIndividual	MBA:525	228	0.043948	354	doi:10.1038/s41586-023-06808-9
WMB:CS20230722_NEUR_Glut_GABA	owl:NamedIndividual	MBA:536	13	0.002506	27	doi:10.1038/s41586-023-06808-9
WMB:CS20230722_NEUR_Glut_GABA	owl:NamedIndividual	MBA:56	22	0.004241	89	doi:10.1038/s41586-023-06808-9
WMB:CS20230722_NEUR_Glut_GABA	owl:NamedIndividual	MBA:576073699	9	0.001735	38	doi:10.1038/s41586-023-06808-9
WMB:CS20230722_NEUR_Glut_GABA	owl:NamedIndividual	MBA:596	5	0.000964	29	doi:10.1038/s41586-023-06808-9
WMB:CS20230722_NEUR_Glut_GABA	owl:NamedIndividual	MBA:599626927	20	0.003855	71	doi:10.1038/s41586-023-06808-9
WMB:CS20230722_NEUR_Glut_GABA	owl:NamedIndividual	MBA:604	35	0.006746	78	doi:10.1038/s41586-023-06808-9
WMB:CS20230722_NEUR_Glut_GABA	owl:NamedIndividual	MBA:672	7	0.001349	31	doi:10.1038/s41586-023-06808-9
WMB:CS20230722_NEUR_Glut_GABA	owl:NamedIndividual	MBA:679	179	0.034503	328	doi:10.1038/s41586-023-06808-9
WMB:CS20230722_NEUR_Glut_GABA	owl:NamedIndividual	MBA:693	24	0.004626	56	doi:10.1038/s41586-023-06808-9
WMB:CS20230722_NEUR_Glut_GABA	owl:NamedIndividual	MBA:72	8	0.001542	39	doi:10.1038/s41586-023-06808-9
WMB:CS20230722_NEUR_Glut_GABA	owl:NamedIndividual	MBA:726	10	0.001928	34	doi:10.1038/s41586-023-06808-9
WMB:CS20230722_NEUR_Glut_GABA	owl:NamedIndividual	MBA:749	60	0.011565	99	doi:10.1038/s41586-023-06808-9
WMB:CS20230722_NEUR_Glut_GABA	owl:NamedIndividual	MBA:752	7	0.001349	27	doi:10.1038/s41586-023-06808-9
WMB:CS20230722_NEUR_Glut_GABA	owl:NamedIndividual	MBA:768	36	0.006939	178	doi:10.1038/s41586-023-06808-9
WMB:CS20230722_NEUR_Glut_GABA	owl:NamedIndividual	MBA:776	40	0.007710	155	doi:10.1038/s41586-023-06808-9
WMB:CS20230722_NEUR_Glut_GABA	owl:NamedIndividual	MBA:784	14	0.002699	42	doi:10.1038/s41586-023-06808-9
WMB:CS20230722_NEUR_Glut_GABA	owl:NamedIndividual	MBA:792	9	0.001735	51	doi:10.1038/s41586-023-06808-9
WMB:CS20230722_NEUR_Glut_GABA	owl:NamedIndividual	MBA:795	52	0.010023	111	doi:10.1038/s41586-023-06808-9
WMB:CS20230722_NEUR_Glut_GABA	owl:NamedIndividual	MBA:797	10	0.001928	35	doi:10.1038/s41586-023-06808-9
WMB:CS20230722_NEUR_Glut_GABA	owl:NamedIndividual	MBA:824	41	0.007903	256	doi:10.1038/s41586-023-06808-9
WMB:CS20230722_NEUR_Glut_GABA	owl:NamedIndividual	MBA:830	29	0.005590	48	doi:10.1038/s41586-023-06808-9
WMB:CS20230722_NEUR_Glut_GABA	owl:NamedIndividual	MBA:832	5	0.000964	59	doi:10.1038/s41586-023-06808-9
WMB:CS20230722_NEUR_Glut_GABA	owl:NamedIndividual	MBA:840	34	0.006554	217	doi:10.1038/s41586-023-06808-9
WMB:CS20230722_NEUR_Glut_GABA	owl:NamedIndividual	MBA:848	35	0.006746	73	doi:10.1038/s41586-023-06808-9
WMB:CS20230722_NEUR_Glut_GABA	owl:NamedIndividual	MBA:863	20	0.003855	64	doi:10.1038/s41586-023-06808-9
WMB:CS20230722_NEUR_Glut_GABA	owl:NamedIndividual	MBA:872	18	0.003470	35	doi:10.1038/s41586-023-06808-9
WMB:CS20230722_NEUR_Glut_GABA	owl:NamedIndividual	MBA:877	7	0.001349	56	doi:10.1038/s41586-023-06808-9
WMB:CS20230722_NEUR_Glut_GABA	owl:NamedIndividual	MBA:88	9	0.001735	39	doi:10.1038/s41586-023-06808-9
WMB:CS20230722_NEUR_Glut_GABA	owl:NamedIndividual	MBA:880	39	0.007517	58	doi:10.1038/s41586-023-06808-9
WMB:CS20230722_NEUR_Glut_GABA	owl:NamedIndividual	MBA:898	128	0.024672	272	doi:10.1038/s41586-023-06808-9
WMB:CS20230722_NEUR_Glut_GABA	owl:NamedIndividual	MBA:918	71	0.013685	98	doi:10.1038/s41586-023-06808-9
WMB:CS20230722_NEUR_Glut_GABA	owl:NamedIndividual	MBA:926	46	0.008867	53	doi:10.1038/s41586-023-06808-9
WMB:CS20230722_NEUR_Glut_GABA	owl:NamedIndividual	MBA:946	83	0.015998	152	doi:10.1038/s41586-023-06808-9
WMB:CS20230722_NEUR_Glut_GABA	owl:NamedIndividual	MBA:952	25	0.004819	51	doi:10.1038/s41586-023-06808-9
WMB:CS20230722_NEUR_Glut_GABA	owl:NamedIndividual	MBA:961	71	0.013685	100	doi:10.1038/s41586-023-06808-9
WMB:CS20230722_NEUR_Glut_GABA	owl:NamedIndividual	MBA:972	15	0.002891	30	doi:10.1038/s41586-023-06808-9
WMB:CS20230722_NEUR_Glut_GABA	owl:NamedIndividual	MBA:985	55	0.010601	75	doi:10.1038/s41586-023-06808-9
WMB:CS20230722_NEUR_Glut_GABA	owl:NamedIndividual	MBA:993	53	0.010216	84	doi:10.1038/s41586-023-06808-9
WMB:CS20230722_NEUR_Glut_GABA	owl:NamedIndividual	MBA:1016	22	0.004241	127	doi:10.1038/s41586-023-06808-9
WMB:CS20230722_NEUR_Glut_GABA	owl:NamedIndividual	MBA:1021	14	0.002699	29	doi:10.1038/s41586-023-06808-9
WMB:CS20230722_NEUR_Glut_GABA	owl:NamedIndividual	MBA:1043	6	0.001157	53	doi:10.1038/s41586-023-06808-9
WMB:CS20230722_NEUR_Glut_GABA	owl:NamedIndividual	MBA:117	30	0.005783	65	doi:10.1038/s41586-023-06808-9
WMB:CS20230722_NEUR_Glut_GABA	owl:NamedIndividual	MBA:139	26	0.005012	57	doi:10.1038/s41586-023-06808-9
WMB:CS20230722_NEUR_Glut_GABA	owl:NamedIndividual	MBA:20	19	0.003662	35	doi:10.1038/s41586-023-06808-9
WMB:CS20230722_NEUR_Glut_GABA	owl:NamedIndividual	MBA:220	18	0.003470	46	doi:10.1038/s41586-023-06808-9
WMB:CS20230722_NEUR_Glut_GABA	owl:NamedIndividual	MBA:228	7	0.001349	52	doi:10.1038/s41586-023-06808-9
WMB:CS20230722_NEUR_Glut_GABA	owl:NamedIndividual	MBA:236	7	0.001349	97	doi:10.1038/s41586-023-06808-9
WMB:CS20230722_NEUR_Glut_GABA	owl:NamedIndividual	MBA:244	274	0.052814	524	doi:10.1038/s41586-023-06808-9
WMB:CS20230722_NEUR_Glut_GABA	owl:NamedIndividual	MBA:28	5	0.000964	26	doi:10.1038/s41586-023-06808-9
WMB:CS20230722_NEUR_Glut_GABA	owl:NamedIndividual	MBA:391	27	0.005204	80	doi:10.1038/s41586-023-06808-9
WMB:CS20230722_NEUR_Glut_GABA	owl:NamedIndividual	MBA:399	14	0.002699	48	doi:10.1038/s41586-023-06808-9
WMB:CS20230722_NEUR_Glut_GABA	owl:NamedIndividual	MBA:407	8	0.001542	51	doi:10.1038/s41586-023-06808-9
WMB:CS20230722_NEUR_Glut_GABA	owl:NamedIndividual	MBA:415	64	0.012336	136	doi:10.1038/s41586-023-06808-9
WMB:CS20230722_NEUR_Glut_GABA	owl:NamedIndividual	MBA:454	4	0.000771	29	doi:10.1038/s41586-023-06808-9
WMB:CS20230722_NEUR_Glut_GABA	owl:NamedIndividual	MBA:466	2	0.000386	47	doi:10.1038/s41586-023-06808-9
WMB:CS20230722_NEUR_Glut_GABA	owl:NamedIndividual	MBA:471	6	0.001157	42	doi:10.1038/s41586-023-06808-9
WMB:CS20230722_NEUR_Glut_GABA	owl:NamedIndividual	MBA:479	24	0.004626	92	doi:10.1038/s41586-023-06808-9
WMB:CS20230722_NEUR_Glut_GABA	owl:NamedIndividual	MBA:484682516	13	0.002506	60	doi:10.1038/s41586-023-06808-9
WMB:CS20230722_NEUR_Glut_GABA	owl:NamedIndividual	MBA:486	19	0.003662	59	doi:10.1038/s41586-023-06808-9
WMB:CS20230722_NEUR_Glut_GABA	owl:NamedIndividual	MBA:495	20	0.003855	86	doi:10.1038/s41586-023-06808-9
WMB:CS20230722_NEUR_Glut_GABA	owl:NamedIndividual	MBA:504	46	0.008867	101	doi:10.1038/s41586-023-06808-9
WMB:CS20230722_NEUR_Glut_GABA	owl:NamedIndividual	MBA:52	21	0.004048	56	doi:10.1038/s41586-023-06808-9
WMB:CS20230722_NEUR_Glut_GABA	owl:NamedIndividual	MBA:54	23	0.004433	93	doi:10.1038/s41586-023-06808-9
WMB:CS20230722_NEUR_Glut_GABA	owl:NamedIndividual	MBA:6	14	0.002699	39	doi:10.1038/s41586-023-06808-9
WMB:CS20230722_NEUR_Glut_GABA	owl:NamedIndividual	MBA:606826647	2	0.000386	67	doi:10.1038/s41586-023-06808-9
WMB:CS20230722_NEUR_Glut_GABA	owl:NamedIndividual	MBA:606826659	5	0.000964	75	doi:10.1038/s41586-023-06808-9
WMB:CS20230722_NEUR_Glut_GABA	owl:NamedIndividual	MBA:607344838	48	0.009252	104	doi:10.1038/s41586-023-06808-9
WMB:CS20230722_NEUR_Glut_GABA	owl:NamedIndividual	MBA:607344842	6	0.001157	52	doi:10.1038/s41586-023-06808-9
WMB:CS20230722_NEUR_Glut_GABA	owl:NamedIndividual	MBA:607344846	10	0.001928	44	doi:10.1038/s41586-023-06808-9
WMB:CS20230722_NEUR_Glut_GABA	owl:NamedIndividual	MBA:607344850	5	0.000964	72	doi:10.1038/s41586-023-06808-9
WMB:CS20230722_NEUR_Glut_GABA	owl:NamedIndividual	MBA:607344858	10	0.001928	64	doi:10.1038/s41586-023-06808-9
WMB:CS20230722_NEUR_Glut_GABA	owl:NamedIndividual	MBA:62	5	0.000964	58	doi:10.1038/s41586-023-06808-9
WMB:CS20230722_NEUR_Glut_GABA	owl:NamedIndividual	MBA:656	10	0.001928	30	doi:10.1038/s41586-023-06808-9
WMB:CS20230722_NEUR_Glut_GABA	owl:NamedIndividual	MBA:664	14	0.002699	35	doi:10.1038/s41586-023-06808-9
WMB:CS20230722_NEUR_Glut_GABA	owl:NamedIndividual	MBA:681	5	0.000964	35	doi:10.1038/s41586-023-06808-9
WMB:CS20230722_NEUR_Glut_GABA	owl:NamedIndividual	MBA:697	9	0.001735	51	doi:10.1038/s41586-023-06808-9
WMB:CS20230722_NEUR_Glut_GABA	owl:NamedIndividual	MBA:727	20	0.003855	36	doi:10.1038/s41586-023-06808-9
WMB:CS20230722_NEUR_Glut_GABA	owl:NamedIndividual	MBA:732	1	0.000193	54	doi:10.1038/s41586-023-06808-9
WMB:CS20230722_NEUR_Glut_GABA	owl:NamedIndividual	MBA:753	7	0.001349	99	doi:10.1038/s41586-023-06808-9
WMB:CS20230722_NEUR_Glut_GABA	owl:NamedIndividual	MBA:900	10	0.001928	82	doi:10.1038/s41586-023-06808-9
WMB:CS20230722_NEUR_Glut_GABA	owl:NamedIndividual	MBA:908	6	0.001157	40	doi:10.1038/s41586-023-06808-9
WMB:CS20230722_NEUR_Glut_GABA	owl:NamedIndividual	MBA:919	16	0.003084	33	doi:10.1038/s41586-023-06808-9
WMB:CS20230722_NEUR_Glut_GABA	owl:NamedIndividual	MBA:940	16	0.003084	56	doi:10.1038/s41586-023-06808-9
WMB:CS20230722_NEUR_Glut_GABA	owl:NamedIndividual	MBA:943	42	0.008096	52	doi:10.1038/s41586-023-06808-9
WMB:CS20230722_NEUR_Glut_GABA	owl:NamedIndividual	MBA:956	17	0.003277	52	doi:10.1038/s41586-023-06808-9
WMB:CS20230722_NEUR_Glut_GABA	owl:NamedIndividual	MBA:962	26	0.005012	50	doi:10.1038/s41586-023-06808-9
WMB:CS20230722_NEUR_Hist	owl:NamedIndividual	MBA:1097	431	0.913136	460	doi:10.1038/s41586-023-06808-9
WMB:CS20230722_NEUR_Hist	owl:NamedIndividual	MBA:129	0	0.000000	20	doi:10.1038/s41586-023-06808-9
WMB:CS20230722_NEUR_Hist	owl:NamedIndividual	MBA:313	1	0.002119	17	doi:10.1038/s41586-023-06808-9
WMB:CS20230722_NEUR_Hist	owl:NamedIndividual	MBA:991	9	0.019068	30	doi:10.1038/s41586-023-06808-9
WMB:CS20230722_NEUR_Hist	owl:NamedIndividual	MBA:1	53	0.112288	122	doi:10.1038/s41586-023-06808-9
WMB:CS20230722_NEUR_Hist	owl:NamedIndividual	MBA:1004	34	0.072034	115	doi:10.1038/s41586-023-06808-9
WMB:CS20230722_NEUR_Hist	owl:NamedIndividual	MBA:1126	6	0.012712	27	doi:10.1038/s41586-023-06808-9
WMB:CS20230722_NEUR_Hist	owl:NamedIndividual	MBA:118	10	0.021186	35	doi:10.1038/s41586-023-06808-9
WMB:CS20230722_NEUR_Hist	owl:NamedIndividual	MBA:126	5	0.010593	16	doi:10.1038/s41586-023-06808-9
WMB:CS20230722_NEUR_Hist	owl:NamedIndividual	MBA:194	13	0.027542	40	doi:10.1038/s41586-023-06808-9
WMB:CS20230722_NEUR_Hist	owl:NamedIndividual	MBA:210	23	0.048729	27	doi:10.1038/s41586-023-06808-9
WMB:CS20230722_NEUR_Hist	owl:NamedIndividual	MBA:223	6	0.012712	18	doi:10.1038/s41586-023-06808-9
WMB:CS20230722_NEUR_Hist	owl:NamedIndividual	MBA:491	0	0.000000	12	doi:10.1038/s41586-023-06808-9
WMB:CS20230722_NEUR_Hist	owl:NamedIndividual	MBA:525	5	0.010593	13	doi:10.1038/s41586-023-06808-9
WMB:CS20230722_NEUR_Hist	owl:NamedIndividual	MBA:614	88	0.186441	122	doi:10.1038/s41586-023-06808-9
WMB:CS20230722_NEUR_Hist	owl:NamedIndividual	MBA:693	40	0.084746	66	doi:10.1038/s41586-023-06808-9
WMB:CS20230722_NEUR_Hist	owl:NamedIndividual	MBA:768	9	0.019068	26	doi:10.1038/s41586-023-06808-9
WMB:CS20230722_NEUR_Hist	owl:NamedIndividual	MBA:824	0	0.000000	5	doi:10.1038/s41586-023-06808-9
WMB:CS20230722_NEUR_Hist	owl:NamedIndividual	MBA:830	50	0.105932	103	doi:10.1038/s41586-023-06808-9
WMB:CS20230722_NEUR_Hist	owl:NamedIndividual	MBA:946	16	0.033898	37	doi:10.1038/s41586-023-06808-9
WMB:CS20230722_NEUR_Hist	owl:NamedIndividual	MBA:980	1	0.002119	9	doi:10.1038/s41586-023-06808-9
WMB:CS20230722_NEUR_Hist	owl:NamedIndividual	MBA:436	9	0.019068	26	doi:10.1038/s41586-023-06808-9
WMB:CS20230722_NEUR_Hist	owl:NamedIndividual	MBA:606826647	0	0.000000	11	doi:10.1038/s41586-023-06808-9
WMB:CS20230722_NEUR_Nora	owl:NamedIndividual	MBA:1000	5	0.006068	22	doi:10.1038/s41586-023-06808-9
WMB:CS20230722_NEUR_Nora	owl:NamedIndividual	MBA:145	57	0.069175	115	doi:10.1038/s41586-023-06808-9
WMB:CS20230722_NEUR_Nora	owl:NamedIndividual	MBA:313	4	0.004854	7	doi:10.1038/s41586-023-06808-9
WMB:CS20230722_NEUR_Nora	owl:NamedIndividual	MBA:354	252	0.305825	426	doi:10.1038/s41586-023-06808-9
WMB:CS20230722_NEUR_Nora	owl:NamedIndividual	MBA:512	44	0.053398	138	doi:10.1038/s41586-023-06808-9
WMB:CS20230722_NEUR_Nora	owl:NamedIndividual	MBA:771	428	0.519417	515	doi:10.1038/s41586-023-06808-9
WMB:CS20230722_NEUR_Nora	owl:NamedIndividual	MBA:81	0	0.000000	42	doi:10.1038/s41586-023-06808-9
WMB:CS20230722_NEUR_Nora	owl:NamedIndividual	MBA:960	17	0.020631	62	doi:10.1038/s41586-023-06808-9
WMB:CS20230722_NEUR_Nora	owl:NamedIndividual	MBA:967	4	0.004854	20	doi:10.1038/s41586-023-06808-9
WMB:CS20230722_NEUR_Nora	owl:NamedIndividual	MBA:1048	3	0.003641	6	doi:10.1038/s41586-023-06808-9
WMB:CS20230722_NEUR_Nora	owl:NamedIndividual	MBA:108	0	0.000000	42	doi:10.1038/s41586-023-06808-9
WMB:CS20230722_NEUR_Nora	owl:NamedIndividual	MBA:1093	2	0.002427	30	doi:10.1038/s41586-023-06808-9
WMB:CS20230722_NEUR_Nora	owl:NamedIndividual	MBA:136	19	0.023058	40	doi:10.1038/s41586-023-06808-9
WMB:CS20230722_NEUR_Nora	owl:NamedIndividual	MBA:146	7	0.008495	16	doi:10.1038/s41586-023-06808-9
WMB:CS20230722_NEUR_Nora	owl:NamedIndividual	MBA:147	20	0.024272	91	doi:10.1038/s41586-023-06808-9
WMB:CS20230722_NEUR_Nora	owl:NamedIndividual	MBA:162	38	0.046117	90	doi:10.1038/s41586-023-06808-9
WMB:CS20230722_NEUR_Nora	owl:NamedIndividual	MBA:202	47	0.057039	139	doi:10.1038/s41586-023-06808-9
WMB:CS20230722_NEUR_Nora	owl:NamedIndividual	MBA:207	26	0.031553	90	doi:10.1038/s41586-023-06808-9
WMB:CS20230722_NEUR_Nora	owl:NamedIndividual	MBA:217	0	0.000000	5	doi:10.1038/s41586-023-06808-9
WMB:CS20230722_NEUR_Nora	owl:NamedIndividual	MBA:235	23	0.027913	34	doi:10.1038/s41586-023-06808-9
WMB:CS20230722_NEUR_Nora	owl:NamedIndividual	MBA:280	41	0.049757	163	doi:10.1038/s41586-023-06808-9
WMB:CS20230722_NEUR_Nora	owl:NamedIndividual	MBA:350	21	0.025485	84	doi:10.1038/s41586-023-06808-9
WMB:CS20230722_NEUR_Nora	owl:NamedIndividual	MBA:358	35	0.042476	81	doi:10.1038/s41586-023-06808-9
WMB:CS20230722_NEUR_Nora	owl:NamedIndividual	MBA:395	6	0.007282	9	doi:10.1038/s41586-023-06808-9
WMB:CS20230722_NEUR_Nora	owl:NamedIndividual	MBA:398	2	0.002427	8	doi:10.1038/s41586-023-06808-9
WMB:CS20230722_NEUR_Nora	owl:NamedIndividual	MBA:534	6	0.007282	17	doi:10.1038/s41586-023-06808-9
WMB:CS20230722_NEUR_Nora	owl:NamedIndividual	MBA:549009215	9	0.010922	24	doi:10.1038/s41586-023-06808-9
WMB:CS20230722_NEUR_Nora	owl:NamedIndividual	MBA:621	2	0.002427	6	doi:10.1038/s41586-023-06808-9
WMB:CS20230722_NEUR_Nora	owl:NamedIndividual	MBA:651	19	0.023058	85	doi:10.1038/s41586-023-06808-9
WMB:CS20230722_NEUR_Nora	owl:NamedIndividual	MBA:661	8	0.009709	24	doi:10.1038/s41586-023-06808-9
WMB:CS20230722_NEUR_Nora	owl:NamedIndividual	MBA:7	0	0.000000	10	doi:10.1038/s41586-023-06808-9
WMB:CS20230722_NEUR_Nora	owl:NamedIndividual	MBA:728	2	0.002427	18	doi:10.1038/s41586-023-06808-9
WMB:CS20230722_NEUR_Nora	owl:NamedIndividual	MBA:752	15	0.018204	58	doi:10.1038/s41586-023-06808-9
WMB:CS20230722_NEUR_Nora	owl:NamedIndividual	MBA:773	2	0.002427	8	doi:10.1038/s41586-023-06808-9
WMB:CS20230722_NEUR_Nora	owl:NamedIndividual	MBA:795	4	0.004854	7	doi:10.1038/s41586-023-06808-9
WMB:CS20230722_NEUR_Nora	owl:NamedIndividual	MBA:798	1	0.001214	11	doi:10.1038/s41586-023-06808-9
WMB:CS20230722_NEUR_Nora	owl:NamedIndividual	MBA:839	24	0.029126	35	doi:10.1038/s41586-023-06808-9
WMB:CS20230722_NEUR_Nora	owl:NamedIndividual	MBA:852	12	0.014563	19	doi:10.1038/s41586-023-06808-9
WMB:CS20230722_NEUR_Nora	owl:NamedIndividual	MBA:863	5	0.006068	22	doi:10.1038/s41586-023-06808-9
WMB:CS20230722_NEUR_Nora	owl:NamedIndividual	MBA:867	34	0.041262	94	doi:10.1038/s41586-023-06808-9
WMB:CS20230722_NEUR_Nora	owl:NamedIndividual	MBA:880	1	0.001214	8	doi:10.1038/s41586-023-06808-9
WMB:CS20230722_NEUR_Nora	owl:NamedIndividual	MBA:898	98	0.118932	271	doi:10.1038/s41586-023-06808-9
WMB:CS20230722_NEUR_Nora	owl:NamedIndividual	MBA:920	1	0.001214	14	doi:10.1038/s41586-023-06808-9
WMB:CS20230722_NEUR_Nora	owl:NamedIndividual	MBA:933	2	0.002427	5	doi:10.1038/s41586-023-06808-9
WMB:CS20230722_NEUR_Nora	owl:NamedIndividual	MBA:957	40	0.048544	64	doi:10.1038/s41586-023-06808-9
WMB:CS20230722_NEUR_Nora	owl:NamedIndividual	MBA:968	1	0.001214	8	doi:10.1038/s41586-023-06808-9
WMB:CS20230722_NEUR_Nora	owl:NamedIndividual	MBA:978	37	0.044903	58	doi:10.1038/s41586-023-06808-9
WMB:CS20230722_NEUR_Nora	owl:NamedIndividual	MBA:1107	6	0.007282	9	doi:10.1038/s41586-023-06808-9
WMB:CS20230722_NEUR_Nora	owl:NamedIndividual	MBA:114	2	0.002427	8	doi:10.1038/s41586-023-06808-9
WMB:CS20230722_NEUR_Nora	owl:NamedIndividual	MBA:326	15	0.018204	58	doi:10.1038/s41586-023-06808-9
WMB:CS20230722_NEUR_Nora	owl:NamedIndividual	MBA:658	2	0.002427	5	doi:10.1038/s41586-023-06808-9
WMB:CS20230722_NEUR_Nora	owl:NamedIndividual	MBA:955	23	0.027913	34	doi:10.1038/s41586-023-06808-9
WMB:CS20230722_NEUR_Nora	owl:NamedIndividual	MBA:976	1	0.001214	14	doi:10.1038/s41586-023-06808-9
WMB:CS20230722_NEUR_Sero	owl:NamedIndividual	MBA:1000	36	0.012371	141	doi:10.1038/s41586-023-06808-9
WMB:CS20230722_NEUR_Sero	owl:NamedIndividual	MBA:140	50	0.017182	96	doi:10.1038/s41586-023-06808-9
WMB:CS20230722_NEUR_Sero	owl:NamedIndividual	MBA:145	11	0.003780	89	doi:10.1038/s41586-023-06808-9
WMB:CS20230722_NEUR_Sero	owl:NamedIndividual	MBA:313	754	0.259107	1073	doi:10.1038/s41586-023-06808-9
WMB:CS20230722_NEUR_Sero	owl:NamedIndividual	MBA:354	612	0.210309	797	doi:10.1038/s41586-023-06808-9
WMB:CS20230722_NEUR_Sero	owl:NamedIndividual	MBA:512	7	0.002405	31	doi:10.1038/s41586-023-06808-9
WMB:CS20230722_NEUR_Sero	owl:NamedIndividual	MBA:771	1208	0.415120	1579	doi:10.1038/s41586-023-06808-9
WMB:CS20230722_NEUR_Sero	owl:NamedIndividual	MBA:960	29	0.009966	77	doi:10.1038/s41586-023-06808-9
WMB:CS20230722_NEUR_Sero	owl:NamedIndividual	MBA:967	161	0.055326	493	doi:10.1038/s41586-023-06808-9
WMB:CS20230722_NEUR_Sero	owl:NamedIndividual	MBA:983	20	0.006873	191	doi:10.1038/s41586-023-06808-9
WMB:CS20230722_NEUR_Sero	owl:NamedIndividual	MBA:100	61	0.020962	147	doi:10.1038/s41586-023-06808-9
WMB:CS20230722_NEUR_Sero	owl:NamedIndividual	MBA:1048	27	0.009278	146	doi:10.1038/s41586-023-06808-9
WMB:CS20230722_NEUR_Sero	owl:NamedIndividual	MBA:1069	13	0.004467	65	doi:10.1038/s41586-023-06808-9
WMB:CS20230722_NEUR_Sero	owl:NamedIndividual	MBA:1093	18	0.006186	69	doi:10.1038/s41586-023-06808-9
WMB:CS20230722_NEUR_Sero	owl:NamedIndividual	MBA:128	49	0.016838	112	doi:10.1038/s41586-023-06808-9
WMB:CS20230722_NEUR_Sero	owl:NamedIndividual	MBA:146	119	0.040893	208	doi:10.1038/s41586-023-06808-9
WMB:CS20230722_NEUR_Sero	owl:NamedIndividual	MBA:162	22	0.007560	79	doi:10.1038/s41586-023-06808-9
WMB:CS20230722_NEUR_Sero	owl:NamedIndividual	MBA:206	130	0.044674	300	doi:10.1038/s41586-023-06808-9
WMB:CS20230722_NEUR_Sero	owl:NamedIndividual	MBA:222	60	0.020619	124	doi:10.1038/s41586-023-06808-9
WMB:CS20230722_NEUR_Sero	owl:NamedIndividual	MBA:230	92	0.031615	224	doi:10.1038/s41586-023-06808-9
WMB:CS20230722_NEUR_Sero	owl:NamedIndividual	MBA:238	33	0.011340	89	doi:10.1038/s41586-023-06808-9
WMB:CS20230722_NEUR_Sero	owl:NamedIndividual	MBA:307	22	0.007560	189	doi:10.1038/s41586-023-06808-9
WMB:CS20230722_NEUR_Sero	owl:NamedIndividual	MBA:574	49	0.016838	169	doi:10.1038/s41586-023-06808-9
WMB:CS20230722_NEUR_Sero	owl:NamedIndividual	MBA:604	56	0.019244	108	doi:10.1038/s41586-023-06808-9
WMB:CS20230722_NEUR_Sero	owl:NamedIndividual	MBA:606826663	3	0.001031	15	doi:10.1038/s41586-023-06808-9
WMB:CS20230722_NEUR_Sero	owl:NamedIndividual	MBA:661	7	0.002405	15	doi:10.1038/s41586-023-06808-9
WMB:CS20230722_NEUR_Sero	owl:NamedIndividual	MBA:679	440	0.151203	679	doi:10.1038/s41586-023-06808-9
WMB:CS20230722_NEUR_Sero	owl:NamedIndividual	MBA:752	29	0.009966	77	doi:10.1038/s41586-023-06808-9
WMB:CS20230722_NEUR_Sero	owl:NamedIndividual	MBA:784	20	0.006873	191	doi:10.1038/s41586-023-06808-9
WMB:CS20230722_NEUR_Sero	owl:NamedIndividual	MBA:792	125	0.042955	357	doi:10.1038/s41586-023-06808-9
WMB:CS20230722_NEUR_Sero	owl:NamedIndividual	MBA:795	229	0.078694	523	doi:10.1038/s41586-023-06808-9
WMB:CS20230722_NEUR_Sero	owl:NamedIndividual	MBA:83	12	0.004124	62	doi:10.1038/s41586-023-06808-9
WMB:CS20230722_NEUR_Sero	owl:NamedIndividual	MBA:832	13	0.004467	108	doi:10.1038/s41586-023-06808-9
WMB:CS20230722_NEUR_Sero	owl:NamedIndividual	MBA:872	321	0.110309	547	doi:10.1038/s41586-023-06808-9
WMB:CS20230722_NEUR_Sero	owl:NamedIndividual	MBA:877	33	0.011340	129	doi:10.1038/s41586-023-06808-9
WMB:CS20230722_NEUR_Sero	owl:NamedIndividual	MBA:880	78	0.026804	267	doi:10.1038/s41586-023-06808-9
WMB:CS20230722_NEUR_Sero	owl:NamedIndividual	MBA:898	127	0.043643	400	doi:10.1038/s41586-023-06808-9
WMB:CS20230722_NEUR_Sero	owl:NamedIndividual	MBA:920	6	0.002062	27	doi:10.1038/s41586-023-06808-9
WMB:CS20230722_NEUR_Sero	owl:NamedIndividual	MBA:931	7	0.002405	35	doi:10.1038/s41586-023-06808-9
WMB:CS20230722_NEUR_Sero	owl:NamedIndividual	MBA:933	23	0.007904	56	doi:10.1038/s41586-023-06808-9
WMB:CS20230722_NEUR_Sero	owl:NamedIndividual	MBA:978	40	0.013746	56	doi:10.1038/s41586-023-06808-9
WMB:CS20230722_NEUR_Sero	owl:NamedIndividual	MBA:1043	32	0.010997	129	doi:10.1038/s41586-023-06808-9
WMB:CS20230722_NEUR_Sero	owl:NamedIndividual	MBA:190	20	0.006873	190	doi:10.1038/s41586-023-06808-9
WMB:CS20230722_NEUR_Sero	owl:NamedIndividual	MBA:326	29	0.009966	77	doi:10.1038/s41586-023-06808-9
WMB:CS20230722_NEUR_Sero	owl:NamedIndividual	MBA:607344838	4	0.001375	49	doi:10.1038/s41586-023-06808-9
WMB:CS20230722_NEUR_Sero	owl:NamedIndividual	MBA:607344842	25	0.008591	56	doi:10.1038/s41586-023-06808-9
WMB:CS20230722_NEUR_Sero	owl:NamedIndividual	MBA:607344846	6	0.002062	51	doi:10.1038/s41586-023-06808-9
WMB:CS20230722_NEUR_Sero	owl:NamedIndividual	MBA:607344850	3	0.001031	30	doi:10.1038/s41586-023-06808-9
WMB:CS20230722_NEUR_Sero	owl:NamedIndividual	MBA:607344858	1	0.000344	25	doi:10.1038/s41586-023-06808-9
WMB:CS20230722_NEUR_Sero	owl:NamedIndividual	MBA:62	13	0.004467	108	doi:10.1038/s41586-023-06808-9
WMB:CS20230722_NEUR_Sero	owl:NamedIndividual	MBA:697	125	0.042955	357	doi:10.1038/s41586-023-06808-9
WMB:CS20230722_NEUR_Sero	owl:NamedIndividual	MBA:841	21	0.007216	52	doi:10.1038/s41586-023-06808-9
WMB:CS20230722_NEUR_Sero	owl:NamedIndividual	MBA:976	6	0.002062	27	doi:10.1038/s41586-023-06808-9
