ID	Type	PCL:0010063	cell_count	cell_ratio
ID	TYPE	AI PCL:0010063	>AT PCL:0010060^^xsd:integer	>AT PCL:0010065^^xsd:float
WMB:CS20230722_SUBC_001	owl:NamedIndividual	MBA:583	1195	0.086226
WMB:CS20230722_SUBC_001	owl:NamedIndividual	MBA:862	2044	0.147485
WMB:CS20230722_SUBC_002	owl:NamedIndividual	MBA:583	1419	0.142613
WMB:CS20230722_SUBC_002	owl:NamedIndividual	MBA:952	972	0.097688
WMB:CS20230722_SUBC_002	owl:NamedIndividual	MBA:698	952	0.095678
WMB:CS20230722_SUBC_002	owl:NamedIndividual	MBA:961	705	0.070854
WMB:CS20230722_SUBC_003	owl:NamedIndividual	MBA:988	669	0.054985
WMB:CS20230722_SUBC_003	owl:NamedIndividual	MBA:139	1215	0.099860
WMB:CS20230722_SUBC_003	owl:NamedIndividual	MBA:28	773	0.063533
WMB:CS20230722_SUBC_003	owl:NamedIndividual	MBA:289	742	0.060985
WMB:CS20230722_SUBC_004	owl:NamedIndividual	MBA:844	3724	0.065244
WMB:CS20230722_SUBC_004	owl:NamedIndividual	MBA:767	3157	0.055310
WMB:CS20230722_SUBC_004	owl:NamedIndividual	MBA:1102	3466	0.060724
WMB:CS20230722_SUBC_005	owl:NamedIndividual	MBA:772	2085	0.068896
WMB:CS20230722_SUBC_005	owl:NamedIndividual	MBA:648	3239	0.107028
WMB:CS20230722_SUBC_005	owl:NamedIndividual	MBA:767	2446	0.080825
WMB:CS20230722_SUBC_005	owl:NamedIndividual	MBA:610	2306	0.076199
WMB:CS20230722_SUBC_005	owl:NamedIndividual	MBA:687	2092	0.069127
WMB:CS20230722_SUBC_005	owl:NamedIndividual	MBA:778	1678	0.055447
WMB:CS20230722_SUBC_006	owl:NamedIndividual	MBA:943	9464	0.060846
WMB:CS20230722_SUBC_006	owl:NamedIndividual	MBA:962	10004	0.064318
WMB:CS20230722_SUBC_006	owl:NamedIndividual	MBA:1047	9926	0.063816
WMB:CS20230722_SUBC_006	owl:NamedIndividual	MBA:721	8856	0.056937
WMB:CS20230722_SUBC_007	owl:NamedIndividual	MBA:943	10586	0.086924
WMB:CS20230722_SUBC_007	owl:NamedIndividual	MBA:962	12762	0.104792
WMB:CS20230722_SUBC_007	owl:NamedIndividual	MBA:806	7149	0.058702
WMB:CS20230722_SUBC_007	owl:NamedIndividual	MBA:821	9250	0.075954
WMB:CS20230722_SUBC_008	owl:NamedIndividual	MBA:20	1374	0.078717
WMB:CS20230722_SUBC_008	owl:NamedIndividual	MBA:52	2675	0.153251
WMB:CS20230722_SUBC_008	owl:NamedIndividual	MBA:139	2251	0.128960
WMB:CS20230722_SUBC_008	owl:NamedIndividual	MBA:543	1098	0.062905
WMB:CS20230722_SUBC_008	owl:NamedIndividual	MBA:664	2835	0.162418
WMB:CS20230722_SUBC_008	owl:NamedIndividual	MBA:727	3425	0.196219
WMB:CS20230722_SUBC_008	owl:NamedIndividual	MBA:743	1259	0.072128
WMB:CS20230722_SUBC_009	owl:NamedIndividual	MBA:20	2786	0.052235
WMB:CS20230722_SUBC_009	owl:NamedIndividual	MBA:961	36347	0.681472
WMB:CS20230722_SUBC_010	owl:NamedIndividual	MBA:159	15627	0.577153
WMB:CS20230722_SUBC_010	owl:NamedIndividual	MBA:220	2554	0.094327
WMB:CS20230722_SUBC_010	owl:NamedIndividual	MBA:597	2602	0.096100
WMB:CS20230722_SUBC_011	owl:NamedIndividual	MBA:20	454	0.094406
WMB:CS20230722_SUBC_011	owl:NamedIndividual	MBA:52	401	0.083385
WMB:CS20230722_SUBC_011	owl:NamedIndividual	MBA:526	275	0.057184
WMB:CS20230722_SUBC_011	owl:NamedIndividual	MBA:543	971	0.201913
WMB:CS20230722_SUBC_011	owl:NamedIndividual	MBA:664	1203	0.250156
WMB:CS20230722_SUBC_011	owl:NamedIndividual	MBA:727	575	0.119567
WMB:CS20230722_SUBC_011	owl:NamedIndividual	MBA:843	620	0.128925
WMB:CS20230722_SUBC_012	owl:NamedIndividual	MBA:327	329	0.054597
WMB:CS20230722_SUBC_012	owl:NamedIndividual	MBA:663	750	0.124461
WMB:CS20230722_SUBC_012	owl:NamedIndividual	MBA:403	2864	0.475274
WMB:CS20230722_SUBC_012	owl:NamedIndividual	MBA:780	627	0.104049
WMB:CS20230722_SUBC_013	owl:NamedIndividual	MBA:334	540	0.070941
WMB:CS20230722_SUBC_013	owl:NamedIndividual	MBA:655	2485	0.326458
WMB:CS20230722_SUBC_013	owl:NamedIndividual	MBA:663	1927	0.253153
WMB:CS20230722_SUBC_013	owl:NamedIndividual	MBA:788	455	0.059774
WMB:CS20230722_SUBC_013	owl:NamedIndividual	MBA:566	664	0.087231
WMB:CS20230722_SUBC_014	owl:NamedIndividual	MBA:303	2207	0.167197
WMB:CS20230722_SUBC_014	owl:NamedIndividual	MBA:311	1920	0.145455
WMB:CS20230722_SUBC_014	owl:NamedIndividual	MBA:334	1813	0.137348
WMB:CS20230722_SUBC_014	owl:NamedIndividual	MBA:131	2812	0.213030
WMB:CS20230722_SUBC_014	owl:NamedIndividual	MBA:780	1109	0.084015
WMB:CS20230722_SUBC_015	owl:NamedIndividual	MBA:663	379	0.137718
WMB:CS20230722_SUBC_015	owl:NamedIndividual	MBA:727	209	0.075945
WMB:CS20230722_SUBC_015	owl:NamedIndividual	MBA:743	227	0.082485
WMB:CS20230722_SUBC_015	owl:NamedIndividual	MBA:589508447	346	0.125727
WMB:CS20230722_SUBC_015	owl:NamedIndividual	MBA:780	484	0.175872
WMB:CS20230722_SUBC_015	owl:NamedIndividual	MBA:566	198	0.071948
WMB:CS20230722_SUBC_016	owl:NamedIndividual	MBA:399	9966	0.396452
WMB:CS20230722_SUBC_016	owl:NamedIndividual	MBA:407	3709	0.147546
WMB:CS20230722_SUBC_016	owl:NamedIndividual	MBA:415	7761	0.308736
WMB:CS20230722_SUBC_017	owl:NamedIndividual	MBA:479	1431	0.087315
WMB:CS20230722_SUBC_017	owl:NamedIndividual	MBA:486	6010	0.366709
WMB:CS20230722_SUBC_017	owl:NamedIndividual	MBA:495	3531	0.215449
WMB:CS20230722_SUBC_017	owl:NamedIndividual	MBA:504	1512	0.092257
WMB:CS20230722_SUBC_018	owl:NamedIndividual	MBA:484682508	744	0.270153
WMB:CS20230722_SUBC_018	owl:NamedIndividual	MBA:10703	325	0.118010
WMB:CS20230722_SUBC_018	owl:NamedIndividual	MBA:1037	911	0.330792
WMB:CS20230722_SUBC_018	owl:NamedIndividual	MBA:1084	366	0.132898
WMB:CS20230722_SUBC_019	owl:NamedIndividual	MBA:10703	1236	0.083115
WMB:CS20230722_SUBC_019	owl:NamedIndividual	MBA:543	754	0.050703
WMB:CS20230722_SUBC_019	owl:NamedIndividual	MBA:843	3042	0.204559
WMB:CS20230722_SUBC_019	owl:NamedIndividual	MBA:1037	3323	0.223455
WMB:CS20230722_SUBC_019	owl:NamedIndividual	MBA:1084	3223	0.216731
WMB:CS20230722_SUBC_020	owl:NamedIndividual	MBA:434	3062	0.210115
WMB:CS20230722_SUBC_020	owl:NamedIndividual	MBA:542	1035	0.071022
WMB:CS20230722_SUBC_020	owl:NamedIndividual	MBA:430	9303	0.638372
WMB:CS20230722_SUBC_021	owl:NamedIndividual	MBA:430	1694	0.677058
WMB:CS20230722_SUBC_021	owl:NamedIndividual	MBA:687	713	0.284972
WMB:CS20230722_SUBC_022	owl:NamedIndividual	MBA:772	2095	0.055600
WMB:CS20230722_SUBC_022	owl:NamedIndividual	MBA:648	2678	0.071072
WMB:CS20230722_SUBC_022	owl:NamedIndividual	MBA:767	2756	0.073142
WMB:CS20230722_SUBC_022	owl:NamedIndividual	MBA:778	2249	0.059687
WMB:CS20230722_SUBC_023	owl:NamedIndividual	MBA:399	1760	0.227773
WMB:CS20230722_SUBC_023	owl:NamedIndividual	MBA:415	503	0.065096
WMB:CS20230722_SUBC_023	owl:NamedIndividual	MBA:484682470	2444	0.316294
WMB:CS20230722_SUBC_023	owl:NamedIndividual	MBA:502	1542	0.199560
WMB:CS20230722_SUBC_024	owl:NamedIndividual	MBA:1037	260	0.546218
WMB:CS20230722_SUBC_024	owl:NamedIndividual	MBA:1084	107	0.224790
WMB:CS20230722_SUBC_024	owl:NamedIndividual	MBA:502	55	0.115546
WMB:CS20230722_SUBC_025	owl:NamedIndividual	MBA:399	402	0.216129
WMB:CS20230722_SUBC_025	owl:NamedIndividual	MBA:407	169	0.090860
WMB:CS20230722_SUBC_025	owl:NamedIndividual	MBA:446	111	0.059677
WMB:CS20230722_SUBC_025	owl:NamedIndividual	MBA:486	217	0.116667
WMB:CS20230722_SUBC_025	owl:NamedIndividual	MBA:495	170	0.091398
WMB:CS20230722_SUBC_025	owl:NamedIndividual	MBA:982	175	0.094086
WMB:CS20230722_SUBC_025	owl:NamedIndividual	MBA:484682516	172	0.092473
WMB:CS20230722_SUBC_026	owl:NamedIndividual	MBA:23	56	0.114754
WMB:CS20230722_SUBC_026	owl:NamedIndividual	MBA:327	51	0.104508
WMB:CS20230722_SUBC_026	owl:NamedIndividual	MBA:268	238	0.487705
WMB:CS20230722_SUBC_026	owl:NamedIndividual	MBA:1139	72	0.147541
WMB:CS20230722_SUBC_027	owl:NamedIndividual	MBA:583	402	0.114172
WMB:CS20230722_SUBC_027	owl:NamedIndividual	MBA:952	1545	0.438796
WMB:CS20230722_SUBC_027	owl:NamedIndividual	MBA:698	394	0.111900
WMB:CS20230722_SUBC_028	owl:NamedIndividual	MBA:28	4634	0.305089
WMB:CS20230722_SUBC_028	owl:NamedIndividual	MBA:727	790	0.052011
WMB:CS20230722_SUBC_028	owl:NamedIndividual	MBA:743	3319	0.218513
WMB:CS20230722_SUBC_028	owl:NamedIndividual	MBA:502	1597	0.105142
WMB:CS20230722_SUBC_028	owl:NamedIndividual	MBA:956	788	0.051880
WMB:CS20230722_SUBC_029	owl:NamedIndividual	MBA:484682512	3202	0.184894
WMB:CS20230722_SUBC_030	owl:NamedIndividual	MBA:844	8925	0.083563
WMB:CS20230722_SUBC_030	owl:NamedIndividual	MBA:1021	7912	0.074078
WMB:CS20230722_SUBC_030	owl:NamedIndividual	MBA:1038	5799	0.054295
WMB:CS20230722_SUBC_030	owl:NamedIndividual	MBA:1102	6533	0.061167
WMB:CS20230722_SUBC_030	owl:NamedIndividual	MBA:862	6577	0.061579
WMB:CS20230722_SUBC_030	owl:NamedIndividual	MBA:33	6187	0.057927
WMB:CS20230722_SUBC_031	owl:NamedIndividual	MBA:1037	510	0.201741
WMB:CS20230722_SUBC_031	owl:NamedIndividual	MBA:1084	297	0.117484
WMB:CS20230722_SUBC_031	owl:NamedIndividual	MBA:484682470	355	0.140427
WMB:CS20230722_SUBC_031	owl:NamedIndividual	MBA:502	889	0.351661
WMB:CS20230722_SUBC_032	owl:NamedIndividual	MBA:648	908	0.052100
WMB:CS20230722_SUBC_032	owl:NamedIndividual	MBA:767	1461	0.083831
WMB:CS20230722_SUBC_032	owl:NamedIndividual	MBA:687	1237	0.070978
WMB:CS20230722_SUBC_033	owl:NamedIndividual	MBA:399	475	0.128796
WMB:CS20230722_SUBC_033	owl:NamedIndividual	MBA:484682470	739	0.200380
WMB:CS20230722_SUBC_033	owl:NamedIndividual	MBA:502	1605	0.435195
WMB:CS20230722_SUBC_034	owl:NamedIndividual	MBA:743	70	0.094467
WMB:CS20230722_SUBC_034	owl:NamedIndividual	MBA:1037	320	0.431849
WMB:CS20230722_SUBC_034	owl:NamedIndividual	MBA:1084	167	0.225371
WMB:CS20230722_SUBC_034	owl:NamedIndividual	MBA:502	75	0.101215
WMB:CS20230722_SUBC_035	owl:NamedIndividual	MBA:507	2415	0.310651
WMB:CS20230722_SUBC_035	owl:NamedIndividual	MBA:220	430	0.055313
WMB:CS20230722_SUBC_035	owl:NamedIndividual	MBA:244	1883	0.242218
WMB:CS20230722_SUBC_035	owl:NamedIndividual	MBA:698	1012	0.130178
WMB:CS20230722_SUBC_035	owl:NamedIndividual	MBA:1016	1246	0.160278
WMB:CS20230722_SUBC_036	owl:NamedIndividual	MBA:391	140	0.072091
WMB:CS20230722_SUBC_036	owl:NamedIndividual	MBA:10703	647	0.333162
WMB:CS20230722_SUBC_037	owl:NamedIndividual	MBA:471	1728	0.050329
WMB:CS20230722_SUBC_037	owl:NamedIndividual	MBA:486	2560	0.074562
WMB:CS20230722_SUBC_037	owl:NamedIndividual	MBA:495	2334	0.067979
WMB:CS20230722_SUBC_037	owl:NamedIndividual	MBA:504	2264	0.065940
WMB:CS20230722_SUBC_037	owl:NamedIndividual	MBA:10703	8346	0.243083
WMB:CS20230722_SUBC_037	owl:NamedIndividual	MBA:10704	6015	0.175191
WMB:CS20230722_SUBC_037	owl:NamedIndividual	MBA:632	9297	0.270781
WMB:CS20230722_SUBC_038	owl:NamedIndividual	MBA:486	136	0.082524
WMB:CS20230722_SUBC_038	owl:NamedIndividual	MBA:10703	238	0.144417
WMB:CS20230722_SUBC_038	owl:NamedIndividual	MBA:10704	162	0.098301
WMB:CS20230722_SUBC_038	owl:NamedIndividual	MBA:632	441	0.267597
WMB:CS20230722_SUBC_038	owl:NamedIndividual	MBA:961	84	0.050971
WMB:CS20230722_SUBC_039	owl:NamedIndividual	MBA:507	1529	0.297182
WMB:CS20230722_SUBC_039	owl:NamedIndividual	MBA:220	322	0.062585
WMB:CS20230722_SUBC_039	owl:NamedIndividual	MBA:244	894	0.173761
WMB:CS20230722_SUBC_039	owl:NamedIndividual	MBA:698	602	0.117007
WMB:CS20230722_SUBC_039	owl:NamedIndividual	MBA:1016	892	0.173372
WMB:CS20230722_SUBC_040	owl:NamedIndividual	MBA:220	1273	0.461399
WMB:CS20230722_SUBC_040	owl:NamedIndividual	MBA:228	290	0.105111
WMB:CS20230722_SUBC_040	owl:NamedIndividual	MBA:236	253	0.091700
WMB:CS20230722_SUBC_040	owl:NamedIndividual	MBA:244	561	0.203335
WMB:CS20230722_SUBC_040	owl:NamedIndividual	MBA:698	254	0.092062
WMB:CS20230722_SUBC_041	owl:NamedIndividual	MBA:507	2060	0.050382
WMB:CS20230722_SUBC_041	owl:NamedIndividual	MBA:220	15410	0.376883
WMB:CS20230722_SUBC_041	owl:NamedIndividual	MBA:228	3583	0.087630
WMB:CS20230722_SUBC_041	owl:NamedIndividual	MBA:236	3834	0.093768
WMB:CS20230722_SUBC_041	owl:NamedIndividual	MBA:244	10721	0.262204
WMB:CS20230722_SUBC_041	owl:NamedIndividual	MBA:698	4468	0.109274
WMB:CS20230722_SUBC_042	owl:NamedIndividual	MBA:507	4069	0.373680
WMB:CS20230722_SUBC_042	owl:NamedIndividual	MBA:244	1013	0.093030
WMB:CS20230722_SUBC_042	owl:NamedIndividual	MBA:698	1443	0.132519
WMB:CS20230722_SUBC_042	owl:NamedIndividual	MBA:1016	3191	0.293048
WMB:CS20230722_SUBC_043	owl:NamedIndividual	MBA:507	296	0.227168
WMB:CS20230722_SUBC_043	owl:NamedIndividual	MBA:244	516	0.396009
WMB:CS20230722_SUBC_043	owl:NamedIndividual	MBA:698	172	0.132003
WMB:CS20230722_SUBC_043	owl:NamedIndividual	MBA:1016	120	0.092095
WMB:CS20230722_SUBC_044	owl:NamedIndividual	MBA:507	1884	0.360920
WMB:CS20230722_SUBC_044	owl:NamedIndividual	MBA:244	519	0.099425
WMB:CS20230722_SUBC_044	owl:NamedIndividual	MBA:698	690	0.132184
WMB:CS20230722_SUBC_044	owl:NamedIndividual	MBA:1016	1496	0.286590
WMB:CS20230722_SUBC_045	owl:NamedIndividual	MBA:159	786	0.061320
WMB:CS20230722_SUBC_045	owl:NamedIndividual	MBA:220	2072	0.161648
WMB:CS20230722_SUBC_045	owl:NamedIndividual	MBA:698	1108	0.086441
WMB:CS20230722_SUBC_045	owl:NamedIndividual	MBA:81	2393	0.186691
WMB:CS20230722_SUBC_045	owl:NamedIndividual	MBA:484682516	1845	0.143938
WMB:CS20230722_SUBC_045	owl:NamedIndividual	MBA:956	791	0.061710
WMB:CS20230722_SUBC_046	owl:NamedIndividual	MBA:962	982	0.059036
WMB:CS20230722_SUBC_047	owl:NamedIndividual	MBA:382	339	0.057051
WMB:CS20230722_SUBC_047	owl:NamedIndividual	MBA:985	317	0.053349
WMB:CS20230722_SUBC_047	owl:NamedIndividual	MBA:993	400	0.067317
WMB:CS20230722_SUBC_048	owl:NamedIndividual	MBA:391	143	0.050799
WMB:CS20230722_SUBC_048	owl:NamedIndividual	MBA:415	242	0.085968
WMB:CS20230722_SUBC_048	owl:NamedIndividual	MBA:486	165	0.058615
WMB:CS20230722_SUBC_048	owl:NamedIndividual	MBA:495	142	0.050444
WMB:CS20230722_SUBC_048	owl:NamedIndividual	MBA:504	243	0.086323
WMB:CS20230722_SUBC_048	owl:NamedIndividual	MBA:961	179	0.063588
WMB:CS20230722_SUBC_049	owl:NamedIndividual	MBA:961	925	0.051888
WMB:CS20230722_SUBC_050	owl:NamedIndividual	MBA:486	179	0.054226
WMB:CS20230722_SUBC_050	owl:NamedIndividual	MBA:504	235	0.071191
WMB:CS20230722_SUBC_050	owl:NamedIndividual	MBA:10703	263	0.079673
WMB:CS20230722_SUBC_051	owl:NamedIndividual	MBA:961	194	0.096326
WMB:CS20230722_SUBC_052	owl:NamedIndividual	MBA:985	2693	0.060760
WMB:CS20230722_SUBC_052	owl:NamedIndividual	MBA:993	3131	0.070642
WMB:CS20230722_SUBC_052	owl:NamedIndividual	MBA:378	2392	0.053969
WMB:CS20230722_SUBC_053	owl:NamedIndividual	MBA:985	2197	0.060424
WMB:CS20230722_SUBC_053	owl:NamedIndividual	MBA:993	2417	0.066474
WMB:CS20230722_SUBC_054	owl:NamedIndividual	MBA:56	442	0.116041
WMB:CS20230722_SUBC_054	owl:NamedIndividual	MBA:672	2337	0.613547
WMB:CS20230722_SUBC_055	owl:NamedIndividual	MBA:56	339	0.157090
WMB:CS20230722_SUBC_055	owl:NamedIndividual	MBA:672	1109	0.513902
WMB:CS20230722_SUBC_055	owl:NamedIndividual	MBA:342	115	0.053290
WMB:CS20230722_SUBC_056	owl:NamedIndividual	MBA:56	372	0.085009
WMB:CS20230722_SUBC_056	owl:NamedIndividual	MBA:672	1200	0.274223
WMB:CS20230722_SUBC_056	owl:NamedIndividual	MBA:342	372	0.085009
WMB:CS20230722_SUBC_057	owl:NamedIndividual	MBA:23	547	0.051309
WMB:CS20230722_SUBC_057	owl:NamedIndividual	MBA:1022	1263	0.118469
WMB:CS20230722_SUBC_057	owl:NamedIndividual	MBA:298	577	0.054123
WMB:CS20230722_SUBC_057	owl:NamedIndividual	MBA:564	1416	0.132821
WMB:CS20230722_SUBC_057	owl:NamedIndividual	MBA:596	1665	0.156177
WMB:CS20230722_SUBC_057	owl:NamedIndividual	MBA:342	1930	0.181034
WMB:CS20230722_SUBC_057	owl:NamedIndividual	MBA:477	676	0.063409
WMB:CS20230722_SUBC_058	owl:NamedIndividual	MBA:56	282	0.083779
WMB:CS20230722_SUBC_058	owl:NamedIndividual	MBA:672	686	0.203803
WMB:CS20230722_SUBC_058	owl:NamedIndividual	MBA:564	257	0.076352
WMB:CS20230722_SUBC_058	owl:NamedIndividual	MBA:596	478	0.142008
WMB:CS20230722_SUBC_058	owl:NamedIndividual	MBA:342	457	0.135769
WMB:CS20230722_SUBC_059	owl:NamedIndividual	MBA:1022	469	0.424434
WMB:CS20230722_SUBC_059	owl:NamedIndividual	MBA:342	239	0.216290
WMB:CS20230722_SUBC_059	owl:NamedIndividual	MBA:6	160	0.144796
WMB:CS20230722_SUBC_060	owl:NamedIndividual	MBA:56	1283	0.104351
WMB:CS20230722_SUBC_060	owl:NamedIndividual	MBA:159	1088	0.088491
WMB:CS20230722_SUBC_060	owl:NamedIndividual	MBA:754	8320	0.676698
WMB:CS20230722_SUBC_063	owl:NamedIndividual	MBA:56	2788	0.253616
WMB:CS20230722_SUBC_063	owl:NamedIndividual	MBA:672	3591	0.326662
WMB:CS20230722_SUBC_063	owl:NamedIndividual	MBA:698	869	0.079050
WMB:CS20230722_SUBC_063	owl:NamedIndividual	MBA:342	1010	0.091877
WMB:CS20230722_SUBC_063	owl:NamedIndividual	MBA:477	616	0.056036
WMB:CS20230722_SUBC_064	owl:NamedIndividual	MBA:56	1221	0.099293
WMB:CS20230722_SUBC_064	owl:NamedIndividual	MBA:672	1329	0.108075
WMB:CS20230722_SUBC_064	owl:NamedIndividual	MBA:342	1097	0.089209
WMB:CS20230722_SUBC_064	owl:NamedIndividual	MBA:477	1756	0.142799
WMB:CS20230722_SUBC_065	owl:NamedIndividual	MBA:703	85	0.075825
WMB:CS20230722_SUBC_065	owl:NamedIndividual	MBA:966	160	0.142730
WMB:CS20230722_SUBC_065	owl:NamedIndividual	MBA:220	58	0.051740
WMB:CS20230722_SUBC_065	owl:NamedIndividual	MBA:698	117	0.104371
WMB:CS20230722_SUBC_065	owl:NamedIndividual	MBA:961	121	0.107939
WMB:CS20230722_SUBC_065	owl:NamedIndividual	MBA:477	74	0.066012
WMB:CS20230722_SUBC_066	owl:NamedIndividual	MBA:159	457	0.141749
WMB:CS20230722_SUBC_066	owl:NamedIndividual	MBA:258	335	0.103908
WMB:CS20230722_SUBC_066	owl:NamedIndividual	MBA:698	335	0.103908
WMB:CS20230722_SUBC_066	owl:NamedIndividual	MBA:961	364	0.112903
WMB:CS20230722_SUBC_066	owl:NamedIndividual	MBA:342	209	0.064826
WMB:CS20230722_SUBC_066	owl:NamedIndividual	MBA:477	504	0.156328
WMB:CS20230722_SUBC_067	owl:NamedIndividual	MBA:258	319	0.325178
WMB:CS20230722_SUBC_067	owl:NamedIndividual	MBA:266	342	0.348624
WMB:CS20230722_SUBC_067	owl:NamedIndividual	MBA:310	105	0.107034
WMB:CS20230722_SUBC_067	owl:NamedIndividual	MBA:603	82	0.083588
WMB:CS20230722_SUBC_068	owl:NamedIndividual	MBA:258	911	0.482521
WMB:CS20230722_SUBC_068	owl:NamedIndividual	MBA:266	773	0.409428
WMB:CS20230722_SUBC_069	owl:NamedIndividual	MBA:258	2764	0.674311
WMB:CS20230722_SUBC_069	owl:NamedIndividual	MBA:266	790	0.192730
WMB:CS20230722_SUBC_070	owl:NamedIndividual	MBA:258	3191	0.660663
WMB:CS20230722_SUBC_070	owl:NamedIndividual	MBA:266	969	0.200621
WMB:CS20230722_SUBC_070	owl:NamedIndividual	MBA:477	242	0.050104
WMB:CS20230722_SUBC_071	owl:NamedIndividual	MBA:250	1546	0.342187
WMB:CS20230722_SUBC_071	owl:NamedIndividual	MBA:258	1945	0.430500
WMB:CS20230722_SUBC_072	owl:NamedIndividual	MBA:258	894	0.405810
WMB:CS20230722_SUBC_072	owl:NamedIndividual	MBA:310	272	0.123468
WMB:CS20230722_SUBC_072	owl:NamedIndividual	MBA:603	264	0.119837
WMB:CS20230722_SUBC_073	owl:NamedIndividual	MBA:351	448	0.129667
WMB:CS20230722_SUBC_073	owl:NamedIndividual	MBA:639	223	0.064544
WMB:CS20230722_SUBC_073	owl:NamedIndividual	MBA:1097	254	0.073517
WMB:CS20230722_SUBC_073	owl:NamedIndividual	MBA:403	1430	0.413893
WMB:CS20230722_SUBC_074	owl:NamedIndividual	MBA:351	682	0.222658
WMB:CS20230722_SUBC_074	owl:NamedIndividual	MBA:559	265	0.086516
WMB:CS20230722_SUBC_074	owl:NamedIndividual	MBA:1097	178	0.058113
WMB:CS20230722_SUBC_074	owl:NamedIndividual	MBA:403	1149	0.375122
WMB:CS20230722_SUBC_075	owl:NamedIndividual	MBA:327	68	0.089005
WMB:CS20230722_SUBC_075	owl:NamedIndividual	MBA:559	97	0.126963
WMB:CS20230722_SUBC_075	owl:NamedIndividual	MBA:403	228	0.298429
WMB:CS20230722_SUBC_076	owl:NamedIndividual	MBA:351	579	0.211545
WMB:CS20230722_SUBC_076	owl:NamedIndividual	MBA:403	1138	0.415784
WMB:CS20230722_SUBC_076	owl:NamedIndividual	MBA:515	299	0.109244
WMB:CS20230722_SUBC_077	owl:NamedIndividual	MBA:351	70	0.416667
WMB:CS20230722_SUBC_077	owl:NamedIndividual	MBA:559	47	0.279762
WMB:CS20230722_SUBC_078	owl:NamedIndividual	MBA:23	35	0.064103
WMB:CS20230722_SUBC_078	owl:NamedIndividual	MBA:56	58	0.106227
WMB:CS20230722_SUBC_078	owl:NamedIndividual	MBA:342	271	0.496337
WMB:CS20230722_SUBC_078	owl:NamedIndividual	MBA:477	79	0.144689
WMB:CS20230722_SUBC_079	owl:NamedIndividual	MBA:351	393	0.146916
WMB:CS20230722_SUBC_079	owl:NamedIndividual	MBA:544	495	0.185047
WMB:CS20230722_SUBC_079	owl:NamedIndividual	MBA:551	573	0.214206
WMB:CS20230722_SUBC_079	owl:NamedIndividual	MBA:559	293	0.109533
WMB:CS20230722_SUBC_079	owl:NamedIndividual	MBA:1022	164	0.061308
WMB:CS20230722_SUBC_079	owl:NamedIndividual	MBA:477	388	0.145047
WMB:CS20230722_SUBC_080	owl:NamedIndividual	MBA:23	167	0.058453
WMB:CS20230722_SUBC_080	owl:NamedIndividual	MBA:56	176	0.061603
WMB:CS20230722_SUBC_080	owl:NamedIndividual	MBA:327	149	0.052153
WMB:CS20230722_SUBC_080	owl:NamedIndividual	MBA:351	309	0.108155
WMB:CS20230722_SUBC_080	owl:NamedIndividual	MBA:559	328	0.114806
WMB:CS20230722_SUBC_080	owl:NamedIndividual	MBA:403	149	0.052153
WMB:CS20230722_SUBC_080	owl:NamedIndividual	MBA:342	189	0.066153
WMB:CS20230722_SUBC_080	owl:NamedIndividual	MBA:477	277	0.096955
WMB:CS20230722_SUBC_081	owl:NamedIndividual	MBA:56	541	0.206017
WMB:CS20230722_SUBC_081	owl:NamedIndividual	MBA:351	851	0.324067
WMB:CS20230722_SUBC_081	owl:NamedIndividual	MBA:266	171	0.065118
WMB:CS20230722_SUBC_081	owl:NamedIndividual	MBA:342	253	0.096344
WMB:CS20230722_SUBC_081	owl:NamedIndividual	MBA:477	290	0.110434
WMB:CS20230722_SUBC_082	owl:NamedIndividual	MBA:351	481	0.169845
WMB:CS20230722_SUBC_082	owl:NamedIndividual	MBA:551	537	0.189619
WMB:CS20230722_SUBC_082	owl:NamedIndividual	MBA:559	570	0.201271
WMB:CS20230722_SUBC_082	owl:NamedIndividual	MBA:1022	202	0.071328
WMB:CS20230722_SUBC_082	owl:NamedIndividual	MBA:342	165	0.058263
WMB:CS20230722_SUBC_082	owl:NamedIndividual	MBA:477	189	0.066737
WMB:CS20230722_SUBC_083	owl:NamedIndividual	MBA:351	219	0.463002
WMB:CS20230722_SUBC_083	owl:NamedIndividual	MBA:559	63	0.133192
WMB:CS20230722_SUBC_083	owl:NamedIndividual	MBA:477	28	0.059197
WMB:CS20230722_SUBC_083	owl:NamedIndividual	MBA:301	25	0.052854
WMB:CS20230722_SUBC_084	owl:NamedIndividual	MBA:23	60	0.127660
WMB:CS20230722_SUBC_084	owl:NamedIndividual	MBA:351	46	0.097872
WMB:CS20230722_SUBC_084	owl:NamedIndividual	MBA:559	29	0.061702
WMB:CS20230722_SUBC_084	owl:NamedIndividual	MBA:194	51	0.108511
WMB:CS20230722_SUBC_084	owl:NamedIndividual	MBA:226	37	0.078723
WMB:CS20230722_SUBC_084	owl:NamedIndividual	MBA:298	30	0.063830
WMB:CS20230722_SUBC_084	owl:NamedIndividual	MBA:596	33	0.070213
WMB:CS20230722_SUBC_084	owl:NamedIndividual	MBA:803	29	0.061702
WMB:CS20230722_SUBC_084	owl:NamedIndividual	MBA:342	92	0.195745
WMB:CS20230722_SUBC_085	owl:NamedIndividual	MBA:351	175	0.052317
WMB:CS20230722_SUBC_085	owl:NamedIndividual	MBA:1097	338	0.101046
WMB:CS20230722_SUBC_085	owl:NamedIndividual	MBA:226	260	0.077728
WMB:CS20230722_SUBC_085	owl:NamedIndividual	MBA:523	324	0.096861
WMB:CS20230722_SUBC_085	owl:NamedIndividual	MBA:342	786	0.234978
WMB:CS20230722_SUBC_085	owl:NamedIndividual	MBA:477	197	0.058894
WMB:CS20230722_SUBC_086	owl:NamedIndividual	MBA:351	350	0.158156
WMB:CS20230722_SUBC_086	owl:NamedIndividual	MBA:1097	389	0.175779
WMB:CS20230722_SUBC_086	owl:NamedIndividual	MBA:226	274	0.123814
WMB:CS20230722_SUBC_086	owl:NamedIndividual	MBA:523	184	0.083145
WMB:CS20230722_SUBC_086	owl:NamedIndividual	MBA:1109	276	0.124718
WMB:CS20230722_SUBC_086	owl:NamedIndividual	MBA:342	201	0.090827
WMB:CS20230722_SUBC_087	owl:NamedIndividual	MBA:351	87	0.110127
WMB:CS20230722_SUBC_087	owl:NamedIndividual	MBA:1097	102	0.129114
WMB:CS20230722_SUBC_087	owl:NamedIndividual	MBA:194	99	0.125316
WMB:CS20230722_SUBC_087	owl:NamedIndividual	MBA:226	84	0.106329
WMB:CS20230722_SUBC_087	owl:NamedIndividual	MBA:515	136	0.172152
WMB:CS20230722_SUBC_087	owl:NamedIndividual	MBA:523	77	0.097468
WMB:CS20230722_SUBC_088	owl:NamedIndividual	MBA:351	329	0.284602
WMB:CS20230722_SUBC_088	owl:NamedIndividual	MBA:1097	76	0.065744
WMB:CS20230722_SUBC_088	owl:NamedIndividual	MBA:194	104	0.089965
WMB:CS20230722_SUBC_088	owl:NamedIndividual	MBA:226	194	0.167820
WMB:CS20230722_SUBC_088	owl:NamedIndividual	MBA:523	68	0.058824
WMB:CS20230722_SUBC_088	owl:NamedIndividual	MBA:803	84	0.072664
WMB:CS20230722_SUBC_088	owl:NamedIndividual	MBA:342	150	0.129758
WMB:CS20230722_SUBC_089	owl:NamedIndividual	MBA:88	151	0.068855
WMB:CS20230722_SUBC_089	owl:NamedIndividual	MBA:272	136	0.062016
WMB:CS20230722_SUBC_089	owl:NamedIndividual	MBA:1097	233	0.106247
WMB:CS20230722_SUBC_089	owl:NamedIndividual	MBA:266	166	0.075695
WMB:CS20230722_SUBC_089	owl:NamedIndividual	MBA:523	190	0.086639
WMB:CS20230722_SUBC_089	owl:NamedIndividual	MBA:564	173	0.078887
WMB:CS20230722_SUBC_089	owl:NamedIndividual	MBA:477	127	0.057912
WMB:CS20230722_SUBC_090	owl:NamedIndividual	MBA:88	150	0.051003
WMB:CS20230722_SUBC_090	owl:NamedIndividual	MBA:351	245	0.083305
WMB:CS20230722_SUBC_090	owl:NamedIndividual	MBA:1097	376	0.127848
WMB:CS20230722_SUBC_090	owl:NamedIndividual	MBA:266	260	0.088405
WMB:CS20230722_SUBC_090	owl:NamedIndividual	MBA:515	822	0.279497
WMB:CS20230722_SUBC_090	owl:NamedIndividual	MBA:477	151	0.051343
WMB:CS20230722_SUBC_091	owl:NamedIndividual	MBA:223	64	0.328205
WMB:CS20230722_SUBC_091	owl:NamedIndividual	MBA:830	13	0.066667
WMB:CS20230722_SUBC_091	owl:NamedIndividual	MBA:1097	22	0.112821
WMB:CS20230722_SUBC_091	owl:NamedIndividual	MBA:118	36	0.184615
WMB:CS20230722_SUBC_091	owl:NamedIndividual	MBA:693	26	0.133333
WMB:CS20230722_SUBC_092	owl:NamedIndividual	MBA:830	87	0.228947
WMB:CS20230722_SUBC_092	owl:NamedIndividual	MBA:1097	96	0.252632
WMB:CS20230722_SUBC_092	owl:NamedIndividual	MBA:194	27	0.071053
WMB:CS20230722_SUBC_092	owl:NamedIndividual	MBA:614	42	0.110526
WMB:CS20230722_SUBC_092	owl:NamedIndividual	MBA:693	41	0.107895
WMB:CS20230722_SUBC_093	owl:NamedIndividual	MBA:262	6830	0.800234
WMB:CS20230722_SUBC_094	owl:NamedIndividual	MBA:1097	178	0.088645
WMB:CS20230722_SUBC_094	owl:NamedIndividual	MBA:30	181	0.090139
WMB:CS20230722_SUBC_094	owl:NamedIndividual	MBA:347	441	0.219622
WMB:CS20230722_SUBC_094	owl:NamedIndividual	MBA:286	866	0.431275
WMB:CS20230722_SUBC_095	owl:NamedIndividual	MBA:830	269	0.848580
WMB:CS20230722_SUBC_095	owl:NamedIndividual	MBA:118	31	0.097792
WMB:CS20230722_SUBC_096	owl:NamedIndividual	MBA:88	6	0.122449
WMB:CS20230722_SUBC_096	owl:NamedIndividual	MBA:1097	10	0.204082
WMB:CS20230722_SUBC_096	owl:NamedIndividual	MBA:63	16	0.326531
WMB:CS20230722_SUBC_096	owl:NamedIndividual	MBA:797	16	0.326531
WMB:CS20230722_SUBC_097	owl:NamedIndividual	MBA:88	294	0.210451
WMB:CS20230722_SUBC_097	owl:NamedIndividual	MBA:1097	453	0.324266
WMB:CS20230722_SUBC_097	owl:NamedIndividual	MBA:63	135	0.096636
WMB:CS20230722_SUBC_097	owl:NamedIndividual	MBA:347	164	0.117394
WMB:CS20230722_SUBC_098	owl:NamedIndividual	MBA:88	1143	0.523831
WMB:CS20230722_SUBC_098	owl:NamedIndividual	MBA:1097	234	0.107241
WMB:CS20230722_SUBC_098	owl:NamedIndividual	MBA:194	168	0.076994
WMB:CS20230722_SUBC_098	owl:NamedIndividual	MBA:347	201	0.092117
WMB:CS20230722_SUBC_099	owl:NamedIndividual	MBA:88	52	0.062802
WMB:CS20230722_SUBC_099	owl:NamedIndividual	MBA:223	75	0.090580
WMB:CS20230722_SUBC_099	owl:NamedIndividual	MBA:1097	118	0.142512
WMB:CS20230722_SUBC_099	owl:NamedIndividual	MBA:515	81	0.097826
WMB:CS20230722_SUBC_099	owl:NamedIndividual	MBA:38	85	0.102657
WMB:CS20230722_SUBC_099	owl:NamedIndividual	MBA:30	95	0.114734
WMB:CS20230722_SUBC_099	owl:NamedIndividual	MBA:118	57	0.068841
WMB:CS20230722_SUBC_099	owl:NamedIndividual	MBA:133	46	0.055556
WMB:CS20230722_SUBC_099	owl:NamedIndividual	MBA:347	81	0.097826
WMB:CS20230722_SUBC_100	owl:NamedIndividual	MBA:88	390	0.313253
WMB:CS20230722_SUBC_100	owl:NamedIndividual	MBA:1097	291	0.233735
WMB:CS20230722_SUBC_100	owl:NamedIndividual	MBA:194	68	0.054618
WMB:CS20230722_SUBC_100	owl:NamedIndividual	MBA:576073704	76	0.061044
WMB:CS20230722_SUBC_101	owl:NamedIndividual	MBA:1097	912	0.151068
WMB:CS20230722_SUBC_101	owl:NamedIndividual	MBA:797	3160	0.523439
WMB:CS20230722_SUBC_102	owl:NamedIndividual	MBA:223	219	0.100183
WMB:CS20230722_SUBC_102	owl:NamedIndividual	MBA:830	398	0.182068
WMB:CS20230722_SUBC_102	owl:NamedIndividual	MBA:1097	464	0.212260
WMB:CS20230722_SUBC_102	owl:NamedIndividual	MBA:194	638	0.291857
WMB:CS20230722_SUBC_103	owl:NamedIndividual	MBA:830	67	0.063208
WMB:CS20230722_SUBC_103	owl:NamedIndividual	MBA:1097	315	0.297170
WMB:CS20230722_SUBC_103	owl:NamedIndividual	MBA:194	128	0.120755
WMB:CS20230722_SUBC_103	owl:NamedIndividual	MBA:946	215	0.202830
WMB:CS20230722_SUBC_103	owl:NamedIndividual	MBA:797	183	0.172642
WMB:CS20230722_SUBC_104	owl:NamedIndividual	MBA:223	1111	0.346862
WMB:CS20230722_SUBC_104	owl:NamedIndividual	MBA:1097	496	0.154855
WMB:CS20230722_SUBC_104	owl:NamedIndividual	MBA:614	832	0.259756
WMB:CS20230722_SUBC_104	owl:NamedIndividual	MBA:693	256	0.079925
WMB:CS20230722_SUBC_105	owl:NamedIndividual	MBA:223	23	0.051111
WMB:CS20230722_SUBC_105	owl:NamedIndividual	MBA:830	267	0.593333
WMB:CS20230722_SUBC_105	owl:NamedIndividual	MBA:1097	58	0.128889
WMB:CS20230722_SUBC_105	owl:NamedIndividual	MBA:118	39	0.086667
WMB:CS20230722_SUBC_105	owl:NamedIndividual	MBA:126	25	0.055556
WMB:CS20230722_SUBC_106	owl:NamedIndividual	MBA:272	284	0.075352
WMB:CS20230722_SUBC_106	owl:NamedIndividual	MBA:1097	449	0.119130
WMB:CS20230722_SUBC_106	owl:NamedIndividual	MBA:515	728	0.193155
WMB:CS20230722_SUBC_106	owl:NamedIndividual	MBA:523	525	0.139294
WMB:CS20230722_SUBC_106	owl:NamedIndividual	MBA:133	358	0.094985
WMB:CS20230722_SUBC_106	owl:NamedIndividual	MBA:576073699	287	0.076148
WMB:CS20230722_SUBC_107	owl:NamedIndividual	MBA:830	866	0.301637
WMB:CS20230722_SUBC_107	owl:NamedIndividual	MBA:1097	824	0.287008
WMB:CS20230722_SUBC_107	owl:NamedIndividual	MBA:194	377	0.131313
WMB:CS20230722_SUBC_107	owl:NamedIndividual	MBA:614	184	0.064089
WMB:CS20230722_SUBC_108	owl:NamedIndividual	MBA:223	795	0.651106
WMB:CS20230722_SUBC_108	owl:NamedIndividual	MBA:1097	127	0.104013
WMB:CS20230722_SUBC_108	owl:NamedIndividual	MBA:693	124	0.101556
WMB:CS20230722_SUBC_109	owl:NamedIndividual	MBA:178	360	0.259366
WMB:CS20230722_SUBC_109	owl:NamedIndividual	MBA:797	456	0.328530
WMB:CS20230722_SUBC_109	owl:NamedIndividual	MBA:484682524	133	0.095821
WMB:CS20230722_SUBC_109	owl:NamedIndividual	MBA:1009	119	0.085735
WMB:CS20230722_SUBC_110	owl:NamedIndividual	MBA:1104	42	0.153846
WMB:CS20230722_SUBC_110	owl:NamedIndividual	MBA:351	68	0.249084
WMB:CS20230722_SUBC_110	owl:NamedIndividual	MBA:549	83	0.304029
WMB:CS20230722_SUBC_110	owl:NamedIndividual	MBA:1009	15	0.054945
WMB:CS20230722_SUBC_111	owl:NamedIndividual	MBA:310	647	0.176969
WMB:CS20230722_SUBC_111	owl:NamedIndividual	MBA:581	337	0.092177
WMB:CS20230722_SUBC_111	owl:NamedIndividual	MBA:129	1206	0.329869
WMB:CS20230722_SUBC_111	owl:NamedIndividual	MBA:436	210	0.057440
WMB:CS20230722_SUBC_111	owl:NamedIndividual	MBA:449	584	0.159737
WMB:CS20230722_SUBC_112	owl:NamedIndividual	MBA:1031	20	0.333333
WMB:CS20230722_SUBC_112	owl:NamedIndividual	MBA:1097	3	0.050000
WMB:CS20230722_SUBC_112	owl:NamedIndividual	MBA:194	12	0.200000
WMB:CS20230722_SUBC_112	owl:NamedIndividual	MBA:803	7	0.116667
WMB:CS20230722_SUBC_112	owl:NamedIndividual	MBA:6	13	0.216667
WMB:CS20230722_SUBC_113	owl:NamedIndividual	MBA:303	318	0.061964
WMB:CS20230722_SUBC_113	owl:NamedIndividual	MBA:327	1616	0.314887
WMB:CS20230722_SUBC_113	owl:NamedIndividual	MBA:639	401	0.078137
WMB:CS20230722_SUBC_113	owl:NamedIndividual	MBA:403	2159	0.420694
WMB:CS20230722_SUBC_114	owl:NamedIndividual	MBA:327	684	0.133646
WMB:CS20230722_SUBC_114	owl:NamedIndividual	MBA:639	548	0.107073
WMB:CS20230722_SUBC_114	owl:NamedIndividual	MBA:966	337	0.065846
WMB:CS20230722_SUBC_114	owl:NamedIndividual	MBA:403	730	0.142634
WMB:CS20230722_SUBC_114	owl:NamedIndividual	MBA:961	1000	0.195389
WMB:CS20230722_SUBC_115	owl:NamedIndividual	MBA:258	229	0.212825
WMB:CS20230722_SUBC_115	owl:NamedIndividual	MBA:266	123	0.114312
WMB:CS20230722_SUBC_115	owl:NamedIndividual	MBA:564	271	0.251859
WMB:CS20230722_SUBC_115	owl:NamedIndividual	MBA:596	59	0.054833
WMB:CS20230722_SUBC_115	owl:NamedIndividual	MBA:310	111	0.103160
WMB:CS20230722_SUBC_115	owl:NamedIndividual	MBA:477	67	0.062268
WMB:CS20230722_SUBC_116	owl:NamedIndividual	MBA:272	332	0.241104
WMB:CS20230722_SUBC_116	owl:NamedIndividual	MBA:1097	96	0.069717
WMB:CS20230722_SUBC_116	owl:NamedIndividual	MBA:452	266	0.193174
WMB:CS20230722_SUBC_116	owl:NamedIndividual	MBA:523	166	0.120552
WMB:CS20230722_SUBC_117	owl:NamedIndividual	MBA:1097	371	0.314941
WMB:CS20230722_SUBC_117	owl:NamedIndividual	MBA:194	284	0.241087
WMB:CS20230722_SUBC_117	owl:NamedIndividual	MBA:797	164	0.139219
WMB:CS20230722_SUBC_118	owl:NamedIndividual	MBA:72	78	0.080082
WMB:CS20230722_SUBC_118	owl:NamedIndividual	MBA:1097	140	0.143737
WMB:CS20230722_SUBC_118	owl:NamedIndividual	MBA:194	141	0.144764
WMB:CS20230722_SUBC_118	owl:NamedIndividual	MBA:523	81	0.083162
WMB:CS20230722_SUBC_118	owl:NamedIndividual	MBA:342	124	0.127310
WMB:CS20230722_SUBC_119	owl:NamedIndividual	MBA:194	599	0.174534
WMB:CS20230722_SUBC_119	owl:NamedIndividual	MBA:298	279	0.081294
WMB:CS20230722_SUBC_119	owl:NamedIndividual	MBA:596	185	0.053904
WMB:CS20230722_SUBC_119	owl:NamedIndividual	MBA:803	196	0.057110
WMB:CS20230722_SUBC_119	owl:NamedIndividual	MBA:342	901	0.262529
WMB:CS20230722_SUBC_120	owl:NamedIndividual	MBA:23	16	0.051948
WMB:CS20230722_SUBC_120	owl:NamedIndividual	MBA:327	17	0.055195
WMB:CS20230722_SUBC_120	owl:NamedIndividual	MBA:559	24	0.077922
WMB:CS20230722_SUBC_120	owl:NamedIndividual	MBA:403	223	0.724026
WMB:CS20230722_SUBC_121	owl:NamedIndividual	MBA:351	109	0.194296
WMB:CS20230722_SUBC_121	owl:NamedIndividual	MBA:403	229	0.408200
WMB:CS20230722_SUBC_121	owl:NamedIndividual	MBA:515	31	0.055258
WMB:CS20230722_SUBC_122	owl:NamedIndividual	MBA:351	21	0.059490
WMB:CS20230722_SUBC_122	owl:NamedIndividual	MBA:194	24	0.067989
WMB:CS20230722_SUBC_122	owl:NamedIndividual	MBA:226	39	0.110482
WMB:CS20230722_SUBC_122	owl:NamedIndividual	MBA:403	189	0.535411
WMB:CS20230722_SUBC_123	owl:NamedIndividual	MBA:830	330	0.829146
WMB:CS20230722_SUBC_123	owl:NamedIndividual	MBA:1097	28	0.070352
WMB:CS20230722_SUBC_123	owl:NamedIndividual	MBA:118	26	0.065327
WMB:CS20230722_SUBC_124	owl:NamedIndividual	MBA:272	304	0.190119
WMB:CS20230722_SUBC_124	owl:NamedIndividual	MBA:1097	119	0.074422
WMB:CS20230722_SUBC_124	owl:NamedIndividual	MBA:515	457	0.285804
WMB:CS20230722_SUBC_124	owl:NamedIndividual	MBA:523	251	0.156973
WMB:CS20230722_SUBC_124	owl:NamedIndividual	MBA:133	127	0.079425
WMB:CS20230722_SUBC_125	owl:NamedIndividual	MBA:830	298	0.440828
WMB:CS20230722_SUBC_125	owl:NamedIndividual	MBA:1097	206	0.304734
WMB:CS20230722_SUBC_125	owl:NamedIndividual	MBA:194	69	0.102071
WMB:CS20230722_SUBC_125	owl:NamedIndividual	MBA:693	52	0.076923
WMB:CS20230722_SUBC_126	owl:NamedIndividual	MBA:223	774	0.574184
WMB:CS20230722_SUBC_126	owl:NamedIndividual	MBA:1097	185	0.137240
WMB:CS20230722_SUBC_126	owl:NamedIndividual	MBA:693	205	0.152077
WMB:CS20230722_SUBC_127	owl:NamedIndividual	MBA:830	87	0.142390
WMB:CS20230722_SUBC_127	owl:NamedIndividual	MBA:1097	149	0.243863
WMB:CS20230722_SUBC_127	owl:NamedIndividual	MBA:194	203	0.332242
WMB:CS20230722_SUBC_127	owl:NamedIndividual	MBA:614	47	0.076923
WMB:CS20230722_SUBC_128	owl:NamedIndividual	MBA:1097	287	0.215142
WMB:CS20230722_SUBC_128	owl:NamedIndividual	MBA:614	309	0.231634
WMB:CS20230722_SUBC_128	owl:NamedIndividual	MBA:693	695	0.520990
WMB:CS20230722_SUBC_129	owl:NamedIndividual	MBA:1097	602	0.147477
WMB:CS20230722_SUBC_129	owl:NamedIndividual	MBA:118	214	0.052425
WMB:CS20230722_SUBC_129	owl:NamedIndividual	MBA:614	355	0.086967
WMB:CS20230722_SUBC_129	owl:NamedIndividual	MBA:693	2708	0.663400
WMB:CS20230722_SUBC_130	owl:NamedIndividual	MBA:830	32	0.061776
WMB:CS20230722_SUBC_130	owl:NamedIndividual	MBA:1097	132	0.254826
WMB:CS20230722_SUBC_130	owl:NamedIndividual	MBA:194	232	0.447876
WMB:CS20230722_SUBC_130	owl:NamedIndividual	MBA:797	31	0.059846
WMB:CS20230722_SUBC_131	owl:NamedIndividual	MBA:1097	283	0.169461
WMB:CS20230722_SUBC_131	owl:NamedIndividual	MBA:194	140	0.083832
WMB:CS20230722_SUBC_131	owl:NamedIndividual	MBA:226	137	0.082036
WMB:CS20230722_SUBC_131	owl:NamedIndividual	MBA:515	228	0.136527
WMB:CS20230722_SUBC_131	owl:NamedIndividual	MBA:38	118	0.070659
WMB:CS20230722_SUBC_131	owl:NamedIndividual	MBA:133	139	0.083234
WMB:CS20230722_SUBC_132	owl:NamedIndividual	MBA:88	1242	0.479722
WMB:CS20230722_SUBC_132	owl:NamedIndividual	MBA:1097	591	0.228273
WMB:CS20230722_SUBC_132	owl:NamedIndividual	MBA:194	291	0.112399
WMB:CS20230722_SUBC_133	owl:NamedIndividual	MBA:1097	334	0.162293
WMB:CS20230722_SUBC_133	owl:NamedIndividual	MBA:38	896	0.435374
WMB:CS20230722_SUBC_133	owl:NamedIndividual	MBA:614	120	0.058309
WMB:CS20230722_SUBC_134	owl:NamedIndividual	MBA:830	369	0.188554
WMB:CS20230722_SUBC_134	owl:NamedIndividual	MBA:1097	467	0.238631
WMB:CS20230722_SUBC_134	owl:NamedIndividual	MBA:194	430	0.219724
WMB:CS20230722_SUBC_134	owl:NamedIndividual	MBA:946	416	0.212570
WMB:CS20230722_SUBC_135	owl:NamedIndividual	MBA:194	501	0.181128
WMB:CS20230722_SUBC_135	owl:NamedIndividual	MBA:364	611	0.220897
WMB:CS20230722_SUBC_135	owl:NamedIndividual	MBA:470	838	0.302965
WMB:CS20230722_SUBC_135	owl:NamedIndividual	MBA:1009	148	0.053507
WMB:CS20230722_SUBC_136	owl:NamedIndividual	MBA:830	61	0.060697
WMB:CS20230722_SUBC_136	owl:NamedIndividual	MBA:1097	207	0.205970
WMB:CS20230722_SUBC_136	owl:NamedIndividual	MBA:194	126	0.125373
WMB:CS20230722_SUBC_136	owl:NamedIndividual	MBA:946	55	0.054726
WMB:CS20230722_SUBC_136	owl:NamedIndividual	MBA:1004	433	0.430846
WMB:CS20230722_SUBC_136	owl:NamedIndividual	MBA:614	80	0.079602
WMB:CS20230722_SUBC_137	owl:NamedIndividual	MBA:830	69	0.242958
WMB:CS20230722_SUBC_137	owl:NamedIndividual	MBA:1097	29	0.102113
WMB:CS20230722_SUBC_137	owl:NamedIndividual	MBA:946	123	0.433099
WMB:CS20230722_SUBC_137	owl:NamedIndividual	MBA:118	38	0.133803
WMB:CS20230722_SUBC_138	owl:NamedIndividual	MBA:1097	137	0.092132
WMB:CS20230722_SUBC_138	owl:NamedIndividual	MBA:313	191	0.128447
WMB:CS20230722_SUBC_138	owl:NamedIndividual	MBA:946	903	0.607263
WMB:CS20230722_SUBC_139	owl:NamedIndividual	MBA:1097	102	0.120425
WMB:CS20230722_SUBC_139	owl:NamedIndividual	MBA:194	451	0.532468
WMB:CS20230722_SUBC_139	owl:NamedIndividual	MBA:946	126	0.148760
WMB:CS20230722_SUBC_140	owl:NamedIndividual	MBA:1097	126	0.178218
WMB:CS20230722_SUBC_140	owl:NamedIndividual	MBA:194	189	0.267327
WMB:CS20230722_SUBC_140	owl:NamedIndividual	MBA:946	273	0.386139
WMB:CS20230722_SUBC_140	owl:NamedIndividual	MBA:1004	38	0.053748
WMB:CS20230722_SUBC_141	owl:NamedIndividual	MBA:1097	105	0.058528
WMB:CS20230722_SUBC_141	owl:NamedIndividual	MBA:313	130	0.072464
WMB:CS20230722_SUBC_141	owl:NamedIndividual	MBA:606826647	148	0.082497
WMB:CS20230722_SUBC_141	owl:NamedIndividual	MBA:732	90	0.050167
WMB:CS20230722_SUBC_141	owl:NamedIndividual	MBA:946	737	0.410814
WMB:CS20230722_SUBC_141	owl:NamedIndividual	MBA:525	271	0.151059
WMB:CS20230722_SUBC_142	owl:NamedIndividual	MBA:223	5	0.087719
WMB:CS20230722_SUBC_142	owl:NamedIndividual	MBA:263	3	0.052632
WMB:CS20230722_SUBC_142	owl:NamedIndividual	MBA:1097	9	0.157895
WMB:CS20230722_SUBC_142	owl:NamedIndividual	MBA:564	21	0.368421
WMB:CS20230722_SUBC_143	owl:NamedIndividual	MBA:1097	57	0.055072
WMB:CS20230722_SUBC_143	owl:NamedIndividual	MBA:606826651	64	0.061836
WMB:CS20230722_SUBC_143	owl:NamedIndividual	MBA:732	140	0.135266
WMB:CS20230722_SUBC_143	owl:NamedIndividual	MBA:980	270	0.260870
WMB:CS20230722_SUBC_143	owl:NamedIndividual	MBA:1004	154	0.148792
WMB:CS20230722_SUBC_143	owl:NamedIndividual	MBA:126	145	0.140097
WMB:CS20230722_SUBC_143	owl:NamedIndividual	MBA:1126	126	0.121739
WMB:CS20230722_SUBC_144	owl:NamedIndividual	MBA:606826647	782	0.299158
WMB:CS20230722_SUBC_144	owl:NamedIndividual	MBA:606826651	924	0.353481
WMB:CS20230722_SUBC_144	owl:NamedIndividual	MBA:732	281	0.107498
WMB:CS20230722_SUBC_144	owl:NamedIndividual	MBA:980	143	0.054705
WMB:CS20230722_SUBC_145	owl:NamedIndividual	MBA:483	4404	0.937819
WMB:CS20230722_SUBC_146	owl:NamedIndividual	MBA:186	851	0.797563
WMB:CS20230722_SUBC_146	owl:NamedIndividual	MBA:483	59	0.055295
WMB:CS20230722_SUBC_146	owl:NamedIndividual	MBA:802	58	0.054358
WMB:CS20230722_SUBC_147	owl:NamedIndividual	MBA:64	1036	0.870588
WMB:CS20230722_SUBC_147	owl:NamedIndividual	MBA:802	84	0.070588
WMB:CS20230722_SUBC_148	owl:NamedIndividual	MBA:255	1212	0.703833
WMB:CS20230722_SUBC_148	owl:NamedIndividual	MBA:155	316	0.183508
WMB:CS20230722_SUBC_149	owl:NamedIndividual	MBA:362	351	0.083931
WMB:CS20230722_SUBC_149	owl:NamedIndividual	MBA:15	370	0.088474
WMB:CS20230722_SUBC_149	owl:NamedIndividual	MBA:149	2315	0.553563
WMB:CS20230722_SUBC_149	owl:NamedIndividual	MBA:549	335	0.080105
WMB:CS20230722_SUBC_150	owl:NamedIndividual	MBA:575	287	0.082047
WMB:CS20230722_SUBC_150	owl:NamedIndividual	MBA:599	607	0.173528
WMB:CS20230722_SUBC_150	owl:NamedIndividual	MBA:1113	184	0.052601
WMB:CS20230722_SUBC_150	owl:NamedIndividual	MBA:362	1248	0.356775
WMB:CS20230722_SUBC_150	owl:NamedIndividual	MBA:15	194	0.055460
WMB:CS20230722_SUBC_150	owl:NamedIndividual	MBA:149	439	0.125500
WMB:CS20230722_SUBC_151	owl:NamedIndividual	MBA:155	2720	0.069074
WMB:CS20230722_SUBC_151	owl:NamedIndividual	MBA:218	4277	0.108614
WMB:CS20230722_SUBC_151	owl:NamedIndividual	MBA:362	3382	0.085886
WMB:CS20230722_SUBC_151	owl:NamedIndividual	MBA:1020	4359	0.110696
WMB:CS20230722_SUBC_151	owl:NamedIndividual	MBA:718	1995	0.050663
WMB:CS20230722_SUBC_151	owl:NamedIndividual	MBA:733	5924	0.150439
WMB:CS20230722_SUBC_152	owl:NamedIndividual	MBA:1077	341	0.088342
WMB:CS20230722_SUBC_152	owl:NamedIndividual	MBA:181	1496	0.387565
WMB:CS20230722_SUBC_152	owl:NamedIndividual	MBA:549	332	0.086010
WMB:CS20230722_SUBC_152	owl:NamedIndividual	MBA:685	348	0.090155
WMB:CS20230722_SUBC_152	owl:NamedIndividual	MBA:560581559	219	0.056736
WMB:CS20230722_SUBC_153	owl:NamedIndividual	MBA:1072	130	0.160494
WMB:CS20230722_SUBC_153	owl:NamedIndividual	MBA:1088	45	0.055556
WMB:CS20230722_SUBC_153	owl:NamedIndividual	MBA:1079	52	0.064198
WMB:CS20230722_SUBC_153	owl:NamedIndividual	MBA:560581563	62	0.076543
WMB:CS20230722_SUBC_153	owl:NamedIndividual	MBA:1029	97	0.119753
WMB:CS20230722_SUBC_153	owl:NamedIndividual	MBA:563807435	55	0.067901
WMB:CS20230722_SUBC_153	owl:NamedIndividual	MBA:325	129	0.159259
WMB:CS20230722_SUBC_153	owl:NamedIndividual	MBA:549	81	0.100000
WMB:CS20230722_SUBC_154	owl:NamedIndividual	MBA:575	240	0.057957
WMB:CS20230722_SUBC_154	owl:NamedIndividual	MBA:362	570	0.137648
WMB:CS20230722_SUBC_154	owl:NamedIndividual	MBA:930	1818	0.439024
WMB:CS20230722_SUBC_154	owl:NamedIndividual	MBA:741	316	0.076310
WMB:CS20230722_SUBC_155	owl:NamedIndividual	MBA:313	69	0.087898
WMB:CS20230722_SUBC_155	owl:NamedIndividual	MBA:128	147	0.187261
WMB:CS20230722_SUBC_155	owl:NamedIndividual	MBA:634	55	0.070064
WMB:CS20230722_SUBC_155	owl:NamedIndividual	MBA:795	225	0.286624
WMB:CS20230722_SUBC_155	owl:NamedIndividual	MBA:50	115	0.146497
WMB:CS20230722_SUBC_156	owl:NamedIndividual	MBA:313	193	0.317957
WMB:CS20230722_SUBC_156	owl:NamedIndividual	MBA:128	49	0.080725
WMB:CS20230722_SUBC_156	owl:NamedIndividual	MBA:795	56	0.092257
WMB:CS20230722_SUBC_156	owl:NamedIndividual	MBA:946	62	0.102142
WMB:CS20230722_SUBC_156	owl:NamedIndividual	MBA:685	76	0.125206
WMB:CS20230722_SUBC_157	owl:NamedIndividual	MBA:313	37	0.108824
WMB:CS20230722_SUBC_157	owl:NamedIndividual	MBA:128	77	0.226471
WMB:CS20230722_SUBC_157	owl:NamedIndividual	MBA:214	192	0.564706
WMB:CS20230722_SUBC_158	owl:NamedIndividual	MBA:128	43	0.279221
WMB:CS20230722_SUBC_158	owl:NamedIndividual	MBA:795	63	0.409091
WMB:CS20230722_SUBC_158	owl:NamedIndividual	MBA:1052	17	0.110390
WMB:CS20230722_SUBC_159	owl:NamedIndividual	MBA:313	287	0.360100
WMB:CS20230722_SUBC_159	owl:NamedIndividual	MBA:795	109	0.136763
WMB:CS20230722_SUBC_159	owl:NamedIndividual	MBA:197	63	0.079046
WMB:CS20230722_SUBC_159	owl:NamedIndividual	MBA:525	111	0.139272
WMB:CS20230722_SUBC_160	owl:NamedIndividual	MBA:313	68	0.067260
WMB:CS20230722_SUBC_160	owl:NamedIndividual	MBA:795	480	0.474777
WMB:CS20230722_SUBC_160	owl:NamedIndividual	MBA:26	127	0.125618
WMB:CS20230722_SUBC_160	owl:NamedIndividual	MBA:10	55	0.054402
WMB:CS20230722_SUBC_160	owl:NamedIndividual	MBA:17	108	0.106825
WMB:CS20230722_SUBC_161	owl:NamedIndividual	MBA:313	105	0.087065
WMB:CS20230722_SUBC_161	owl:NamedIndividual	MBA:795	773	0.640962
WMB:CS20230722_SUBC_161	owl:NamedIndividual	MBA:26	158	0.131012
WMB:CS20230722_SUBC_162	owl:NamedIndividual	MBA:616	361	0.227760
WMB:CS20230722_SUBC_162	owl:NamedIndividual	MBA:811	90	0.056782
WMB:CS20230722_SUBC_162	owl:NamedIndividual	MBA:313	292	0.184227
WMB:CS20230722_SUBC_162	owl:NamedIndividual	MBA:128	209	0.131861
WMB:CS20230722_SUBC_162	owl:NamedIndividual	MBA:795	446	0.281388
WMB:CS20230722_SUBC_163	owl:NamedIndividual	MBA:215	902	0.667160
WMB:CS20230722_SUBC_163	owl:NamedIndividual	MBA:313	272	0.201183
WMB:CS20230722_SUBC_164	owl:NamedIndividual	MBA:215	866	0.592745
WMB:CS20230722_SUBC_164	owl:NamedIndividual	MBA:313	345	0.236140
WMB:CS20230722_SUBC_164	owl:NamedIndividual	MBA:128	102	0.069815
WMB:CS20230722_SUBC_165	owl:NamedIndividual	MBA:313	140	0.125112
WMB:CS20230722_SUBC_165	owl:NamedIndividual	MBA:128	368	0.328865
WMB:CS20230722_SUBC_165	owl:NamedIndividual	MBA:795	395	0.352994
WMB:CS20230722_SUBC_165	owl:NamedIndividual	MBA:614454277	63	0.056300
WMB:CS20230722_SUBC_166	owl:NamedIndividual	MBA:215	40	0.079208
WMB:CS20230722_SUBC_166	owl:NamedIndividual	MBA:313	109	0.215842
WMB:CS20230722_SUBC_166	owl:NamedIndividual	MBA:128	159	0.314851
WMB:CS20230722_SUBC_166	owl:NamedIndividual	MBA:795	51	0.100990
WMB:CS20230722_SUBC_166	owl:NamedIndividual	MBA:26	36	0.071287
WMB:CS20230722_SUBC_167	owl:NamedIndividual	MBA:215	82	0.053455
WMB:CS20230722_SUBC_167	owl:NamedIndividual	MBA:186	114	0.074316
WMB:CS20230722_SUBC_167	owl:NamedIndividual	MBA:313	372	0.242503
WMB:CS20230722_SUBC_167	owl:NamedIndividual	MBA:634	77	0.050196
WMB:CS20230722_SUBC_167	owl:NamedIndividual	MBA:795	113	0.073664
WMB:CS20230722_SUBC_167	owl:NamedIndividual	MBA:50	482	0.314211
WMB:CS20230722_SUBC_168	owl:NamedIndividual	MBA:313	911	0.188652
WMB:CS20230722_SUBC_168	owl:NamedIndividual	MBA:128	394	0.081590
WMB:CS20230722_SUBC_168	owl:NamedIndividual	MBA:609	442	0.091530
WMB:CS20230722_SUBC_168	owl:NamedIndividual	MBA:549	294	0.060882
WMB:CS20230722_SUBC_169	owl:NamedIndividual	MBA:820	228	0.069238
WMB:CS20230722_SUBC_169	owl:NamedIndividual	MBA:828	186	0.056483
WMB:CS20230722_SUBC_169	owl:NamedIndividual	MBA:313	516	0.156696
WMB:CS20230722_SUBC_169	owl:NamedIndividual	MBA:128	206	0.062557
WMB:CS20230722_SUBC_169	owl:NamedIndividual	MBA:795	836	0.253872
WMB:CS20230722_SUBC_169	owl:NamedIndividual	MBA:26	505	0.153356
WMB:CS20230722_SUBC_169	owl:NamedIndividual	MBA:42	182	0.055269
WMB:CS20230722_SUBC_169	owl:NamedIndividual	MBA:17	274	0.083207
WMB:CS20230722_SUBC_170	owl:NamedIndividual	MBA:313	194	0.148092
WMB:CS20230722_SUBC_170	owl:NamedIndividual	MBA:128	217	0.165649
WMB:CS20230722_SUBC_170	owl:NamedIndividual	MBA:795	728	0.555725
WMB:CS20230722_SUBC_171	owl:NamedIndividual	MBA:820	57	0.055340
WMB:CS20230722_SUBC_171	owl:NamedIndividual	MBA:313	162	0.157282
WMB:CS20230722_SUBC_171	owl:NamedIndividual	MBA:128	265	0.257282
WMB:CS20230722_SUBC_171	owl:NamedIndividual	MBA:795	413	0.400971
WMB:CS20230722_SUBC_172	owl:NamedIndividual	MBA:795	1765	0.884269
WMB:CS20230722_SUBC_173	owl:NamedIndividual	MBA:313	205	0.072902
WMB:CS20230722_SUBC_173	owl:NamedIndividual	MBA:795	1561	0.555121
WMB:CS20230722_SUBC_173	owl:NamedIndividual	MBA:26	437	0.155405
WMB:CS20230722_SUBC_173	owl:NamedIndividual	MBA:42	191	0.067923
WMB:CS20230722_SUBC_173	owl:NamedIndividual	MBA:17	170	0.060455
WMB:CS20230722_SUBC_174	owl:NamedIndividual	MBA:795	1147	0.770316
WMB:CS20230722_SUBC_174	owl:NamedIndividual	MBA:26	81	0.054399
WMB:CS20230722_SUBC_175	owl:NamedIndividual	MBA:26	145	0.090512
WMB:CS20230722_SUBC_175	owl:NamedIndividual	MBA:10	249	0.155431
WMB:CS20230722_SUBC_175	owl:NamedIndividual	MBA:17	165	0.102996
WMB:CS20230722_SUBC_175	owl:NamedIndividual	MBA:851	226	0.141074
WMB:CS20230722_SUBC_175	owl:NamedIndividual	MBA:842	542	0.338327
WMB:CS20230722_SUBC_176	owl:NamedIndividual	MBA:313	292	0.073018
WMB:CS20230722_SUBC_176	owl:NamedIndividual	MBA:26	505	0.126282
WMB:CS20230722_SUBC_176	owl:NamedIndividual	MBA:10	1518	0.379595
WMB:CS20230722_SUBC_176	owl:NamedIndividual	MBA:17	837	0.209302
WMB:CS20230722_SUBC_177	owl:NamedIndividual	MBA:215	451	0.228008
WMB:CS20230722_SUBC_177	owl:NamedIndividual	MBA:313	374	0.189080
WMB:CS20230722_SUBC_177	owl:NamedIndividual	MBA:628	159	0.080384
WMB:CS20230722_SUBC_177	owl:NamedIndividual	MBA:1061	381	0.192619
WMB:CS20230722_SUBC_177	owl:NamedIndividual	MBA:10	239	0.120829
WMB:CS20230722_SUBC_178	owl:NamedIndividual	MBA:820	25	0.098425
WMB:CS20230722_SUBC_178	owl:NamedIndividual	MBA:313	33	0.129921
WMB:CS20230722_SUBC_178	owl:NamedIndividual	MBA:10	100	0.393701
WMB:CS20230722_SUBC_178	owl:NamedIndividual	MBA:17	64	0.251969
WMB:CS20230722_SUBC_179	owl:NamedIndividual	MBA:795	321	0.350437
WMB:CS20230722_SUBC_179	owl:NamedIndividual	MBA:26	342	0.373362
WMB:CS20230722_SUBC_179	owl:NamedIndividual	MBA:42	102	0.111354
WMB:CS20230722_SUBC_179	owl:NamedIndividual	MBA:17	80	0.087336
WMB:CS20230722_SUBC_180	owl:NamedIndividual	MBA:313	198	0.097154
WMB:CS20230722_SUBC_180	owl:NamedIndividual	MBA:128	132	0.064769
WMB:CS20230722_SUBC_180	owl:NamedIndividual	MBA:10	371	0.182041
WMB:CS20230722_SUBC_180	owl:NamedIndividual	MBA:17	1108	0.543670
WMB:CS20230722_SUBC_181	owl:NamedIndividual	MBA:811	5903	0.189344
WMB:CS20230722_SUBC_181	owl:NamedIndividual	MBA:820	7776	0.249423
WMB:CS20230722_SUBC_181	owl:NamedIndividual	MBA:828	10524	0.337567
WMB:CS20230722_SUBC_181	owl:NamedIndividual	MBA:313	3250	0.104247
WMB:CS20230722_SUBC_182	owl:NamedIndividual	MBA:616	512	0.203255
WMB:CS20230722_SUBC_182	owl:NamedIndividual	MBA:313	416	0.165145
WMB:CS20230722_SUBC_182	owl:NamedIndividual	MBA:867	128	0.050814
WMB:CS20230722_SUBC_182	owl:NamedIndividual	MBA:1052	637	0.252878
WMB:CS20230722_SUBC_182	owl:NamedIndividual	MBA:271	179	0.071060
WMB:CS20230722_SUBC_183	owl:NamedIndividual	MBA:313	102	0.348123
WMB:CS20230722_SUBC_183	owl:NamedIndividual	MBA:874	119	0.406143
WMB:CS20230722_SUBC_183	owl:NamedIndividual	MBA:658	46	0.156997
WMB:CS20230722_SUBC_184	owl:NamedIndividual	MBA:1097	10	0.178571
WMB:CS20230722_SUBC_184	owl:NamedIndividual	MBA:313	8	0.142857
WMB:CS20230722_SUBC_184	owl:NamedIndividual	MBA:795	22	0.392857
WMB:CS20230722_SUBC_184	owl:NamedIndividual	MBA:609	5	0.089286
WMB:CS20230722_SUBC_184	owl:NamedIndividual	MBA:414	3	0.053571
WMB:CS20230722_SUBC_185	owl:NamedIndividual	MBA:313	52	0.052899
WMB:CS20230722_SUBC_185	owl:NamedIndividual	MBA:10	636	0.646999
WMB:CS20230722_SUBC_185	owl:NamedIndividual	MBA:17	73	0.074262
WMB:CS20230722_SUBC_185	owl:NamedIndividual	MBA:851	85	0.086470
WMB:CS20230722_SUBC_185	owl:NamedIndividual	MBA:842	79	0.080366
WMB:CS20230722_SUBC_186	owl:NamedIndividual	MBA:313	22	0.058201
WMB:CS20230722_SUBC_186	owl:NamedIndividual	MBA:26	21	0.055556
WMB:CS20230722_SUBC_186	owl:NamedIndividual	MBA:10	81	0.214286
WMB:CS20230722_SUBC_186	owl:NamedIndividual	MBA:17	31	0.082011
WMB:CS20230722_SUBC_186	owl:NamedIndividual	MBA:851	129	0.341270
WMB:CS20230722_SUBC_186	owl:NamedIndividual	MBA:842	67	0.177249
WMB:CS20230722_SUBC_187	owl:NamedIndividual	MBA:542	217	0.061613
WMB:CS20230722_SUBC_187	owl:NamedIndividual	MBA:851	220	0.062465
WMB:CS20230722_SUBC_187	owl:NamedIndividual	MBA:842	1483	0.421068
WMB:CS20230722_SUBC_187	owl:NamedIndividual	MBA:834	671	0.190517
WMB:CS20230722_SUBC_188	owl:NamedIndividual	MBA:10	366	0.288189
WMB:CS20230722_SUBC_188	owl:NamedIndividual	MBA:851	541	0.425984
WMB:CS20230722_SUBC_188	owl:NamedIndividual	MBA:842	264	0.207874
WMB:CS20230722_SUBC_189	owl:NamedIndividual	MBA:975	4	0.052632
WMB:CS20230722_SUBC_189	owl:NamedIndividual	MBA:313	34	0.447368
WMB:CS20230722_SUBC_189	owl:NamedIndividual	MBA:128	4	0.052632
WMB:CS20230722_SUBC_189	owl:NamedIndividual	MBA:795	4	0.052632
WMB:CS20230722_SUBC_189	owl:NamedIndividual	MBA:197	26	0.342105
WMB:CS20230722_SUBC_190	owl:NamedIndividual	MBA:313	143	0.377309
WMB:CS20230722_SUBC_190	owl:NamedIndividual	MBA:128	55	0.145119
WMB:CS20230722_SUBC_190	owl:NamedIndividual	MBA:587	46	0.121372
WMB:CS20230722_SUBC_190	owl:NamedIndividual	MBA:795	39	0.102902
WMB:CS20230722_SUBC_191	owl:NamedIndividual	MBA:313	12	0.137931
WMB:CS20230722_SUBC_191	owl:NamedIndividual	MBA:128	34	0.390805
WMB:CS20230722_SUBC_191	owl:NamedIndividual	MBA:795	33	0.379310
WMB:CS20230722_SUBC_192	owl:NamedIndividual	MBA:313	505	0.355134
WMB:CS20230722_SUBC_192	owl:NamedIndividual	MBA:612	109	0.076653
WMB:CS20230722_SUBC_192	owl:NamedIndividual	MBA:771	103	0.072433
WMB:CS20230722_SUBC_192	owl:NamedIndividual	MBA:1052	249	0.175105
WMB:CS20230722_SUBC_192	owl:NamedIndividual	MBA:658	112	0.078762
WMB:CS20230722_SUBC_193	owl:NamedIndividual	MBA:313	61	0.133772
WMB:CS20230722_SUBC_193	owl:NamedIndividual	MBA:128	70	0.153509
WMB:CS20230722_SUBC_193	owl:NamedIndividual	MBA:795	82	0.179825
WMB:CS20230722_SUBC_193	owl:NamedIndividual	MBA:1052	72	0.157895
WMB:CS20230722_SUBC_193	owl:NamedIndividual	MBA:146	31	0.067982
WMB:CS20230722_SUBC_193	owl:NamedIndividual	MBA:326	25	0.054825
WMB:CS20230722_SUBC_194	owl:NamedIndividual	MBA:313	91	0.095789
WMB:CS20230722_SUBC_194	owl:NamedIndividual	MBA:128	263	0.276842
WMB:CS20230722_SUBC_194	owl:NamedIndividual	MBA:795	170	0.178947
WMB:CS20230722_SUBC_194	owl:NamedIndividual	MBA:1052	153	0.161053
WMB:CS20230722_SUBC_194	owl:NamedIndividual	MBA:146	49	0.051579
WMB:CS20230722_SUBC_195	owl:NamedIndividual	MBA:313	204	0.117647
WMB:CS20230722_SUBC_195	owl:NamedIndividual	MBA:128	145	0.083622
WMB:CS20230722_SUBC_195	owl:NamedIndividual	MBA:374	100	0.057670
WMB:CS20230722_SUBC_195	owl:NamedIndividual	MBA:381	701	0.404268
WMB:CS20230722_SUBC_195	owl:NamedIndividual	MBA:924	93	0.053633
WMB:CS20230722_SUBC_196	owl:NamedIndividual	MBA:313	140	0.120172
WMB:CS20230722_SUBC_196	owl:NamedIndividual	MBA:128	170	0.145923
WMB:CS20230722_SUBC_196	owl:NamedIndividual	MBA:795	457	0.392275
WMB:CS20230722_SUBC_196	owl:NamedIndividual	MBA:1052	111	0.095279
WMB:CS20230722_SUBC_197	owl:NamedIndividual	MBA:1022	276	0.086169
WMB:CS20230722_SUBC_197	owl:NamedIndividual	MBA:313	223	0.069622
WMB:CS20230722_SUBC_197	owl:NamedIndividual	MBA:128	459	0.143303
WMB:CS20230722_SUBC_197	owl:NamedIndividual	MBA:381	650	0.202935
WMB:CS20230722_SUBC_197	owl:NamedIndividual	MBA:797	264	0.082423
WMB:CS20230722_SUBC_197	owl:NamedIndividual	MBA:924	166	0.051826
WMB:CS20230722_SUBC_198	owl:NamedIndividual	MBA:616	646	0.075283
WMB:CS20230722_SUBC_198	owl:NamedIndividual	MBA:811	802	0.093462
WMB:CS20230722_SUBC_198	owl:NamedIndividual	MBA:820	757	0.088218
WMB:CS20230722_SUBC_198	owl:NamedIndividual	MBA:828	1623	0.189139
WMB:CS20230722_SUBC_198	owl:NamedIndividual	MBA:313	1648	0.192052
WMB:CS20230722_SUBC_198	owl:NamedIndividual	MBA:128	1264	0.147302
WMB:CS20230722_SUBC_199	owl:NamedIndividual	MBA:313	155	0.134432
WMB:CS20230722_SUBC_199	owl:NamedIndividual	MBA:128	265	0.229835
WMB:CS20230722_SUBC_199	owl:NamedIndividual	MBA:795	403	0.349523
WMB:CS20230722_SUBC_199	owl:NamedIndividual	MBA:214	107	0.092801
WMB:CS20230722_SUBC_200	owl:NamedIndividual	MBA:880	228	0.168889
WMB:CS20230722_SUBC_200	owl:NamedIndividual	MBA:128	120	0.088889
WMB:CS20230722_SUBC_200	owl:NamedIndividual	MBA:771	84	0.062222
WMB:CS20230722_SUBC_200	owl:NamedIndividual	MBA:795	175	0.129630
WMB:CS20230722_SUBC_200	owl:NamedIndividual	MBA:898	156	0.115556
WMB:CS20230722_SUBC_201	owl:NamedIndividual	MBA:313	156	0.077573
WMB:CS20230722_SUBC_201	owl:NamedIndividual	MBA:128	547	0.272004
WMB:CS20230722_SUBC_201	owl:NamedIndividual	MBA:795	832	0.413725
WMB:CS20230722_SUBC_201	owl:NamedIndividual	MBA:214	187	0.092989
WMB:CS20230722_SUBC_202	owl:NamedIndividual	MBA:215	1128	0.334619
WMB:CS20230722_SUBC_202	owl:NamedIndividual	MBA:313	998	0.296055
WMB:CS20230722_SUBC_202	owl:NamedIndividual	MBA:128	427	0.126669
WMB:CS20230722_SUBC_203	owl:NamedIndividual	MBA:1097	119	0.055220
WMB:CS20230722_SUBC_203	owl:NamedIndividual	MBA:178	385	0.178654
WMB:CS20230722_SUBC_203	owl:NamedIndividual	MBA:313	313	0.145244
WMB:CS20230722_SUBC_203	owl:NamedIndividual	MBA:797	282	0.130858
WMB:CS20230722_SUBC_203	owl:NamedIndividual	MBA:1009	187	0.086775
WMB:CS20230722_SUBC_204	owl:NamedIndividual	MBA:313	29	0.076720
WMB:CS20230722_SUBC_204	owl:NamedIndividual	MBA:851	40	0.105820
WMB:CS20230722_SUBC_204	owl:NamedIndividual	MBA:842	184	0.486772
WMB:CS20230722_SUBC_204	owl:NamedIndividual	MBA:834	29	0.076720
WMB:CS20230722_SUBC_205	owl:NamedIndividual	MBA:313	336	0.076001
WMB:CS20230722_SUBC_205	owl:NamedIndividual	MBA:795	621	0.140466
WMB:CS20230722_SUBC_205	owl:NamedIndividual	MBA:26	772	0.174621
WMB:CS20230722_SUBC_205	owl:NamedIndividual	MBA:10	710	0.160597
WMB:CS20230722_SUBC_205	owl:NamedIndividual	MBA:17	1078	0.243836
WMB:CS20230722_SUBC_206	owl:NamedIndividual	MBA:313	196	0.099190
WMB:CS20230722_SUBC_206	owl:NamedIndividual	MBA:795	572	0.289474
WMB:CS20230722_SUBC_206	owl:NamedIndividual	MBA:26	268	0.135628
WMB:CS20230722_SUBC_206	owl:NamedIndividual	MBA:10	204	0.103239
WMB:CS20230722_SUBC_206	owl:NamedIndividual	MBA:17	439	0.222166
WMB:CS20230722_SUBC_207	owl:NamedIndividual	MBA:313	274	0.056390
WMB:CS20230722_SUBC_207	owl:NamedIndividual	MBA:10	805	0.165672
WMB:CS20230722_SUBC_207	owl:NamedIndividual	MBA:17	445	0.091583
WMB:CS20230722_SUBC_207	owl:NamedIndividual	MBA:851	515	0.105989
WMB:CS20230722_SUBC_207	owl:NamedIndividual	MBA:842	1604	0.330109
WMB:CS20230722_SUBC_207	owl:NamedIndividual	MBA:834	288	0.059271
WMB:CS20230722_SUBC_208	owl:NamedIndividual	MBA:313	106	0.056684
WMB:CS20230722_SUBC_208	owl:NamedIndividual	MBA:10	194	0.103743
WMB:CS20230722_SUBC_208	owl:NamedIndividual	MBA:17	104	0.055615
WMB:CS20230722_SUBC_208	owl:NamedIndividual	MBA:851	172	0.091979
WMB:CS20230722_SUBC_208	owl:NamedIndividual	MBA:842	735	0.393048
WMB:CS20230722_SUBC_208	owl:NamedIndividual	MBA:834	182	0.097326
WMB:CS20230722_SUBC_209	owl:NamedIndividual	MBA:313	210	0.063177
WMB:CS20230722_SUBC_209	owl:NamedIndividual	MBA:10	574	0.172684
WMB:CS20230722_SUBC_209	owl:NamedIndividual	MBA:17	245	0.073706
WMB:CS20230722_SUBC_209	owl:NamedIndividual	MBA:851	627	0.188628
WMB:CS20230722_SUBC_209	owl:NamedIndividual	MBA:842	1148	0.345367
WMB:CS20230722_SUBC_210	owl:NamedIndividual	MBA:215	216	0.347267
WMB:CS20230722_SUBC_210	owl:NamedIndividual	MBA:313	149	0.239550
WMB:CS20230722_SUBC_210	owl:NamedIndividual	MBA:128	37	0.059486
WMB:CS20230722_SUBC_210	owl:NamedIndividual	MBA:634	56	0.090032
WMB:CS20230722_SUBC_211	owl:NamedIndividual	MBA:313	128	0.098160
WMB:CS20230722_SUBC_211	owl:NamedIndividual	MBA:10	348	0.266871
WMB:CS20230722_SUBC_211	owl:NamedIndividual	MBA:17	237	0.181748
WMB:CS20230722_SUBC_211	owl:NamedIndividual	MBA:851	81	0.062117
WMB:CS20230722_SUBC_211	owl:NamedIndividual	MBA:842	271	0.207822
WMB:CS20230722_SUBC_212	owl:NamedIndividual	MBA:313	102	0.052905
WMB:CS20230722_SUBC_212	owl:NamedIndividual	MBA:10	669	0.346992
WMB:CS20230722_SUBC_212	owl:NamedIndividual	MBA:17	465	0.241183
WMB:CS20230722_SUBC_212	owl:NamedIndividual	MBA:851	195	0.101141
WMB:CS20230722_SUBC_212	owl:NamedIndividual	MBA:842	329	0.170643
WMB:CS20230722_SUBC_213	owl:NamedIndividual	MBA:542	210	0.051929
WMB:CS20230722_SUBC_213	owl:NamedIndividual	MBA:842	1622	0.401088
WMB:CS20230722_SUBC_213	owl:NamedIndividual	MBA:834	601	0.148615
WMB:CS20230722_SUBC_214	owl:NamedIndividual	MBA:607344838	144	0.252189
WMB:CS20230722_SUBC_214	owl:NamedIndividual	MBA:607344858	38	0.066550
WMB:CS20230722_SUBC_214	owl:NamedIndividual	MBA:607344850	33	0.057793
WMB:CS20230722_SUBC_214	owl:NamedIndividual	MBA:607344834	137	0.239930
WMB:CS20230722_SUBC_214	owl:NamedIndividual	MBA:313	52	0.091068
WMB:CS20230722_SUBC_214	owl:NamedIndividual	MBA:771	32	0.056042
WMB:CS20230722_SUBC_214	owl:NamedIndividual	MBA:931	40	0.070053
WMB:CS20230722_SUBC_215	owl:NamedIndividual	MBA:12	230	0.056442
WMB:CS20230722_SUBC_215	owl:NamedIndividual	MBA:313	1334	0.327362
WMB:CS20230722_SUBC_215	owl:NamedIndividual	MBA:374	230	0.056442
WMB:CS20230722_SUBC_215	owl:NamedIndividual	MBA:381	270	0.066258
WMB:CS20230722_SUBC_215	owl:NamedIndividual	MBA:749	646	0.158528
WMB:CS20230722_SUBC_216	owl:NamedIndividual	MBA:679	239	0.079640
WMB:CS20230722_SUBC_216	owl:NamedIndividual	MBA:872	538	0.179274
WMB:CS20230722_SUBC_216	owl:NamedIndividual	MBA:313	186	0.061979
WMB:CS20230722_SUBC_216	owl:NamedIndividual	MBA:354	198	0.065978
WMB:CS20230722_SUBC_216	owl:NamedIndividual	MBA:771	336	0.111963
WMB:CS20230722_SUBC_216	owl:NamedIndividual	MBA:795	318	0.105965
WMB:CS20230722_SUBC_217	owl:NamedIndividual	MBA:984	182	0.087207
WMB:CS20230722_SUBC_217	owl:NamedIndividual	MBA:771	173	0.082894
WMB:CS20230722_SUBC_217	owl:NamedIndividual	MBA:867	1076	0.515573
WMB:CS20230722_SUBC_217	owl:NamedIndividual	MBA:326	207	0.099185
WMB:CS20230722_SUBC_218	owl:NamedIndividual	MBA:123	20	0.112994
WMB:CS20230722_SUBC_218	owl:NamedIndividual	MBA:202	9	0.050847
WMB:CS20230722_SUBC_218	owl:NamedIndividual	MBA:771	23	0.129944
WMB:CS20230722_SUBC_218	owl:NamedIndividual	MBA:7	85	0.480226
WMB:CS20230722_SUBC_219	owl:NamedIndividual	MBA:771	33	0.264000
WMB:CS20230722_SUBC_219	owl:NamedIndividual	MBA:867	74	0.592000
WMB:CS20230722_SUBC_220	owl:NamedIndividual	MBA:162	42	0.080153
WMB:CS20230722_SUBC_220	owl:NamedIndividual	MBA:771	83	0.158397
WMB:CS20230722_SUBC_220	owl:NamedIndividual	MBA:795	35	0.066794
WMB:CS20230722_SUBC_220	owl:NamedIndividual	MBA:867	211	0.402672
WMB:CS20230722_SUBC_221	owl:NamedIndividual	MBA:162	173	0.096756
WMB:CS20230722_SUBC_221	owl:NamedIndividual	MBA:128	113	0.063199
WMB:CS20230722_SUBC_221	owl:NamedIndividual	MBA:795	325	0.181767
WMB:CS20230722_SUBC_221	owl:NamedIndividual	MBA:898	359	0.200783
WMB:CS20230722_SUBC_221	owl:NamedIndividual	MBA:1052	162	0.090604
WMB:CS20230722_SUBC_221	owl:NamedIndividual	MBA:1093	96	0.053691
WMB:CS20230722_SUBC_221	owl:NamedIndividual	MBA:146	95	0.053132
WMB:CS20230722_SUBC_222	owl:NamedIndividual	MBA:771	337	0.078923
WMB:CS20230722_SUBC_222	owl:NamedIndividual	MBA:867	1578	0.369555
WMB:CS20230722_SUBC_222	owl:NamedIndividual	MBA:1052	219	0.051288
WMB:CS20230722_SUBC_222	owl:NamedIndividual	MBA:326	224	0.052459
WMB:CS20230722_SUBC_223	owl:NamedIndividual	MBA:280	41	0.135762
WMB:CS20230722_SUBC_223	owl:NamedIndividual	MBA:771	62	0.205298
WMB:CS20230722_SUBC_223	owl:NamedIndividual	MBA:867	22	0.072848
WMB:CS20230722_SUBC_223	owl:NamedIndividual	MBA:898	51	0.168874
WMB:CS20230722_SUBC_223	owl:NamedIndividual	MBA:1093	17	0.056291
WMB:CS20230722_SUBC_223	owl:NamedIndividual	MBA:146	33	0.109272
WMB:CS20230722_SUBC_224	owl:NamedIndividual	MBA:679	88	0.061026
WMB:CS20230722_SUBC_224	owl:NamedIndividual	MBA:1048	73	0.050624
WMB:CS20230722_SUBC_224	owl:NamedIndividual	MBA:128	92	0.063800
WMB:CS20230722_SUBC_224	owl:NamedIndividual	MBA:771	115	0.079750
WMB:CS20230722_SUBC_224	owl:NamedIndividual	MBA:898	131	0.090846
WMB:CS20230722_SUBC_224	owl:NamedIndividual	MBA:1093	244	0.169209
WMB:CS20230722_SUBC_224	owl:NamedIndividual	MBA:146	285	0.197642
WMB:CS20230722_SUBC_225	owl:NamedIndividual	MBA:679	62	0.118774
WMB:CS20230722_SUBC_225	owl:NamedIndividual	MBA:771	106	0.203065
WMB:CS20230722_SUBC_225	owl:NamedIndividual	MBA:898	32	0.061303
WMB:CS20230722_SUBC_225	owl:NamedIndividual	MBA:1093	133	0.254789
WMB:CS20230722_SUBC_225	owl:NamedIndividual	MBA:318	27	0.051724
WMB:CS20230722_SUBC_226	owl:NamedIndividual	MBA:202	35	0.100865
WMB:CS20230722_SUBC_226	owl:NamedIndividual	MBA:771	66	0.190202
WMB:CS20230722_SUBC_226	owl:NamedIndividual	MBA:852	63	0.181556
WMB:CS20230722_SUBC_226	owl:NamedIndividual	MBA:1093	82	0.236311
WMB:CS20230722_SUBC_226	owl:NamedIndividual	MBA:7	24	0.069164
WMB:CS20230722_SUBC_227	owl:NamedIndividual	MBA:123	9	0.073171
WMB:CS20230722_SUBC_227	owl:NamedIndividual	MBA:771	20	0.162602
WMB:CS20230722_SUBC_227	owl:NamedIndividual	MBA:549009215	10	0.081301
WMB:CS20230722_SUBC_227	owl:NamedIndividual	MBA:867	23	0.186992
WMB:CS20230722_SUBC_227	owl:NamedIndividual	MBA:534	17	0.138211
WMB:CS20230722_SUBC_227	owl:NamedIndividual	MBA:728	11	0.089431
WMB:CS20230722_SUBC_227	owl:NamedIndividual	MBA:326	13	0.105691
WMB:CS20230722_SUBC_228	owl:NamedIndividual	MBA:771	346	0.085243
WMB:CS20230722_SUBC_228	owl:NamedIndividual	MBA:7	2559	0.630451
WMB:CS20230722_SUBC_228	owl:NamedIndividual	MBA:229	256	0.063070
WMB:CS20230722_SUBC_229	owl:NamedIndividual	MBA:771	128	0.165803
WMB:CS20230722_SUBC_229	owl:NamedIndividual	MBA:852	43	0.055699
WMB:CS20230722_SUBC_229	owl:NamedIndividual	MBA:867	279	0.361399
WMB:CS20230722_SUBC_229	owl:NamedIndividual	MBA:225	58	0.075130
WMB:CS20230722_SUBC_229	owl:NamedIndividual	MBA:534	100	0.129534
WMB:CS20230722_SUBC_230	owl:NamedIndividual	MBA:136	24	0.085409
WMB:CS20230722_SUBC_230	owl:NamedIndividual	MBA:771	18	0.064057
WMB:CS20230722_SUBC_230	owl:NamedIndividual	MBA:1093	31	0.110320
WMB:CS20230722_SUBC_230	owl:NamedIndividual	MBA:146	127	0.451957
WMB:CS20230722_SUBC_230	owl:NamedIndividual	MBA:574	33	0.117438
WMB:CS20230722_SUBC_231	owl:NamedIndividual	MBA:607344834	62	0.161880
WMB:CS20230722_SUBC_231	owl:NamedIndividual	MBA:313	67	0.174935
WMB:CS20230722_SUBC_231	owl:NamedIndividual	MBA:795	85	0.221932
WMB:CS20230722_SUBC_231	owl:NamedIndividual	MBA:1052	35	0.091384
WMB:CS20230722_SUBC_232	owl:NamedIndividual	MBA:128	14	0.059072
WMB:CS20230722_SUBC_232	owl:NamedIndividual	MBA:795	194	0.818565
WMB:CS20230722_SUBC_233	owl:NamedIndividual	MBA:612	186	0.138599
WMB:CS20230722_SUBC_233	owl:NamedIndividual	MBA:771	175	0.130402
WMB:CS20230722_SUBC_233	owl:NamedIndividual	MBA:122	115	0.085693
WMB:CS20230722_SUBC_233	owl:NamedIndividual	MBA:114	299	0.222802
WMB:CS20230722_SUBC_233	owl:NamedIndividual	MBA:658	68	0.050671
WMB:CS20230722_SUBC_234	owl:NamedIndividual	MBA:512	11	0.072848
WMB:CS20230722_SUBC_234	owl:NamedIndividual	MBA:202	10	0.066225
WMB:CS20230722_SUBC_234	owl:NamedIndividual	MBA:771	15	0.099338
WMB:CS20230722_SUBC_234	owl:NamedIndividual	MBA:795	44	0.291391
WMB:CS20230722_SUBC_234	owl:NamedIndividual	MBA:867	46	0.304636
WMB:CS20230722_SUBC_234	owl:NamedIndividual	MBA:326	10	0.066225
WMB:CS20230722_SUBC_235	owl:NamedIndividual	MBA:771	3405	0.248922
WMB:CS20230722_SUBC_235	owl:NamedIndividual	MBA:931	3342	0.244316
WMB:CS20230722_SUBC_235	owl:NamedIndividual	MBA:574	1326	0.096937
WMB:CS20230722_SUBC_236	owl:NamedIndividual	MBA:136	69	0.734043
WMB:CS20230722_SUBC_236	owl:NamedIndividual	MBA:651	7	0.074468
WMB:CS20230722_SUBC_236	owl:NamedIndividual	MBA:852	13	0.138298
WMB:CS20230722_SUBC_237	owl:NamedIndividual	MBA:679	66	0.071739
WMB:CS20230722_SUBC_237	owl:NamedIndividual	MBA:1048	84	0.091304
WMB:CS20230722_SUBC_237	owl:NamedIndividual	MBA:202	68	0.073913
WMB:CS20230722_SUBC_237	owl:NamedIndividual	MBA:771	91	0.098913
WMB:CS20230722_SUBC_237	owl:NamedIndividual	MBA:898	58	0.063043
WMB:CS20230722_SUBC_237	owl:NamedIndividual	MBA:1093	123	0.133696
WMB:CS20230722_SUBC_237	owl:NamedIndividual	MBA:146	102	0.110870
WMB:CS20230722_SUBC_237	owl:NamedIndividual	MBA:574	86	0.093478
WMB:CS20230722_SUBC_238	owl:NamedIndividual	MBA:136	197	0.089302
WMB:CS20230722_SUBC_238	owl:NamedIndividual	MBA:202	239	0.108341
WMB:CS20230722_SUBC_238	owl:NamedIndividual	MBA:354	152	0.068903
WMB:CS20230722_SUBC_238	owl:NamedIndividual	MBA:651	749	0.339529
WMB:CS20230722_SUBC_238	owl:NamedIndividual	MBA:852	258	0.116954
WMB:CS20230722_SUBC_238	owl:NamedIndividual	MBA:225	244	0.110607
WMB:CS20230722_SUBC_239	owl:NamedIndividual	MBA:1048	37	0.596774
WMB:CS20230722_SUBC_239	owl:NamedIndividual	MBA:307	16	0.258065
WMB:CS20230722_SUBC_239	owl:NamedIndividual	MBA:206	4	0.064516
WMB:CS20230722_SUBC_240	owl:NamedIndividual	MBA:1048	8	0.666667
WMB:CS20230722_SUBC_240	owl:NamedIndividual	MBA:1107	2	0.166667
WMB:CS20230722_SUBC_240	owl:NamedIndividual	MBA:978	1	0.083333
WMB:CS20230722_SUBC_240	owl:NamedIndividual	MBA:146	1	0.083333
WMB:CS20230722_SUBC_241	owl:NamedIndividual	MBA:651	10	0.250000
WMB:CS20230722_SUBC_241	owl:NamedIndividual	MBA:437	27	0.675000
WMB:CS20230722_SUBC_242	owl:NamedIndividual	MBA:136	20	0.173913
WMB:CS20230722_SUBC_242	owl:NamedIndividual	MBA:354	8	0.069565
WMB:CS20230722_SUBC_242	owl:NamedIndividual	MBA:970	21	0.182609
WMB:CS20230722_SUBC_242	owl:NamedIndividual	MBA:169	33	0.286957
WMB:CS20230722_SUBC_242	owl:NamedIndividual	MBA:145	16	0.139130
WMB:CS20230722_SUBC_242	owl:NamedIndividual	MBA:62	6	0.052174
WMB:CS20230722_SUBC_243	owl:NamedIndividual	MBA:1048	687	0.072545
WMB:CS20230722_SUBC_243	owl:NamedIndividual	MBA:136	729	0.076980
WMB:CS20230722_SUBC_243	owl:NamedIndividual	MBA:128	531	0.056072
WMB:CS20230722_SUBC_243	owl:NamedIndividual	MBA:852	934	0.098627
WMB:CS20230722_SUBC_243	owl:NamedIndividual	MBA:1093	785	0.082893
WMB:CS20230722_SUBC_243	owl:NamedIndividual	MBA:146	578	0.061035
WMB:CS20230722_SUBC_244	owl:NamedIndividual	MBA:202	75	0.283019
WMB:CS20230722_SUBC_244	owl:NamedIndividual	MBA:354	37	0.139623
WMB:CS20230722_SUBC_244	owl:NamedIndividual	MBA:968	21	0.079245
WMB:CS20230722_SUBC_244	owl:NamedIndividual	MBA:852	16	0.060377
WMB:CS20230722_SUBC_244	owl:NamedIndividual	MBA:225	47	0.177358
WMB:CS20230722_SUBC_245	owl:NamedIndividual	MBA:1033	88	0.074012
WMB:CS20230722_SUBC_245	owl:NamedIndividual	MBA:354	83	0.069807
WMB:CS20230722_SUBC_245	owl:NamedIndividual	MBA:651	63	0.052986
WMB:CS20230722_SUBC_245	owl:NamedIndividual	MBA:852	179	0.150547
WMB:CS20230722_SUBC_245	owl:NamedIndividual	MBA:437	444	0.373423
WMB:CS20230722_SUBC_246	owl:NamedIndividual	MBA:354	154	0.095474
WMB:CS20230722_SUBC_246	owl:NamedIndividual	MBA:437	516	0.319901
WMB:CS20230722_SUBC_246	owl:NamedIndividual	MBA:445	143	0.088655
WMB:CS20230722_SUBC_246	owl:NamedIndividual	MBA:229	113	0.070056
WMB:CS20230722_SUBC_247	owl:NamedIndividual	MBA:202	287	0.471264
WMB:CS20230722_SUBC_247	owl:NamedIndividual	MBA:354	32	0.052545
WMB:CS20230722_SUBC_247	owl:NamedIndividual	MBA:852	35	0.057471
WMB:CS20230722_SUBC_247	owl:NamedIndividual	MBA:1093	35	0.057471
WMB:CS20230722_SUBC_247	owl:NamedIndividual	MBA:225	55	0.090312
WMB:CS20230722_SUBC_248	owl:NamedIndividual	MBA:202	632	0.513821
WMB:CS20230722_SUBC_248	owl:NamedIndividual	MBA:225	120	0.097561
WMB:CS20230722_SUBC_248	owl:NamedIndividual	MBA:145	142	0.115447
WMB:CS20230722_SUBC_248	owl:NamedIndividual	MBA:108	74	0.060163
WMB:CS20230722_SUBC_249	owl:NamedIndividual	MBA:651	1	0.500000
WMB:CS20230722_SUBC_249	owl:NamedIndividual	MBA:852	1	0.500000
WMB:CS20230722_SUBC_250	owl:NamedIndividual	MBA:512	98	0.057176
WMB:CS20230722_SUBC_250	owl:NamedIndividual	MBA:846	89	0.051925
WMB:CS20230722_SUBC_250	owl:NamedIndividual	MBA:989	214	0.124854
WMB:CS20230722_SUBC_250	owl:NamedIndividual	MBA:91	358	0.208868
WMB:CS20230722_SUBC_250	owl:NamedIndividual	MBA:202	88	0.051342
WMB:CS20230722_SUBC_250	owl:NamedIndividual	MBA:728	518	0.302217
WMB:CS20230722_SUBC_251	owl:NamedIndividual	MBA:651	106	0.113127
WMB:CS20230722_SUBC_251	owl:NamedIndividual	MBA:771	143	0.152615
WMB:CS20230722_SUBC_251	owl:NamedIndividual	MBA:867	122	0.130203
WMB:CS20230722_SUBC_251	owl:NamedIndividual	MBA:978	56	0.059765
WMB:CS20230722_SUBC_252	owl:NamedIndividual	MBA:839	47	0.119289
WMB:CS20230722_SUBC_252	owl:NamedIndividual	MBA:202	38	0.096447
WMB:CS20230722_SUBC_252	owl:NamedIndividual	MBA:651	131	0.332487
WMB:CS20230722_SUBC_252	owl:NamedIndividual	MBA:852	63	0.159898
WMB:CS20230722_SUBC_252	owl:NamedIndividual	MBA:114	38	0.096447
WMB:CS20230722_SUBC_252	owl:NamedIndividual	MBA:661	22	0.055838
WMB:CS20230722_SUBC_253	owl:NamedIndividual	MBA:83	883	0.472698
WMB:CS20230722_SUBC_253	owl:NamedIndividual	MBA:354	644	0.344754
WMB:CS20230722_SUBC_253	owl:NamedIndividual	MBA:190	207	0.110814
WMB:CS20230722_SUBC_254	owl:NamedIndividual	MBA:96	270	0.087013
WMB:CS20230722_SUBC_254	owl:NamedIndividual	MBA:1049	892	0.287464
WMB:CS20230722_SUBC_254	owl:NamedIndividual	MBA:101	1090	0.351273
WMB:CS20230722_SUBC_255	owl:NamedIndividual	MBA:354	47	0.082746
WMB:CS20230722_SUBC_255	owl:NamedIndividual	MBA:7	42	0.073944
WMB:CS20230722_SUBC_255	owl:NamedIndividual	MBA:437	33	0.058099
WMB:CS20230722_SUBC_255	owl:NamedIndividual	MBA:445	315	0.554577
WMB:CS20230722_SUBC_255	owl:NamedIndividual	MBA:229	100	0.176056
WMB:CS20230722_SUBC_256	owl:NamedIndividual	MBA:589508451	21	0.139073
WMB:CS20230722_SUBC_256	owl:NamedIndividual	MBA:437	98	0.649007
WMB:CS20230722_SUBC_256	owl:NamedIndividual	MBA:445	11	0.072848
WMB:CS20230722_SUBC_256	owl:NamedIndividual	MBA:229	11	0.072848
WMB:CS20230722_SUBC_257	owl:NamedIndividual	MBA:512	2	0.095238
WMB:CS20230722_SUBC_257	owl:NamedIndividual	MBA:589508451	7	0.333333
WMB:CS20230722_SUBC_257	owl:NamedIndividual	MBA:437	3	0.142857
WMB:CS20230722_SUBC_257	owl:NamedIndividual	MBA:229	2	0.095238
WMB:CS20230722_SUBC_258	owl:NamedIndividual	MBA:354	3	0.250000
WMB:CS20230722_SUBC_258	owl:NamedIndividual	MBA:589508451	1	0.083333
WMB:CS20230722_SUBC_258	owl:NamedIndividual	MBA:437	6	0.500000
WMB:CS20230722_SUBC_258	owl:NamedIndividual	MBA:229	1	0.083333
WMB:CS20230722_SUBC_259	owl:NamedIndividual	MBA:354	12	0.134831
WMB:CS20230722_SUBC_259	owl:NamedIndividual	MBA:651	16	0.179775
WMB:CS20230722_SUBC_259	owl:NamedIndividual	MBA:225	5	0.056180
WMB:CS20230722_SUBC_259	owl:NamedIndividual	MBA:437	53	0.595506
WMB:CS20230722_SUBC_260	owl:NamedIndividual	MBA:1048	2	0.133333
WMB:CS20230722_SUBC_260	owl:NamedIndividual	MBA:136	2	0.133333
WMB:CS20230722_SUBC_260	owl:NamedIndividual	MBA:955	2	0.133333
WMB:CS20230722_SUBC_260	owl:NamedIndividual	MBA:177	1	0.066667
WMB:CS20230722_SUBC_260	owl:NamedIndividual	MBA:651	3	0.200000
WMB:CS20230722_SUBC_260	owl:NamedIndividual	MBA:852	2	0.133333
WMB:CS20230722_SUBC_260	owl:NamedIndividual	MBA:773	3	0.200000
WMB:CS20230722_SUBC_261	owl:NamedIndividual	MBA:136	119	0.065529
WMB:CS20230722_SUBC_261	owl:NamedIndividual	MBA:852	110	0.060573
WMB:CS20230722_SUBC_261	owl:NamedIndividual	MBA:621	389	0.214207
WMB:CS20230722_SUBC_261	owl:NamedIndividual	MBA:661	578	0.318282
WMB:CS20230722_SUBC_262	owl:NamedIndividual	MBA:129	8	0.380952
WMB:CS20230722_SUBC_263	owl:NamedIndividual	MBA:679	593	0.456505
WMB:CS20230722_SUBC_263	owl:NamedIndividual	MBA:771	215	0.165512
WMB:CS20230722_SUBC_263	owl:NamedIndividual	MBA:574	86	0.066205
WMB:CS20230722_SUBC_264	owl:NamedIndividual	MBA:771	272	0.084603
WMB:CS20230722_SUBC_264	owl:NamedIndividual	MBA:1093	632	0.196579
WMB:CS20230722_SUBC_264	owl:NamedIndividual	MBA:146	1058	0.329082
WMB:CS20230722_SUBC_264	owl:NamedIndividual	MBA:574	377	0.117263
WMB:CS20230722_SUBC_265	owl:NamedIndividual	MBA:976	25	0.074627
WMB:CS20230722_SUBC_265	owl:NamedIndividual	MBA:202	20	0.059701
WMB:CS20230722_SUBC_265	owl:NamedIndividual	MBA:771	63	0.188060
WMB:CS20230722_SUBC_265	owl:NamedIndividual	MBA:867	76	0.226866
WMB:CS20230722_SUBC_265	owl:NamedIndividual	MBA:7	24	0.071642
WMB:CS20230722_SUBC_266	owl:NamedIndividual	MBA:136	33	0.184358
WMB:CS20230722_SUBC_266	owl:NamedIndividual	MBA:771	22	0.122905
WMB:CS20230722_SUBC_266	owl:NamedIndividual	MBA:1093	77	0.430168
WMB:CS20230722_SUBC_266	owl:NamedIndividual	MBA:661	12	0.067039
WMB:CS20230722_SUBC_267	owl:NamedIndividual	MBA:679	207	0.222342
WMB:CS20230722_SUBC_267	owl:NamedIndividual	MBA:313	57	0.061224
WMB:CS20230722_SUBC_267	owl:NamedIndividual	MBA:128	59	0.063373
WMB:CS20230722_SUBC_267	owl:NamedIndividual	MBA:771	113	0.121375
WMB:CS20230722_SUBC_267	owl:NamedIndividual	MBA:898	53	0.056928
WMB:CS20230722_SUBC_267	owl:NamedIndividual	MBA:146	237	0.254565
WMB:CS20230722_SUBC_268	owl:NamedIndividual	MBA:313	200	0.154919
WMB:CS20230722_SUBC_268	owl:NamedIndividual	MBA:128	99	0.076685
WMB:CS20230722_SUBC_268	owl:NamedIndividual	MBA:771	83	0.064291
WMB:CS20230722_SUBC_268	owl:NamedIndividual	MBA:795	81	0.062742
WMB:CS20230722_SUBC_268	owl:NamedIndividual	MBA:146	285	0.220759
WMB:CS20230722_SUBC_269	owl:NamedIndividual	MBA:140	6	0.053571
WMB:CS20230722_SUBC_269	owl:NamedIndividual	MBA:162	11	0.098214
WMB:CS20230722_SUBC_269	owl:NamedIndividual	MBA:795	57	0.508929
WMB:CS20230722_SUBC_269	owl:NamedIndividual	MBA:898	14	0.125000
WMB:CS20230722_SUBC_269	owl:NamedIndividual	MBA:1052	10	0.089286
WMB:CS20230722_SUBC_270	owl:NamedIndividual	MBA:679	49	0.057243
WMB:CS20230722_SUBC_270	owl:NamedIndividual	MBA:880	59	0.068925
WMB:CS20230722_SUBC_270	owl:NamedIndividual	MBA:162	75	0.087617
WMB:CS20230722_SUBC_270	owl:NamedIndividual	MBA:313	51	0.059579
WMB:CS20230722_SUBC_270	owl:NamedIndividual	MBA:128	100	0.116822
WMB:CS20230722_SUBC_270	owl:NamedIndividual	MBA:771	104	0.121495
WMB:CS20230722_SUBC_270	owl:NamedIndividual	MBA:795	73	0.085280
WMB:CS20230722_SUBC_270	owl:NamedIndividual	MBA:898	247	0.288551
WMB:CS20230722_SUBC_270	owl:NamedIndividual	MBA:757	54	0.063084
WMB:CS20230722_SUBC_271	owl:NamedIndividual	MBA:604	146	0.248299
WMB:CS20230722_SUBC_271	owl:NamedIndividual	MBA:771	58	0.098639
WMB:CS20230722_SUBC_271	owl:NamedIndividual	MBA:898	109	0.185374
WMB:CS20230722_SUBC_271	owl:NamedIndividual	MBA:1093	39	0.066327
WMB:CS20230722_SUBC_271	owl:NamedIndividual	MBA:146	54	0.091837
WMB:CS20230722_SUBC_271	owl:NamedIndividual	MBA:238	40	0.068027
WMB:CS20230722_SUBC_271	owl:NamedIndividual	MBA:574	44	0.074830
WMB:CS20230722_SUBC_272	owl:NamedIndividual	MBA:679	90	0.109091
WMB:CS20230722_SUBC_272	owl:NamedIndividual	MBA:162	90	0.109091
WMB:CS20230722_SUBC_272	owl:NamedIndividual	MBA:128	44	0.053333
WMB:CS20230722_SUBC_272	owl:NamedIndividual	MBA:771	110	0.133333
WMB:CS20230722_SUBC_272	owl:NamedIndividual	MBA:795	56	0.067879
WMB:CS20230722_SUBC_272	owl:NamedIndividual	MBA:898	137	0.166061
WMB:CS20230722_SUBC_272	owl:NamedIndividual	MBA:146	126	0.152727
WMB:CS20230722_SUBC_273	owl:NamedIndividual	MBA:679	94	0.115764
WMB:CS20230722_SUBC_273	owl:NamedIndividual	MBA:898	358	0.440887
WMB:CS20230722_SUBC_273	owl:NamedIndividual	MBA:599626927	163	0.200739
WMB:CS20230722_SUBC_274	owl:NamedIndividual	MBA:898	49	0.960784
WMB:CS20230722_SUBC_275	owl:NamedIndividual	MBA:898	145	0.953947
WMB:CS20230722_SUBC_276	owl:NamedIndividual	MBA:162	78	0.210811
WMB:CS20230722_SUBC_276	owl:NamedIndividual	MBA:771	20	0.054054
WMB:CS20230722_SUBC_276	owl:NamedIndividual	MBA:795	55	0.148649
WMB:CS20230722_SUBC_276	owl:NamedIndividual	MBA:898	124	0.335135
WMB:CS20230722_SUBC_277	owl:NamedIndividual	MBA:679	220	0.109127
WMB:CS20230722_SUBC_277	owl:NamedIndividual	MBA:880	400	0.198413
WMB:CS20230722_SUBC_277	owl:NamedIndividual	MBA:607344838	194	0.096230
WMB:CS20230722_SUBC_277	owl:NamedIndividual	MBA:607344834	119	0.059028
WMB:CS20230722_SUBC_277	owl:NamedIndividual	MBA:313	105	0.052083
WMB:CS20230722_SUBC_277	owl:NamedIndividual	MBA:898	271	0.134425
WMB:CS20230722_SUBC_278	owl:NamedIndividual	MBA:612	753	0.199841
WMB:CS20230722_SUBC_278	owl:NamedIndividual	MBA:642	295	0.078291
WMB:CS20230722_SUBC_278	owl:NamedIndividual	MBA:771	529	0.140393
WMB:CS20230722_SUBC_278	owl:NamedIndividual	MBA:114	237	0.062898
WMB:CS20230722_SUBC_278	owl:NamedIndividual	MBA:78	229	0.060775
WMB:CS20230722_SUBC_279	owl:NamedIndividual	MBA:771	18	0.075000
WMB:CS20230722_SUBC_279	owl:NamedIndividual	MBA:7	160	0.666667
WMB:CS20230722_SUBC_279	owl:NamedIndividual	MBA:229	18	0.075000
WMB:CS20230722_SUBC_280	owl:NamedIndividual	MBA:616	17	0.069672
WMB:CS20230722_SUBC_280	owl:NamedIndividual	MBA:612	75	0.307377
WMB:CS20230722_SUBC_280	owl:NamedIndividual	MBA:771	15	0.061475
WMB:CS20230722_SUBC_280	owl:NamedIndividual	MBA:658	77	0.315574
WMB:CS20230722_SUBC_281	owl:NamedIndividual	MBA:612	31	0.051495
WMB:CS20230722_SUBC_281	owl:NamedIndividual	MBA:771	166	0.275748
WMB:CS20230722_SUBC_281	owl:NamedIndividual	MBA:122	232	0.385382
WMB:CS20230722_SUBC_281	owl:NamedIndividual	MBA:841	43	0.071429
WMB:CS20230722_SUBC_282	owl:NamedIndividual	MBA:1048	147	0.126289
WMB:CS20230722_SUBC_282	owl:NamedIndividual	MBA:136	82	0.070447
WMB:CS20230722_SUBC_282	owl:NamedIndividual	MBA:202	114	0.097938
WMB:CS20230722_SUBC_282	owl:NamedIndividual	MBA:771	72	0.061856
WMB:CS20230722_SUBC_282	owl:NamedIndividual	MBA:852	83	0.071306
WMB:CS20230722_SUBC_283	owl:NamedIndividual	MBA:1048	131	0.081468
WMB:CS20230722_SUBC_283	owl:NamedIndividual	MBA:202	293	0.182214
WMB:CS20230722_SUBC_283	owl:NamedIndividual	MBA:354	92	0.057214
WMB:CS20230722_SUBC_283	owl:NamedIndividual	MBA:771	81	0.050373
WMB:CS20230722_SUBC_283	owl:NamedIndividual	MBA:970	108	0.067164
WMB:CS20230722_SUBC_283	owl:NamedIndividual	MBA:169	365	0.226990
WMB:CS20230722_SUBC_283	owl:NamedIndividual	MBA:145	181	0.112562
WMB:CS20230722_SUBC_283	owl:NamedIndividual	MBA:108	103	0.064055
WMB:CS20230722_SUBC_284	owl:NamedIndividual	MBA:852	14	0.560000
WMB:CS20230722_SUBC_284	owl:NamedIndividual	MBA:978	8	0.320000
WMB:CS20230722_SUBC_285	owl:NamedIndividual	MBA:1048	857	0.079810
WMB:CS20230722_SUBC_285	owl:NamedIndividual	MBA:136	826	0.076923
WMB:CS20230722_SUBC_285	owl:NamedIndividual	MBA:771	695	0.064723
WMB:CS20230722_SUBC_285	owl:NamedIndividual	MBA:852	771	0.071801
WMB:CS20230722_SUBC_285	owl:NamedIndividual	MBA:1093	995	0.092662
WMB:CS20230722_SUBC_285	owl:NamedIndividual	MBA:146	789	0.073477
WMB:CS20230722_SUBC_286	owl:NamedIndividual	MBA:1048	49	0.128947
WMB:CS20230722_SUBC_286	owl:NamedIndividual	MBA:136	26	0.068421
WMB:CS20230722_SUBC_286	owl:NamedIndividual	MBA:202	22	0.057895
WMB:CS20230722_SUBC_286	owl:NamedIndividual	MBA:354	47	0.123684
WMB:CS20230722_SUBC_286	owl:NamedIndividual	MBA:970	27	0.071053
WMB:CS20230722_SUBC_286	owl:NamedIndividual	MBA:978	51	0.134211
WMB:CS20230722_SUBC_286	owl:NamedIndividual	MBA:661	71	0.186842
WMB:CS20230722_SUBC_287	owl:NamedIndividual	MBA:202	237	0.244582
WMB:CS20230722_SUBC_287	owl:NamedIndividual	MBA:225	242	0.249742
WMB:CS20230722_SUBC_287	owl:NamedIndividual	MBA:145	62	0.063983
WMB:CS20230722_SUBC_288	owl:NamedIndividual	MBA:1048	23	0.115000
WMB:CS20230722_SUBC_288	owl:NamedIndividual	MBA:136	27	0.135000
WMB:CS20230722_SUBC_288	owl:NamedIndividual	MBA:354	16	0.080000
WMB:CS20230722_SUBC_288	owl:NamedIndividual	MBA:177	21	0.105000
WMB:CS20230722_SUBC_288	owl:NamedIndividual	MBA:651	10	0.050000
WMB:CS20230722_SUBC_288	owl:NamedIndividual	MBA:773	31	0.155000
WMB:CS20230722_SUBC_289	owl:NamedIndividual	MBA:177	1	0.083333
WMB:CS20230722_SUBC_289	owl:NamedIndividual	MBA:651	1	0.083333
WMB:CS20230722_SUBC_289	owl:NamedIndividual	MBA:771	2	0.166667
WMB:CS20230722_SUBC_289	owl:NamedIndividual	MBA:852	4	0.333333
WMB:CS20230722_SUBC_289	owl:NamedIndividual	MBA:1093	1	0.083333
WMB:CS20230722_SUBC_289	owl:NamedIndividual	MBA:437	3	0.250000
WMB:CS20230722_SUBC_290	owl:NamedIndividual	MBA:136	22	0.053140
WMB:CS20230722_SUBC_290	owl:NamedIndividual	MBA:354	32	0.077295
WMB:CS20230722_SUBC_290	owl:NamedIndividual	MBA:771	38	0.091787
WMB:CS20230722_SUBC_290	owl:NamedIndividual	MBA:852	66	0.159420
WMB:CS20230722_SUBC_290	owl:NamedIndividual	MBA:978	48	0.115942
WMB:CS20230722_SUBC_290	owl:NamedIndividual	MBA:661	62	0.149758
WMB:CS20230722_SUBC_291	owl:NamedIndividual	MBA:354	9	0.101124
WMB:CS20230722_SUBC_291	owl:NamedIndividual	MBA:852	16	0.179775
WMB:CS20230722_SUBC_291	owl:NamedIndividual	MBA:437	20	0.224719
WMB:CS20230722_SUBC_292	owl:NamedIndividual	MBA:202	432	0.637168
WMB:CS20230722_SUBC_292	owl:NamedIndividual	MBA:145	169	0.249263
WMB:CS20230722_SUBC_292	owl:NamedIndividual	MBA:108	53	0.078171
WMB:CS20230722_SUBC_293	owl:NamedIndividual	MBA:711	278	0.245800
WMB:CS20230722_SUBC_293	owl:NamedIndividual	MBA:202	244	0.215738
WMB:CS20230722_SUBC_293	owl:NamedIndividual	MBA:968	60	0.053050
WMB:CS20230722_SUBC_293	owl:NamedIndividual	MBA:225	167	0.147657
WMB:CS20230722_SUBC_293	owl:NamedIndividual	MBA:145	82	0.072502
WMB:CS20230722_SUBC_294	owl:NamedIndividual	MBA:512	31	0.077694
WMB:CS20230722_SUBC_294	owl:NamedIndividual	MBA:202	205	0.513784
WMB:CS20230722_SUBC_294	owl:NamedIndividual	MBA:217	33	0.082707
WMB:CS20230722_SUBC_294	owl:NamedIndividual	MBA:145	39	0.097744
WMB:CS20230722_SUBC_294	owl:NamedIndividual	MBA:589508455	37	0.092732
WMB:CS20230722_SUBC_295	owl:NamedIndividual	MBA:512	48	0.066946
WMB:CS20230722_SUBC_295	owl:NamedIndividual	MBA:846	143	0.199442
WMB:CS20230722_SUBC_295	owl:NamedIndividual	MBA:91	238	0.331939
WMB:CS20230722_SUBC_295	owl:NamedIndividual	MBA:728	177	0.246862
WMB:CS20230722_SUBC_296	owl:NamedIndividual	MBA:307	23	0.058081
WMB:CS20230722_SUBC_296	owl:NamedIndividual	MBA:354	135	0.340909
WMB:CS20230722_SUBC_296	owl:NamedIndividual	MBA:1069	32	0.080808
WMB:CS20230722_SUBC_296	owl:NamedIndividual	MBA:230	46	0.116162
WMB:CS20230722_SUBC_296	owl:NamedIndividual	MBA:190	38	0.095960
WMB:CS20230722_SUBC_297	owl:NamedIndividual	MBA:1033	4	0.129032
WMB:CS20230722_SUBC_297	owl:NamedIndividual	MBA:354	7	0.225806
WMB:CS20230722_SUBC_297	owl:NamedIndividual	MBA:589508451	2	0.064516
WMB:CS20230722_SUBC_297	owl:NamedIndividual	MBA:437	4	0.129032
WMB:CS20230722_SUBC_297	owl:NamedIndividual	MBA:445	2	0.064516
WMB:CS20230722_SUBC_297	owl:NamedIndividual	MBA:1123	2	0.064516
WMB:CS20230722_SUBC_297	owl:NamedIndividual	MBA:229	6	0.193548
WMB:CS20230722_SUBC_298	owl:NamedIndividual	MBA:202	115	0.527523
WMB:CS20230722_SUBC_298	owl:NamedIndividual	MBA:169	24	0.110092
WMB:CS20230722_SUBC_298	owl:NamedIndividual	MBA:145	42	0.192661
WMB:CS20230722_SUBC_298	owl:NamedIndividual	MBA:108	27	0.123853
WMB:CS20230722_SUBC_299	owl:NamedIndividual	MBA:1048	47	0.149206
WMB:CS20230722_SUBC_299	owl:NamedIndividual	MBA:307	63	0.200000
WMB:CS20230722_SUBC_299	owl:NamedIndividual	MBA:354	38	0.120635
WMB:CS20230722_SUBC_299	owl:NamedIndividual	MBA:771	19	0.060317
WMB:CS20230722_SUBC_299	owl:NamedIndividual	MBA:1093	25	0.079365
WMB:CS20230722_SUBC_299	owl:NamedIndividual	MBA:206	49	0.155556
WMB:CS20230722_SUBC_300	owl:NamedIndividual	MBA:202	82	0.053770
WMB:CS20230722_SUBC_300	owl:NamedIndividual	MBA:354	128	0.083934
WMB:CS20230722_SUBC_300	owl:NamedIndividual	MBA:651	481	0.315410
WMB:CS20230722_SUBC_300	owl:NamedIndividual	MBA:852	264	0.173115
WMB:CS20230722_SUBC_300	owl:NamedIndividual	MBA:437	230	0.150820
WMB:CS20230722_SUBC_300	owl:NamedIndividual	MBA:445	103	0.067541
WMB:CS20230722_SUBC_301	owl:NamedIndividual	MBA:123	5	0.089286
WMB:CS20230722_SUBC_301	owl:NamedIndividual	MBA:202	4	0.071429
WMB:CS20230722_SUBC_301	owl:NamedIndividual	MBA:354	3	0.053571
WMB:CS20230722_SUBC_301	owl:NamedIndividual	MBA:771	13	0.232143
WMB:CS20230722_SUBC_301	owl:NamedIndividual	MBA:549009215	3	0.053571
WMB:CS20230722_SUBC_301	owl:NamedIndividual	MBA:852	8	0.142857
WMB:CS20230722_SUBC_301	owl:NamedIndividual	MBA:534	9	0.160714
WMB:CS20230722_SUBC_301	owl:NamedIndividual	MBA:621	3	0.053571
WMB:CS20230722_SUBC_302	owl:NamedIndividual	MBA:202	35	0.277778
WMB:CS20230722_SUBC_302	owl:NamedIndividual	MBA:771	37	0.293651
WMB:CS20230722_SUBC_302	owl:NamedIndividual	MBA:852	27	0.214286
WMB:CS20230722_SUBC_302	owl:NamedIndividual	MBA:867	16	0.126984
WMB:CS20230722_SUBC_303	owl:NamedIndividual	MBA:136	105	0.293296
WMB:CS20230722_SUBC_303	owl:NamedIndividual	MBA:354	28	0.078212
WMB:CS20230722_SUBC_303	owl:NamedIndividual	MBA:651	36	0.100559
WMB:CS20230722_SUBC_303	owl:NamedIndividual	MBA:852	95	0.265363
WMB:CS20230722_SUBC_303	owl:NamedIndividual	MBA:978	32	0.089385
WMB:CS20230722_SUBC_303	owl:NamedIndividual	MBA:437	19	0.053073
WMB:CS20230722_SUBC_304	owl:NamedIndividual	MBA:354	122	0.068271
WMB:CS20230722_SUBC_304	owl:NamedIndividual	MBA:651	471	0.263570
WMB:CS20230722_SUBC_304	owl:NamedIndividual	MBA:852	199	0.111360
WMB:CS20230722_SUBC_304	owl:NamedIndividual	MBA:225	146	0.081701
WMB:CS20230722_SUBC_304	owl:NamedIndividual	MBA:445	90	0.050364
WMB:CS20230722_SUBC_304	owl:NamedIndividual	MBA:957	101	0.056519
WMB:CS20230722_SUBC_305	owl:NamedIndividual	MBA:1033	62	0.063265
WMB:CS20230722_SUBC_305	owl:NamedIndividual	MBA:354	126	0.128571
WMB:CS20230722_SUBC_305	owl:NamedIndividual	MBA:437	473	0.482653
WMB:CS20230722_SUBC_305	owl:NamedIndividual	MBA:229	56	0.057143
WMB:CS20230722_SUBC_306	owl:NamedIndividual	MBA:354	279	0.099182
WMB:CS20230722_SUBC_306	owl:NamedIndividual	MBA:589508451	174	0.061856
WMB:CS20230722_SUBC_306	owl:NamedIndividual	MBA:437	1260	0.447920
WMB:CS20230722_SUBC_306	owl:NamedIndividual	MBA:229	275	0.097760
WMB:CS20230722_SUBC_307	owl:NamedIndividual	MBA:313	1	0.050000
WMB:CS20230722_SUBC_307	owl:NamedIndividual	MBA:354	4	0.200000
WMB:CS20230722_SUBC_307	owl:NamedIndividual	MBA:612	1	0.050000
WMB:CS20230722_SUBC_307	owl:NamedIndividual	MBA:651	1	0.050000
WMB:CS20230722_SUBC_307	owl:NamedIndividual	MBA:206	1	0.050000
WMB:CS20230722_SUBC_307	owl:NamedIndividual	MBA:230	5	0.250000
WMB:CS20230722_SUBC_307	owl:NamedIndividual	MBA:145	3	0.150000
WMB:CS20230722_SUBC_307	owl:NamedIndividual	MBA:658	1	0.050000
WMB:CS20230722_SUBC_307	owl:NamedIndividual	MBA:190	1	0.050000
WMB:CS20230722_SUBC_307	owl:NamedIndividual	MBA:1043	1	0.050000
WMB:CS20230722_SUBC_308	owl:NamedIndividual	MBA:96	627	0.241154
WMB:CS20230722_SUBC_308	owl:NamedIndividual	MBA:1049	158	0.060769
WMB:CS20230722_SUBC_308	owl:NamedIndividual	MBA:1041	200	0.076923
WMB:CS20230722_SUBC_308	owl:NamedIndividual	MBA:153	172	0.066154
WMB:CS20230722_SUBC_308	owl:NamedIndividual	MBA:101	166	0.063846
WMB:CS20230722_SUBC_308	owl:NamedIndividual	MBA:728	234	0.090000
WMB:CS20230722_SUBC_310	owl:NamedIndividual	MBA:1056	124	0.083333
WMB:CS20230722_SUBC_310	owl:NamedIndividual	MBA:984	118	0.079301
WMB:CS20230722_SUBC_310	owl:NamedIndividual	MBA:1041	115	0.077285
WMB:CS20230722_SUBC_310	owl:NamedIndividual	MBA:1007	198	0.133065
WMB:CS20230722_SUBC_310	owl:NamedIndividual	MBA:728	90	0.060484
WMB:CS20230722_SUBC_312	owl:NamedIndividual	MBA:1056	2248	0.128788
WMB:CS20230722_SUBC_312	owl:NamedIndividual	MBA:1064	1241	0.071097
WMB:CS20230722_SUBC_312	owl:NamedIndividual	MBA:984	1213	0.069493
WMB:CS20230722_SUBC_312	owl:NamedIndividual	MBA:936	1000	0.057290
WMB:CS20230722_SUBC_312	owl:NamedIndividual	MBA:1041	1071	0.061358
WMB:CS20230722_SUBC_312	owl:NamedIndividual	MBA:1025	1128	0.064623
WMB:CS20230722_SUBC_312	owl:NamedIndividual	MBA:1007	2114	0.121111
WMB:CS20230722_SUBC_313	owl:NamedIndividual	MBA:1056	1942	0.107709
WMB:CS20230722_SUBC_313	owl:NamedIndividual	MBA:1064	1595	0.088464
WMB:CS20230722_SUBC_313	owl:NamedIndividual	MBA:984	1410	0.078203
WMB:CS20230722_SUBC_313	owl:NamedIndividual	MBA:1041	1092	0.060566
WMB:CS20230722_SUBC_313	owl:NamedIndividual	MBA:1007	2828	0.156850
WMB:CS20230722_SUBC_314	owl:NamedIndividual	MBA:1056	17356	0.094312
WMB:CS20230722_SUBC_314	owl:NamedIndividual	MBA:976	10611	0.057660
WMB:CS20230722_SUBC_314	owl:NamedIndividual	MBA:984	17603	0.095654
WMB:CS20230722_SUBC_314	owl:NamedIndividual	MBA:1041	16345	0.088818
WMB:CS20230722_SUBC_314	owl:NamedIndividual	MBA:1007	26608	0.144587
WMB:CS20230722_SUBC_314	owl:NamedIndividual	MBA:728	10354	0.056263
WMB:CS20230722_SUBC_315	owl:NamedIndividual	MBA:96	570	0.322034
WMB:CS20230722_SUBC_315	owl:NamedIndividual	MBA:846	94	0.053107
WMB:CS20230722_SUBC_315	owl:NamedIndividual	MBA:968	131	0.074011
WMB:CS20230722_SUBC_315	owl:NamedIndividual	MBA:101	95	0.053672
WMB:CS20230722_SUBC_315	owl:NamedIndividual	MBA:728	147	0.083051
WMB:CS20230722_SUBC_316	owl:NamedIndividual	MBA:1056	2687	0.090737
WMB:CS20230722_SUBC_316	owl:NamedIndividual	MBA:1064	2780	0.093878
WMB:CS20230722_SUBC_316	owl:NamedIndividual	MBA:976	1602	0.054098
WMB:CS20230722_SUBC_316	owl:NamedIndividual	MBA:984	1873	0.063249
WMB:CS20230722_SUBC_316	owl:NamedIndividual	MBA:1041	2468	0.083342
WMB:CS20230722_SUBC_316	owl:NamedIndividual	MBA:1025	1704	0.057542
WMB:CS20230722_SUBC_316	owl:NamedIndividual	MBA:1007	3870	0.130686
WMB:CS20230722_SUBC_317	owl:NamedIndividual	MBA:1056	305	0.089944
WMB:CS20230722_SUBC_317	owl:NamedIndividual	MBA:1064	234	0.069006
WMB:CS20230722_SUBC_317	owl:NamedIndividual	MBA:984	216	0.063698
WMB:CS20230722_SUBC_317	owl:NamedIndividual	MBA:1041	289	0.085226
WMB:CS20230722_SUBC_317	owl:NamedIndividual	MBA:1007	339	0.099971
WMB:CS20230722_SUBC_317	owl:NamedIndividual	MBA:728	468	0.138012
WMB:CS20230722_SUBC_318	owl:NamedIndividual	MBA:512	13298	0.069021
WMB:CS20230722_SUBC_318	owl:NamedIndividual	MBA:1097	20269	0.105203
WMB:CS20230722_SUBC_318	owl:NamedIndividual	MBA:313	45353	0.235397
WMB:CS20230722_SUBC_318	owl:NamedIndividual	MBA:354	25161	0.130594
WMB:CS20230722_SUBC_318	owl:NamedIndividual	MBA:771	21780	0.113045
WMB:CS20230722_SUBC_318	owl:NamedIndividual	MBA:803	10386	0.053907
WMB:CS20230722_SUBC_318	owl:NamedIndividual	MBA:549	16654	0.086440
WMB:CS20230722_SUBC_321	owl:NamedIndividual	MBA:266	268	0.050912
WMB:CS20230722_SUBC_321	owl:NamedIndividual	MBA:483	418	0.079407
WMB:CS20230722_SUBC_321	owl:NamedIndividual	MBA:129	690	0.131079
WMB:CS20230722_SUBC_322	owl:NamedIndividual	MBA:223	589	0.313465
WMB:CS20230722_SUBC_322	owl:NamedIndividual	MBA:10671	207	0.110165
WMB:CS20230722_SUBC_322	owl:NamedIndividual	MBA:118	241	0.128260
WMB:CS20230722_SUBC_322	owl:NamedIndividual	MBA:129	370	0.196913
WMB:CS20230722_SUBC_322	owl:NamedIndividual	MBA:108	195	0.103779
WMB:CS20230722_SUBC_324	owl:NamedIndividual	MBA:140	23	0.089494
WMB:CS20230722_SUBC_324	owl:NamedIndividual	MBA:795	22	0.085603
WMB:CS20230722_SUBC_324	owl:NamedIndividual	MBA:599626923	53	0.206226
WMB:CS20230722_SUBC_324	owl:NamedIndividual	MBA:129	152	0.591440
WMB:CS20230722_SUBC_325	owl:NamedIndividual	MBA:1041	1553	0.056814
WMB:CS20230722_SUBC_325	owl:NamedIndividual	MBA:153	1960	0.071703
WMB:CS20230722_SUBC_325	owl:NamedIndividual	MBA:81	4056	0.148381
WMB:CS20230722_SUBC_325	owl:NamedIndividual	MBA:728	1566	0.057289
WMB:CS20230722_SUBC_325	owl:NamedIndividual	MBA:108	8556	0.313005
WMB:CS20230722_SUBC_328	owl:NamedIndividual	MBA:507	1328	0.143459
WMB:CS20230722_SUBC_328	owl:NamedIndividual	MBA:698	1687	0.182240
WMB:CS20230722_SUBC_328	owl:NamedIndividual	MBA:1016	5103	0.551259
WMB:CS20230722_SUBC_331	owl:NamedIndividual	MBA:672	2833	0.061408
WMB:CS20230722_SUBC_333	owl:NamedIndividual	MBA:672	13880	0.052734
WMB:CS20230722_SUBC_334	owl:NamedIndividual	MBA:672	3080	0.063186
WMB:CS20230722_SUBC_335	owl:NamedIndividual	MBA:512	305	0.160780
WMB:CS20230722_SUBC_335	owl:NamedIndividual	MBA:1089	118	0.062203
WMB:CS20230722_SUBC_335	owl:NamedIndividual	MBA:315	280	0.147601
WMB:CS20230722_SUBC_335	owl:NamedIndividual	MBA:313	202	0.106484
WMB:CS20230722_SUBC_335	owl:NamedIndividual	MBA:354	117	0.061676
WMB:CS20230722_SUBC_335	owl:NamedIndividual	MBA:477	108	0.056932
WMB:CS20230722_SUBC_336	owl:NamedIndividual	MBA:771	2	0.062500