ID	TYPE	CLM_0010003
ID	TYPE	AI http://purl.obolibrary.org/obo/CLM_0010003
PCL:0110061	owl:NamedIndividual	ensembl:ENSMUSG00000027559
PCL:0110072	owl:NamedIndividual	ensembl:ENSMUSG00000070570
PCL:0110073	owl:NamedIndividual	ensembl:ENSMUSG00000073574
PCL:0110095	owl:NamedIndividual	ensembl:ENSMUSG00000032446
PCL:0110095	owl:NamedIndividual	ensembl:ENSMUSG00000067571
PCL:0110323	owl:NamedIndividual	ensembl:ENSMUSG00000027210
PCL:0110220	owl:NamedIndividual	ensembl:ENSMUSG00000027210
PCL:0110099	owl:NamedIndividual	ensembl:ENSMUSG00000027210
PCL:0110099	owl:NamedIndividual	ensembl:ENSMUSG00000042581
PCL:0110100	owl:NamedIndividual	ensembl:ENSMUSG00000019787
PCL:0110101	owl:NamedIndividual	ensembl:ENSMUSG00000036131
PCL:0110106	owl:NamedIndividual	ensembl:ENSMUSG00000019772
PCL:0110107	owl:NamedIndividual	ensembl:ENSMUSG00000023064
PCL:0110108	owl:NamedIndividual	ensembl:ENSMUSG00000049001
PCL:0110109	owl:NamedIndividual	ensembl:ENSMUSG00000027270
PCL:0110135	owl:NamedIndividual	ensembl:ENSMUSG00000026890
PCL:0110163	owl:NamedIndividual	ensembl:ENSMUSG00000026890
PCL:0110114	owl:NamedIndividual	ensembl:ENSMUSG00000026890
PCL:0110288	owl:NamedIndividual	ensembl:ENSMUSG00000005716
PCL:0110112	owl:NamedIndividual	ensembl:ENSMUSG00000005716
PCL:0110325	owl:NamedIndividual	ensembl:ENSMUSG00000004366
PCL:0110116	owl:NamedIndividual	ensembl:ENSMUSG00000004366
PCL:0110113	owl:NamedIndividual	ensembl:ENSMUSG00000004366
PCL:0110351	owl:NamedIndividual	ensembl:ENSMUSG00000010175
PCL:0110157	owl:NamedIndividual	ensembl:ENSMUSG00000010175
PCL:0110114	owl:NamedIndividual	ensembl:ENSMUSG00000010175
PCL:0110145	owl:NamedIndividual	ensembl:ENSMUSG00000096225
PCL:0110117	owl:NamedIndividual	ensembl:ENSMUSG00000096225
PCL:0110116	owl:NamedIndividual	ensembl:ENSMUSG00000022860
PCL:0110133	owl:NamedIndividual	ensembl:ENSMUSG00000051910
PCL:0110119	owl:NamedIndividual	ensembl:ENSMUSG00000051910
PCL:0110139	owl:NamedIndividual	ensembl:ENSMUSG00000063415
PCL:0110119	owl:NamedIndividual	ensembl:ENSMUSG00000063415
PCL:0110120	owl:NamedIndividual	ensembl:ENSMUSG00000001773
PCL:0110123	owl:NamedIndividual	ensembl:ENSMUSG00000022231
PCL:0110124	owl:NamedIndividual	ensembl:ENSMUSG00000047161
PCL:0110125	owl:NamedIndividual	ensembl:ENSMUSG00000030218
PCL:0110126	owl:NamedIndividual	ensembl:ENSMUSG00000079466
PCL:0110130	owl:NamedIndividual	ensembl:ENSMUSG00000079466
PCL:0110366	owl:NamedIndividual	ensembl:ENSMUSG00000024565
PCL:0110127	owl:NamedIndividual	ensembl:ENSMUSG00000024565
PCL:0110333	owl:NamedIndividual	ensembl:ENSMUSG00000027168
PCL:0110215	owl:NamedIndividual	ensembl:ENSMUSG00000027168
PCL:0110161	owl:NamedIndividual	ensembl:ENSMUSG00000027168
PCL:0110127	owl:NamedIndividual	ensembl:ENSMUSG00000027168
PCL:0110268	owl:NamedIndividual	ensembl:ENSMUSG00000021848
PCL:0110169	owl:NamedIndividual	ensembl:ENSMUSG00000021848
PCL:0110128	owl:NamedIndividual	ensembl:ENSMUSG00000021848
PCL:0110129	owl:NamedIndividual	ensembl:ENSMUSG00000001496
PCL:0110130	owl:NamedIndividual	ensembl:ENSMUSG00000031558
PCL:0110131	owl:NamedIndividual	ensembl:ENSMUSG00000026872
PCL:0110132	owl:NamedIndividual	ensembl:ENSMUSG00000036111
PCL:0110228	owl:NamedIndividual	ensembl:ENSMUSG00000068859
PCL:0110134	owl:NamedIndividual	ensembl:ENSMUSG00000068859
PCL:0110135	owl:NamedIndividual	ensembl:ENSMUSG00000019803
PCL:0110365	owl:NamedIndividual	ensembl:ENSMUSG00000008575
PCL:0110136	owl:NamedIndividual	ensembl:ENSMUSG00000008575
PCL:0110142	owl:NamedIndividual	ensembl:ENSMUSG00000057098
PCL:0110231	owl:NamedIndividual	ensembl:ENSMUSG00000028487
PCL:0110138	owl:NamedIndividual	ensembl:ENSMUSG00000028487
PCL:0110144	owl:NamedIndividual	ensembl:ENSMUSG00000038805
PCL:0110157	owl:NamedIndividual	ensembl:ENSMUSG00000038805
PCL:0110143	owl:NamedIndividual	ensembl:ENSMUSG00000027400
PCL:0110143	owl:NamedIndividual	ensembl:ENSMUSG00000022246
PCL:0110143	owl:NamedIndividual	ensembl:ENSMUSG00000049796
PCL:0110144	owl:NamedIndividual	ensembl:ENSMUSG00000023828
PCL:0110147	owl:NamedIndividual	ensembl:ENSMUSG00000038872
PCL:0110205	owl:NamedIndividual	ensembl:ENSMUSG00000025400
PCL:0110148	owl:NamedIndividual	ensembl:ENSMUSG00000025400
PCL:0110149	owl:NamedIndividual	ensembl:ENSMUSG00000045179
PCL:0110150	owl:NamedIndividual	ensembl:ENSMUSG00000053310
PCL:0110164	owl:NamedIndividual	ensembl:ENSMUSG00000021099
PCL:0110186	owl:NamedIndividual	ensembl:ENSMUSG00000018604
PCL:0110168	owl:NamedIndividual	ensembl:ENSMUSG00000018604
PCL:0110153	owl:NamedIndividual	ensembl:ENSMUSG00000023439
PCL:0110154	owl:NamedIndividual	ensembl:ENSMUSG00000033502
PCL:0110155	owl:NamedIndividual	ensembl:ENSMUSG00000040478
PCL:0110159	owl:NamedIndividual	ensembl:ENSMUSG00000038331
PCL:0110160	owl:NamedIndividual	ensembl:ENSMUSG00000045518
PCL:0110162	owl:NamedIndividual	ensembl:ENSMUSG00000053129
PCL:0110343	owl:NamedIndividual	ensembl:ENSMUSG00000021685
PCL:0110297	owl:NamedIndividual	ensembl:ENSMUSG00000021685
PCL:0110274	owl:NamedIndividual	ensembl:ENSMUSG00000021685
PCL:0110181	owl:NamedIndividual	ensembl:ENSMUSG00000021685
PCL:0110192	owl:NamedIndividual	ensembl:ENSMUSG00000021685
PCL:0110164	owl:NamedIndividual	ensembl:ENSMUSG00000021685
PCL:0110184	owl:NamedIndividual	ensembl:ENSMUSG00000050100
PCL:0110167	owl:NamedIndividual	ensembl:ENSMUSG00000050100
PCL:0110171	owl:NamedIndividual	ensembl:ENSMUSG00000042045
PCL:0110173	owl:NamedIndividual	ensembl:ENSMUSG00000045915
PCL:0110174	owl:NamedIndividual	ensembl:ENSMUSG00000034384
PCL:0110194	owl:NamedIndividual	ensembl:ENSMUSG00000054360
PCL:0110178	owl:NamedIndividual	ensembl:ENSMUSG00000029026
PCL:0110179	owl:NamedIndividual	ensembl:ENSMUSG00000022245
PCL:0110181	owl:NamedIndividual	ensembl:ENSMUSG00000061524
PCL:0110183	owl:NamedIndividual	ensembl:ENSMUSG00000054160
PCL:0110187	owl:NamedIndividual	ensembl:ENSMUSG00000049641
PCL:0110192	owl:NamedIndividual	ensembl:ENSMUSG00000029697
PCL:0110189	owl:NamedIndividual	ensembl:ENSMUSG00000026751
PCL:0110190	owl:NamedIndividual	ensembl:ENSMUSG00000035383
PCL:0110191	owl:NamedIndividual	ensembl:ENSMUSG00000005892
PCL:0110198	owl:NamedIndividual	ensembl:ENSMUSG00000028023
PCL:0110240	owl:NamedIndividual	ensembl:ENSMUSG00000028023
PCL:0110306	owl:NamedIndividual	ensembl:ENSMUSG00000059246
PCL:0110199	owl:NamedIndividual	ensembl:ENSMUSG00000059246
PCL:0110275	owl:NamedIndividual	ensembl:ENSMUSG00000035451
PCL:0110201	owl:NamedIndividual	ensembl:ENSMUSG00000035451
PCL:0110219	owl:NamedIndividual	ensembl:ENSMUSG00000035451
PCL:0110232	owl:NamedIndividual	ensembl:ENSMUSG00000048349
PCL:0110206	owl:NamedIndividual	ensembl:ENSMUSG00000048349
PCL:0110206	owl:NamedIndividual	ensembl:ENSMUSG00000096014
PCL:0110209	owl:NamedIndividual	ensembl:ENSMUSG00000028072
PCL:0110210	owl:NamedIndividual	ensembl:ENSMUSG00000052133
PCL:0110211	owl:NamedIndividual	ensembl:ENSMUSG00000021948
PCL:0110211	owl:NamedIndividual	ensembl:ENSMUSG00000020734
PCL:0110212	owl:NamedIndividual	ensembl:ENSMUSG00000030562
PCL:0110213	owl:NamedIndividual	ensembl:ENSMUSG00000019890
PCL:0110214	owl:NamedIndividual	ensembl:ENSMUSG00000045005
PCL:0110293	owl:NamedIndividual	ensembl:ENSMUSG00000029304
PCL:0110352	owl:NamedIndividual	ensembl:ENSMUSG00000035187
PCL:0110284	owl:NamedIndividual	ensembl:ENSMUSG00000035187
PCL:0110218	owl:NamedIndividual	ensembl:ENSMUSG00000035187
PCL:0110364	owl:NamedIndividual	ensembl:ENSMUSG00000038255
PCL:0110221	owl:NamedIndividual	ensembl:ENSMUSG00000024497
PCL:0110282	owl:NamedIndividual	ensembl:ENSMUSG00000001815
PCL:0110242	owl:NamedIndividual	ensembl:ENSMUSG00000001815
PCL:0110288	owl:NamedIndividual	ensembl:ENSMUSG00000000247
PCL:0110222	owl:NamedIndividual	ensembl:ENSMUSG00000000247
PCL:0110226	owl:NamedIndividual	ensembl:ENSMUSG00000001076
PCL:0110226	owl:NamedIndividual	ensembl:ENSMUSG00000090125
PCL:0110263	owl:NamedIndividual	ensembl:ENSMUSG00000024985
PCL:0110227	owl:NamedIndividual	ensembl:ENSMUSG00000024985
PCL:0110227	owl:NamedIndividual	ensembl:ENSMUSG00000001504
PCL:0110351	owl:NamedIndividual	ensembl:ENSMUSG00000032368
PCL:0110229	owl:NamedIndividual	ensembl:ENSMUSG00000032368
PCL:0110353	owl:NamedIndividual	ensembl:ENSMUSG00000022053
PCL:0110232	owl:NamedIndividual	ensembl:ENSMUSG00000022053
PCL:0110241	owl:NamedIndividual	ensembl:ENSMUSG00000042596
PCL:0110241	owl:NamedIndividual	ensembl:ENSMUSG00000055435
PCL:0110247	owl:NamedIndividual	ensembl:ENSMUSG00000053965
PCL:0110328	owl:NamedIndividual	ensembl:ENSMUSG00000058665
PCL:0110252	owl:NamedIndividual	ensembl:ENSMUSG00000058665
PCL:0110253	owl:NamedIndividual	ensembl:ENSMUSG00000026976
PCL:0110280	owl:NamedIndividual	ensembl:ENSMUSG00000014030
PCL:0110254	owl:NamedIndividual	ensembl:ENSMUSG00000014030
PCL:0110254	owl:NamedIndividual	ensembl:ENSMUSG00000012819
PCL:0110255	owl:NamedIndividual	ensembl:ENSMUSG00000001988
PCL:0110256	owl:NamedIndividual	ensembl:ENSMUSG00000061517
PCL:0110258	owl:NamedIndividual	ensembl:ENSMUSG00000039095
PCL:0110259	owl:NamedIndividual	ensembl:ENSMUSG00000037025
PCL:0110260	owl:NamedIndividual	ensembl:ENSMUSG00000043013
PCL:0110261	owl:NamedIndividual	ensembl:ENSMUSG00000027434
PCL:0110261	owl:NamedIndividual	ensembl:ENSMUSG00000005917
PCL:0110264	owl:NamedIndividual	ensembl:ENSMUSG00000091387
PCL:0110272	owl:NamedIndividual	ensembl:ENSMUSG00000027985
PCL:0110265	owl:NamedIndividual	ensembl:ENSMUSG00000043969
PCL:0110267	owl:NamedIndividual	ensembl:ENSMUSG00000028707
PCL:0110269	owl:NamedIndividual	ensembl:ENSMUSG00000028736
PCL:0110269	owl:NamedIndividual	ensembl:ENSMUSG00000028565
PCL:0110270	owl:NamedIndividual	ensembl:ENSMUSG00000027684
PCL:0110271	owl:NamedIndividual	ensembl:ENSMUSG00000064179
PCL:0110272	owl:NamedIndividual	ensembl:ENSMUSG00000021318
PCL:0110273	owl:NamedIndividual	ensembl:ENSMUSG00000023267
PCL:0110274	owl:NamedIndividual	ensembl:ENSMUSG00000025431
PCL:0110276	owl:NamedIndividual	ensembl:ENSMUSG00000006764
PCL:0110277	owl:NamedIndividual	ensembl:ENSMUSG00000026686
PCL:0110305	owl:NamedIndividual	ensembl:ENSMUSG00000040610
PCL:0110284	owl:NamedIndividual	ensembl:ENSMUSG00000021239
PCL:0110281	owl:NamedIndividual	ensembl:ENSMUSG00000026468
PCL:0110331	owl:NamedIndividual	ensembl:ENSMUSG00000026826
PCL:0110285	owl:NamedIndividual	ensembl:ENSMUSG00000026826
PCL:0110286	owl:NamedIndividual	ensembl:ENSMUSG00000025215
PCL:0110298	owl:NamedIndividual	ensembl:ENSMUSG00000012520
PCL:0110289	owl:NamedIndividual	ensembl:ENSMUSG00000012520
PCL:0110305	owl:NamedIndividual	ensembl:ENSMUSG00000010476
PCL:0110289	owl:NamedIndividual	ensembl:ENSMUSG00000010476
PCL:0110289	owl:NamedIndividual	ensembl:ENSMUSG00000038765
PCL:0110303	owl:NamedIndividual	ensembl:ENSMUSG00000038700
PCL:0110307	owl:NamedIndividual	ensembl:ENSMUSG00000025216
PCL:0110308	owl:NamedIndividual	ensembl:ENSMUSG00000036972
PCL:0110311	owl:NamedIndividual	ensembl:ENSMUSG00000000889
PCL:0110312	owl:NamedIndividual	ensembl:ENSMUSG00000031965
PCL:0110318	owl:NamedIndividual	ensembl:ENSMUSG00000029236
PCL:0110321	owl:NamedIndividual	ensembl:ENSMUSG00000030666
PCL:0110327	owl:NamedIndividual	ensembl:ENSMUSG00000026347
PCL:0110328	owl:NamedIndividual	ensembl:ENSMUSG00000074637
PCL:0110332	owl:NamedIndividual	ensembl:ENSMUSG00000015619
PCL:0110330	owl:NamedIndividual	ensembl:ENSMUSG00000001911
PCL:0110332	owl:NamedIndividual	ensembl:ENSMUSG00000018698
PCL:0110366	owl:NamedIndividual	ensembl:ENSMUSG00000018698
PCL:0110336	owl:NamedIndividual	ensembl:ENSMUSG00000033740
PCL:0110337	owl:NamedIndividual	ensembl:ENSMUSG00000004872
PCL:0110339	owl:NamedIndividual	ensembl:ENSMUSG00000004231
PCL:0110360	owl:NamedIndividual	ensembl:ENSMUSG00000034486
PCL:0110368	owl:NamedIndividual	ensembl:ENSMUSG00000074695
CL:4300348	owl:NamedIndividual	ensembl:ENSMUSG00000074695
CL:4300351	owl:NamedIndividual	ensembl:ENSMUSG00000036466
PCL:0110371	owl:NamedIndividual	ensembl:ENSMUSG00000036466